tree
version=v4
num_class=1
num_tree_per_iteration=1
label_index=0
max_feature_idx=38
objective=binary sigmoid:1
feature_names=events_long ignition_share_long coolant_mean_long coolant_max_long coolant_resid_long coolant_resid_short coolant_resid_slope_h rpm_resid_sd_long rpm_resid_sd_max_long rpm_resid_sd_short lv_rest_long lv_rest_short lv_min_long lv_mean_slope_h tyre_ratio_long tyre_ratio_min_long tyre_ratio_min_short tyre_ratio_slope_h cell_delta_long cell_delta_max_long cell_delta_short cell_delta_slope_h pack_temp_max_long soh_long dtc_events_long dtc_events_short dtc_cooling_failure_long dtc_ignition_misfire_long dtc_lv_battery_failure_long dtc_tyre_slow_leak_long dtc_hv_battery_thermal_long dtc_cooling_failure_short dtc_ignition_misfire_short dtc_lv_battery_failure_short dtc_tyre_slow_leak_short dtc_hv_battery_thermal_short dtc_other_long model_code powertrain
feature_infos=[1633:3586] [0:1] [31.280000000000001:109.00318189877335] [33.719999999999999:121.61] [-56.724800000000002:18.758078239243151] [-56.724800000000002:29.024481114422297] [-310.96030150930142:646.1541016949144] [0:202.12870367919982] [0:255.30575553749608] [0:210.97624169267425] [11.228217027217394:12.656916666666667] [11.216530612244901:12.68] [10.98:13.960000000000001] [-3.5955276602354913:4.3458105064797516] [0.64258089078293201:0.99705219135115297] [0.57946611909650925:0.99231870229007646] [0.58412176059234888:0.9934389502320371] [-0.38646362517777588:0.59917280100198855] [10.373077618942682:136.11367166334938] [20:169] [10.187720631209819:146.87465337803889] [-209.74961912912062:55.504700230910601] [28.199999999999999:52.200000000000003] [83.751902071563094:99.5] [0:3574] [0:600] [0:1505] [0:1589] [0:3574] [0:3269] [0:3533] [0:595] [0:317] [0:600] [0:599] [0:600] [0:9] -1:0:4:1:6:3:7:5:8:2 -1:0:2:1
tree_sizes=3320 3415 3432 3439 3438 3440 3441 3432 3401 3454 3443 3449 3443 3467 3440 3442 3450 3445 3438 3429 3455 3438 3456 3429 3430 3438 3441 3440 3437 3431 3453 3428 3484 3426 3452 3454 3438 3471 3461 3465 3434 3451 3439 3447 3447 3441 3433 3435 3434 3429 3443 3476 3462 3477 3462 3475 3448 3472 3481 3466 3465 3465 3453 3451 3475 3437 3466 3438 3449 3466 3412 3436 3456 3477 3466 3477 3486 3456 3467 3450 3473 3464 3505 3448 3461 3450 3470 3445 3461 3486 3490 3446 3455 3472

Tree=0
num_leaves=31
num_cat=0
split_feature=25 12 3 12 16 21 11 23 23 14 2 16 7 1 2 36 14 8 12 8 11 0 16 1 10 13 12 0 3 1
split_gain=4807.83 792.539 532.807 264.569 255.814 229.452 176.779 53.4301 46.0668 28.7336 72.824 24.5691 19.9104 27.1982 21.3123 25.0848 21.7541 27.81 20.7606 17.8128 16.0929 14.9231 14.9035 13.3295 13.199 52.7775 85.7052 26.3155 22.6071 16.3194
threshold=3.5000000000000004 12.315000000000003 92.790000000000006 11.155000000000003 0.910999767058708 15.340489220419911 12.252933684817197 98.850000000000065 99.049999999999926 0.99296808310479767 85.003802499382246 0.92583425009167597 39.938588968301211 0.9986015941552856 69.994989210523542 1.5000000000000002 0.98117528196116133 53.033041424830067 13.915000000000001 43.994952895525067 12.599385982034784 3561.5000000000005 0.97995915074854678 0.22222197729232149 12.595609180378496 -0.055069617709619018 12.465000000000002 3556.5000000000005 91.450000000000017 0.58055004220968776
decision_type=2 2 10 2 8 10 10 8 8 2 10 10 10 2 10 2 2 10 2 8 8 2 10 2 10 2 2 2 10 2
left_child=1 3 4 -1 -3 7 -5 11 -9 12 -11 -6 19 14 15 20 -16 21 -15 22 -14 -18 -10 -8 25 26 -21 28 -27 -26
right_child=-2 2 -4 6 5 -7 23 8 9 10 -12 -13 13 18 16 -17 17 -19 -20 24 -22 -23 -24 -25 29 27 -28 -29 -30 -31
leaf_value=-1.6968126808095145 -1.374526256582288 -1.478634339843826 -1.4269261255388235 -1.4172921359529602 -1.6588834697039303 -1.4531109483688414 -1.6818410343892616 -1.5850006019539495 -1.6747346021213259 -1.5311957055760514 -1.7097108399078547 -1.7266912675720765 -1.6808107401190773 -1.5794391289809502 -1.7258756435167002 -1.710015448263837 -1.6740360260389968 -1.6118348927176278 -1.6832023560383063 -1.6966605453166028 -1.5801023335364024 -1.7177529000841072 -1.7362489681826678 -1.5877998691523438 -1.7094320463891375 -1.6104912158677276 -1.5004886296944524 -1.7227743164589275 -1.7090949130040545 -1.7247932214655854
leaf_weight=18.382610678672791 118.49510192871094 10.844417810440062 15.73763072490692 35.310482382774353 13.09265077114105 7.5381928682327262 6.7446988821029645 6.7446988821029654 51.841607093811035 7.1414458751678493 18.382610678672791 594.59149360656738 6.6124498844146737 7.4059438705444363 81.46538257598877 13.753895759582518 32.665502429008484 9.1251808404922468 11.241164803504942 17.192369699478153 8.9929318428039551 46.419398188591003 11.108915805816649 7.5381928682327271 372.94217348098755 9.7864258289337176 7.1414458751678458 111.0891580581665 11.770160794258116 338.95418107509613
leaf_count=139 896 82 119 267 99 57 51 51 392 54 139 4496 50 56 616 104 247 69 85 130 68 351 84 57 2820 74 54 840 89 2563
internal_value=-1.68212 -1.70154 -1.70782 -1.53514 -1.7104 -1.71191 -1.47611 -1.71313 -1.7069 -1.70768 -1.65597 -1.7252 -1.70885 -1.69515 -1.70061 -1.66179 -1.7074 -1.69004 -1.63888 -1.71203 -1.62014 -1.69982 -1.68627 -1.6293 -1.71389 -1.70058 -1.6342 -1.71302 -1.66315 -1.7168
internal_weight=2010.05 1891.56 1823.58 67.976 1807.84 1797 49.5934 1789.46 1181.78 1175.03 25.5241 607.684 1149.51 217.682 199.035 29.3593 169.675 88.2101 18.6471 931.826 15.6054 79.0849 62.9505 14.2829 868.876 156.98 24.3338 132.646 21.5566 711.896
internal_count=15199 14303 13789 514 13670 13588 375 13531 8936 8885 193 4595 8692 1646 1505 222 1283 667 141 7046 118 598 476 108 6570 1187 184 1003 163 5383
is_linear=0
shrinkage=1


Tree=1
num_leaves=31
num_cat=0
split_feature=25 12 16 21 12 4 12 23 15 14 14 12 23 9 16 1 13 0 12 8 8 9 8 8 0 14 8 0 14 14
split_gain=3602.76 642.612 252.241 200.41 154.347 114.478 103.113 61.5122 61.3721 79.8288 34.878 77.6278 32.2172 24.0934 20.1291 14.8807 105.669 24.9023 18.7376 17.2172 18.6731 25.1234 13.0841 53.5523 41.6099 23.4013 22.429 12.0119 15.9507 19.1483
threshold=3.5000000000000004 12.315000000000003 0.910999767058708 15.340489220419911 11.155000000000003 0.084273169471507467 12.105000000000002 98.850000000000065 0.97353941773043673 0.97862994651894419 0.99296808310479767 12.445000000000002 99.049999999999926 44.236348203007154 0.92583425009167597 0.9986015941552856 -0.015714944106426636 3556.5000000000005 13.925000000000002 46.662657771325406 46.593167661772391 38.955063562537525 48.879481802265822 49.453059724233867 3558.5000000000005 0.98411442816888528 49.106066424316928 3567.5000000000005 0.97785419576699484 0.99024017685144894
decision_type=2 2 8 10 2 10 2 8 2 2 2 2 8 10 10 2 2 2 2 8 10 10 8 8 2 2 10 2 2 2
left_child=1 4 -3 5 -1 7 -6 14 9 -8 12 -12 -9 15 -4 19 -17 18 -18 20 27 -22 -21 24 -24 -26 -27 28 -14 -30
right_child=-2 2 3 -5 6 -7 8 10 -10 -11 11 -13 13 -15 -16 16 17 -19 -20 22 21 -23 23 -25 25 26 -28 -29 29 -31
leaf_value=-0.006797291081544087 0.23906813975053393 0.18373367236767635 0.019002264256757207 0.1939488562097347 0.24176224732062238 0.13058197601638838 0.13096727275496109 0.075163887940958213 0.21480621547441459 -0.054792464103628202 0.12655219699807571 -0.040179329687404286 -0.030776475169757428 0.053753060277272918 -0.043874373519220598 0.15621815163903555 0.068720192671815783 -0.034856143911623005 -0.026628276306190801 -0.039144240440069783 -0.027141442011402752 0.10079802017240946 0.09539177331353349 -0.034536768862555738 -0.030477759278486366 -0.016739755142809027 0.099848894626228868 -0.037745164465591126 -0.0011104509189044235 -0.055727416369894645
leaf_weight=16.361696645617485 144.21149328351021 13.323027908802031 12.493629992008207 9.2162516713142377 24.876942560076714 10.297930970788 12.350591927766805 7.19907622039318 7.3599006235599509 9.4367333203554136 11.367894589900972 15.229906409978865 110.47691844403744 8.8150557875633222 575.52067938446999 8.0517486780881864 10.766886055469515 77.861437499523163 8.4227113276720029 331.38557647168636 7.123815715312956 6.556254118680954 12.622770950198172 249.99814113974571 29.002225279808044 7.4955107718706113 7.5498559921979904 81.454969465732574 160.327776953578 16.838232785463333
leaf_count=125 895 88 93 60 159 72 85 51 48 66 81 116 848 67 4489 57 80 600 63 2560 55 50 95 1925 223 58 58 627 1230 130
internal_value=-0.000799103 -0.0195174 -0.0253732 -0.0270443 0.127623 -0.0283061 0.167717 -0.0293113 0.098596 0.0516356 -0.0226399 0.0330852 -0.0239656 -0.0246601 -0.0425084 -0.0253212 -0.00732352 -0.0223465 0.0276237 -0.0271652 -0.0186962 0.0368638 -0.0322086 -0.0246112 0.0190146 -0.00450456 0.0443418 -0.0208495 -0.0159508 -0.00658501
internal_weight=2004 1859.78 1789.4 1776.08 70.3859 1766.86 54.0242 1756.56 29.1472 21.7873 1168.55 26.5978 1141.95 1134.75 588.014 1125.93 105.103 97.051 19.1896 1020.83 382.778 13.6801 638.054 306.669 56.6704 44.0476 15.0454 369.098 287.643 177.166
internal_count=15154 14259 13776 13688 483 13628 358 13556 199 151 8974 197 8777 8726 4582 8659 800 743 143 7859 2940 105 4919 2359 434 339 116 2835 2208 1360
is_linear=0
shrinkage=0.05


Tree=2
num_leaves=31
num_cat=0
split_feature=25 12 3 16 21 12 11 18 24 7 15 12 15 3 0 10 15 3 14 12 1 14 15 7 10 15 3 36 14 9
split_gain=2879.14 554.345 409.869 212.375 206.162 140.433 77.1149 51.2423 33.2853 34.0412 20.9167 19.9512 16.445 28.8899 22.4653 17.9583 17.7202 46.313 23.685 35.5619 64.0255 23.0852 21.2169 42.0291 41.7756 34.3978 20.7069 17.2242 18.3782 16.7111
threshold=3.5000000000000004 12.315000000000003 92.790000000000006 0.910999767058708 15.340489220419911 11.155000000000003 12.252933684817197 10.447457961060078 3.5000000000000004 40.608712267328805 0.95363828982107901 12.395000000000001 0.96819983873313398 92.050000000000011 3568.5000000000005 12.601870892428343 0.97107488109568363 91.550000000000011 0.98288335031014473 13.895000000000001 0.99804058778527149 0.99296808310479767 0.97664534841580197 38.581485191680635 12.595609180378496 0.97638805282741414 92.050000000000011 1.5000000000000002 0.9867694361154572 35.429928887960209
decision_type=2 2 10 8 10 2 10 10 2 8 2 2 2 10 2 10 2 10 2 2 2 2 2 8 8 2 8 2 2 10
left_child=1 5 3 -3 7 -1 -7 8 12 11 -11 -10 13 -5 15 16 17 -14 26 20 21 22 23 29 -24 -25 -18 -26 -29 -20
right_child=-2 2 -4 4 -6 6 -8 -9 9 10 -12 -13 14 -15 -16 -17 18 -19 19 -21 -22 -23 24 25 27 -27 -28 28 -30 -31
leaf_value=-0.010564570271561151 0.19897255883843068 0.16040848354239989 0.19715770410791081 -0.037529465418410804 0.18411314949097582 0.17684094739607198 0.045172961136907136 -0.042425081586658753 0.064450235569026376 -0.013074428525069477 0.091878445656274926 -0.016014943000518644 -0.0064735231635266012 0.058149855246582671 -0.04253178762037494 -0.046350893881704103 -0.051232285107803859 0.11476332738914796 0.11266026871974777 -0.053980635133045851 0.13867831641815406 0.057376670588025619 0.082763217799845704 -0.022925842332131019 -0.047873876821433244 0.087638518025327031 0.030159613624265443 -0.055355501513803244 0.0063302608295799818 0.0177185502441514
leaf_weight=18.760335445404053 165.07560181617737 14.009483233094214 19.648367539048195 373.65944259613752 10.333495438098906 46.215558364987373 15.652165621519087 559.98317222297192 7.1788401007652274 6.8503549546003368 12.969438828527926 137.99274960905313 64.993017993867397 7.2031271979212752 110.19278910756111 47.910108186304569 71.77143169939518 7.9506332948803893 9.8196106553077716 42.039458468556404 6.5521864145994178 11.399916991591452 7.5226299464702597 65.968902334570885 72.639759495854378 6.8734777867794028 8.0971964746713621 15.836706116795538 42.097593374550343 8.8775884360074979
leaf_count=144 897 83 123 2946 60 262 110 4486 56 54 100 1080 508 57 868 377 560 60 75 330 44 81 58 515 569 51 64 124 330 68
internal_value=-0.000372469 -0.0184434 -0.0243703 -0.0269976 -0.0286195 0.108947 0.144778 -0.0300148 -0.0239211 -0.00312053 0.0567177 -0.0116222 -0.0274113 -0.0355724 -0.022185 -0.0175354 -0.0143176 0.00811425 -0.0187558 -0.012026 -0.00471381 -0.00916855 -0.0127065 0.0059289 -0.0250131 -0.0114473 -0.0427097 -0.0318042 -0.0111851 0.0707693
internal_weight=1996.08 1831 1750.37 1730.72 1716.71 80.6281 61.8677 1706.38 1146.4 164.991 19.8198 145.172 981.406 380.863 600.543 490.35 442.44 72.9437 369.496 289.628 247.588 241.036 229.636 91.5396 138.097 72.8424 79.8686 130.574 57.9343 18.6972
internal_count=15140 14243 13727 13604 13521 516 372 13461 8975 1290 154 1136 7685 3003 4682 3814 3437 568 2869 2245 1915 1871 1790 709 1081 566 624 1023 454 143
is_linear=0
shrinkage=0.05


Tree=3
num_leaves=31
num_cat=0
split_feature=25 12 3 16 21 12 11 22 5 7 2 16 18 23 23 21 15 14 15 14 15 13 10 13 14 9 15 3 14 8
split_gain=2427.75 494.682 348.071 157.642 155.194 119.436 62.7978 47.6214 37.9734 24.9306 24.7989 16.6758 35.0396 14.3293 38.4105 13.8348 14.4236 108.979 22.5783 17.8451 17.1855 17.1625 70.7738 100.008 20.0206 13.4016 13.3946 12.7406 16.4302 11.8522
threshold=3.5000000000000004 12.315000000000003 92.790000000000006 0.910999767058708 18.226976975812629 11.155000000000003 12.252933684817197 34.350000000000001 0.26022786913367618 40.608712267328805 85.261715540372094 0.92908345337922438 10.49495401907429 98.850000000000065 99.049999999999926 7.590792622553848 0.95817873819485044 0.96875622723444288 0.95876536167256299 0.96965274316813754 0.60191750796794097 -0.0031914308484518182 12.451679650341728 -0.055069617709619018 0.99296808310479767 44.236348203007154 0.97191916447548821 85.050000000000011 0.98521444104766454 53.033041424830067
decision_type=2 2 10 8 10 2 10 8 10 10 10 10 10 10 10 10 2 2 2 2 2 2 10 2 2 8 2 8 2 10
left_child=1 5 3 -3 7 -1 -7 11 9 15 25 12 -5 -13 -15 16 19 -18 -19 20 -9 22 23 -20 27 -11 -25 28 -24 -29
right_child=-2 2 -4 4 -6 6 -8 8 -10 10 -12 13 -14 14 -16 -17 17 18 21 -21 -22 -23 24 26 -26 -27 -28 29 -30 -31
leaf_value=-0.01759805203014236 0.17200471224045599 0.13508283689787071 0.17037080247531755 0.080546457514979963 0.17548306959599053 0.1550932564403259 0.039999454491189669 0.031215231924009913 0.075053050394729814 0.0073979624371691213 -0.038856305104175919 -0.045344987535270692 -0.053618548239333298 0.085904208217484554 -0.053815682987616333 0.034962373473945395 0.15089181198739662 0.051025784595437176 0.19869965130182846 0.038581746946243473 -0.045908016762210929 -0.032213089054983476 -0.018102294606883673 0.042837819531505533 0.0444616578914288 0.070061065345143531 -0.044147730789807375 -0.02968469993927781 0.073901409011032024 0.023808272866101182
leaf_weight=17.330119401216507 184.30090391635895 13.993277370929716 21.770606979727745 7.6589979082345989 8.3469012975692731 51.566408574581146 16.406624361872673 6.888894096016883 8.7615537717938405 20.917625322937965 16.769688360393047 467.49532397091389 10.119345948100088 6.9225039482116726 11.975142814218996 8.4622100144624692 7.8642228990793219 8.666129529476164 7.8198243379592922 6.3012428954243651 162.98014648258686 518.28635326772928 13.993089616298677 6.4476733952760723 9.5814763158559781 13.732655636966227 9.9754757732152921 326.42177705466747 6.2123101875185958 9.985246464610098
leaf_count=134 911 76 122 59 44 267 111 55 68 161 130 3873 79 48 98 61 62 70 47 51 1318 4147 111 50 68 103 80 2619 48 78
internal_value=-0.000344381 -0.0180409 -0.0238951 -0.0264868 -0.0279099 0.0987957 0.128296 -0.0290281 -0.023456 -0.0242632 0.00961212 -0.0418875 0.00539177 -0.0436231 -0.000889037 -0.0258398 -0.0263383 -0.0237903 -0.0254504 -0.0395103 -0.042616 -0.0262351 -0.0182375 0.0628688 -0.0237635 0.0335013 -0.00949887 -0.0257158 0.012336 -0.0280311
internal_weight=1987.95 1803.65 1718.35 1696.58 1682.59 85.3032 67.973 1674.24 1170.07 1161.31 51.42 504.171 17.7783 486.393 18.8976 1109.89 1101.42 925.254 917.389 176.17 169.869 908.723 390.437 24.243 366.194 34.6503 16.4231 356.612 20.2054 336.407
internal_count=15149 14238 13726 13604 13528 512 378 13484 9327 9259 394 4157 138 4019 146 8865 8804 7380 7318 1424 1373 7248 3101 177 2924 264 130 2856 159 2697
is_linear=0
shrinkage=0.05


Tree=4
num_leaves=31
num_cat=0
split_feature=25 12 3 17 21 12 9 11 23 23 5 16 4 4 15 24 23 8 10 4 4 36 2 15 10 3 4 36 13 1
split_gain=2017.2 453.595 294.461 165.305 149.911 87.848 51.9563 47.2097 41.6666 39.4919 34.9924 25.1036 57.1849 20.4399 22.7058 19.2511 15.0544 15.0217 22.6693 17.4527 18.0914 13.5636 13.5582 24.6835 19.6125 13.3852 36.8593 18.1629 13.8236 12.9179
threshold=3.5000000000000004 12.315000000000003 92.790000000000006 -0.027769524099890561 15.340489220419911 11.155000000000003 45.402249188896711 12.252933684817197 98.850000000000065 99.049999999999926 0.26022786913367618 0.92583425009167597 -18.25814966152485 -16.787938874172728 0.98219694829908688 1.5000000000000002 94.40259759391418 53.033041424830067 12.599697986467618 -2.5101588123782261 -7.7440890824762283 1.5000000000000002 89.338375522948226 0.97240051728657761 12.600670253045683 82.250000000000014 -31.937940069051717 1.5000000000000002 1.3433838488795768 0.99971874559983809
decision_type=2 2 10 2 10 2 10 10 8 8 10 10 10 8 2 2 10 10 10 8 10 2 10 2 8 10 10 2 2 2
left_child=1 5 3 -3 6 -1 8 -7 11 -10 13 12 -5 14 25 22 29 19 -19 20 21 -17 -15 24 -24 26 -11 -28 -27 -13
right_child=-2 2 -4 4 -6 7 -8 -9 9 10 -12 16 -14 15 -16 17 -18 18 -20 -21 -22 -23 23 -25 -26 28 27 -29 -30 -31
leaf_value=-0.0073801345329685582 0.1517711915265737 0.14673715650672253 0.14716859500735241 0.11488070761070479 0.13708923094133482 0.13859030778132111 0.10515899237832288 0.039273399789807727 0.086933420580403348 -0.024950079231694965 0.074799593867515224 -0.037767175479416291 -0.052916668719880794 -0.038012998774229867 0.0761730892119096 0.036973396035018403 -0.052869476278696814 0.067786305691037871 -0.04444006020344711 -0.0098207373509105952 -0.041089852447864617 -0.020772670223746598 -0.02231448498560426 -0.036865457021075201 0.08041604346946403 -0.031068801713392165 0.1052556209820381 0.00099586942420562909 0.020525338043223484 0.0021507560239500197
leaf_weight=17.629852920770645 195.94861042499542 12.882611267268656 24.160819977521896 7.5287396907806423 12.889928206801413 55.218276530504227 6.3363360092043868 16.465639010071754 7.1600645035505286 27.321027643978596 7.9915829598903647 295.92751149833202 11.597776383161543 388.43783614784479 6.810934141278266 10.07988405972719 202.22240018844604 10.475829027593138 6.526511885225772 182.29001174122095 158.98371653258801 135.9470032453537 7.5624476075172451 29.111327312886715 9.7570282593369466 75.723446927964687 10.304469630122187 6.65612519532442 14.899021841585634 21.639790244400501
leaf_count=138 904 71 124 50 64 267 47 109 47 216 59 2528 80 3189 52 81 1728 80 51 1467 1303 1104 62 235 72 609 79 52 119 185
internal_value=-7.32322e-05 -0.0168596 -0.0226777 -0.025226 -0.0266531 0.092342 -0.0280217 0.116632 -0.0286018 -0.0229662 -0.0237679 -0.0399998 0.0155593 -0.0245652 -0.0068074 -0.0272346 -0.0420701 -0.0205133 0.0246315 -0.0221356 -0.0294395 -0.0165622 -0.0349642 -0.00919438 0.0367899 -0.0115265 0.0108404 0.0666728 -0.0224549 -0.0350489
internal_weight=1976.49 1780.54 1691.22 1667.06 1654.18 89.3138 1641.29 71.6839 1634.95 1096.04 1088.88 538.916 19.1265 1080.89 141.715 939.172 519.79 504.303 17.0023 487.301 305.011 146.027 434.869 46.4308 17.3195 134.904 44.2816 16.9606 90.6225 317.567
internal_count=15172 14268 13754 13630 13559 514 13495 376 13448 8877 8830 4571 130 8771 1127 7644 4441 4086 131 3955 2488 1185 3558 369 134 1075 347 131 728 2713
is_linear=0
shrinkage=0.05


Tree=5
num_leaves=31
num_cat=1
split_feature=25 12 3 16 21 38 12 20 11 7 5 9 8 15 14 0 15 3 15 24 8 13 8 3 14 4 36 1 3 18
split_gain=1721.83 403.653 284.685 127.245 121.601 84.6028 80.2794 57.3548 40.2021 25.1589 22.4124 18.5715 17.1347 23.485 51.8951 19.6859 22.9232 27.6581 26.1781 22.862 20.0405 19.6372 20.9487 19.2214 18.2911 16.023 17.5648 17.2098 21.6663 17.2966
threshold=3.5000000000000004 12.315000000000003 92.665000000000006 0.92583425009167597 15.340489220419911 0 11.155000000000003 10.760169491525424 12.252933684817197 39.938588968301211 0.37249102616780821 43.472937724812624 43.994952895525067 0.95817873819485044 0.96875622723444288 3565.5000000000005 0.97993256563176712 90.710000000000022 0.95992336592997896 1.5000000000000002 50.845087158185414 -1.7692682122091432 47.396813315696328 91.155000000000015 0.96760184404969529 -25.559972666257416 3.5000000000000004 0.9986015941552856 91.290000000000006 18.037239616882818
decision_type=2 2 10 8 10 1 2 8 10 8 8 10 10 2 2 2 2 10 2 2 10 2 10 10 2 8 2 2 10 8
left_child=1 6 3 5 7 -3 -1 -5 -8 12 -4 25 24 -14 -15 16 18 -18 19 -16 -19 22 23 -20 -9 -11 27 29 -29 -27
right_child=-2 2 10 4 -6 -7 8 9 -10 11 -12 -13 13 14 15 -17 17 20 21 -21 -22 -23 -24 -25 -26 26 -28 28 -30 -31
leaf_value=-0.014516159045218089 0.13651285742408253 -0.020382029874352357 0.063778044229165276 -0.041554627641463157 0.12645799846000069 0.1512838538400729 0.12700459637219844 0.064199999767458354 0.036668597071028937 0.040907861417185783 0.16121506890167275 0.065233213809230736 -0.048916481799391114 0.10699840758005193 -0.032351270188404238 -0.037966589512651749 0.083889199090623645 -0.016719599458367748 0.11032653357212355 0.078787680584306102 0.072441600871571143 -0.030774728391448122 -0.037422719663192945 0.0036367957973349428 -0.011354822275606982 0.040019042818485395 0.023453179701621946 -0.038111808126608748 0.069048760232428591 -0.025225845618820138
leaf_weight=16.140947535634041 206.04901134967804 12.061514303088188 11.230166658759115 504.32291413843632 11.937116473913191 15.984805680811405 58.095207050442696 8.4389156475663167 16.855030581355095 13.550639815628527 18.916524216532711 7.4241822212934485 110.14154403656721 6.5260869711637488 7.0767655894160297 207.63600308448076 9.2065284550189954 49.146706819534302 6.1686521843075814 10.343915618956087 6.213248834013938 309.21287596970797 11.532583825290201 10.442255280911921 51.929791383445263 9.8350386098027212 28.250859528779984 6.9197506979107883 11.067777596414087 196.1060516834259
leaf_count=127 904 79 60 4420 56 88 266 68 109 103 93 52 930 46 59 1740 72 397 51 83 45 2568 97 86 412 86 223 58 81 1623
internal_value=0.00019152 -0.0159954 -0.0216642 -0.0245264 -0.0264024 0.0792977 0.0859068 -0.0276354 0.10744 -0.0210861 0.128131 -0.00793835 -0.0255374 -0.0276144 -0.0238396 -0.0253697 -0.0190568 0.00824086 -0.024034 0.0343346 -0.00560493 -0.0271407 0.0124728 0.0472722 8.0986e-05 -0.0102196 -0.0131176 -0.0178151 0.0279883 -0.0219316
internal_weight=1948.76 1742.71 1651.62 1621.48 1593.43 28.0463 91.0912 1581.49 74.9502 1077.17 30.1467 273.154 804.016 743.647 633.506 626.98 419.344 64.5665 354.777 17.4207 55.36 337.356 28.1435 16.6109 60.3687 265.73 252.179 223.929 17.9875 205.941
internal_count=15082 14178 13676 13523 13356 167 502 13300 375 8880 153 2226 6654 6174 5244 5198 3458 514 2944 142 442 2802 234 137 480 2174 2071 1848 139 1709
cat_boundaries=0 1
cat_threshold=2
is_linear=0
shrinkage=0.05


Tree=6
num_leaves=31
num_cat=0
split_feature=25 12 5 17 32 21 15 18 11 24 9 36 4 16 2 7 9 36 8 6 8 10 22 23 23 18 23 23 21 22
split_gain=1492.39 368.289 234.193 145.234 100.789 85.8268 65.1162 47.1915 41.5733 30.3894 17.742 21.7274 19.5774 13.3056 12.7395 19.9143 15.2105 11.6898 13.0993 11.0417 14.525 10.8742 21.943 17.5331 76.081 13.4116 10.9154 19.6472 10.4515 12.0395
threshold=3.5000000000000004 12.315000000000003 0.37249102616780821 -0.011053174576882324 1.0000000180025095e-35 15.340489220419911 0.95487075896103502 10.441074268154185 12.252933684817197 4.5000000000000009 40.107679862351709 3.5000000000000004 0.02000675767906997 0.97108300366285649 76.685579362102757 40.688143937527464 40.716144291380211 1.5000000000000002 53.033041424830067 92.856961409101118 43.917936951537946 12.601971841572894 32.655000000000008 90.293421845574471 91.591523946360184 10.520346692629493 98.850000000000065 99.049999999999926 0.32348131939116104 34.260000000000005
decision_type=2 2 10 2 2 10 2 10 10 2 8 2 8 10 8 10 10 2 10 8 10 8 10 10 10 10 10 10 10 10
left_child=1 6 3 9 5 7 -1 10 -8 -3 -5 14 -13 -10 15 19 -17 -16 -19 -12 -21 26 -23 -24 -25 -26 28 -28 -9 -30
right_child=-2 2 -4 4 -6 -7 8 21 13 -11 11 12 -14 -15 17 16 -18 18 -20 20 -22 22 23 24 25 -27 27 -29 29 -31
leaf_value=-0.023175675837955538 0.12535584603326891 0.15221005962329243 0.13470917016913447 -0.028004647369494286 0.16002411821289664 0.11022179546903298 0.11461595101599525 -0.047634315455066981 0.078809076198348246 0.024107839006708209 0.0054613011288640288 0.00079184608162514688 0.077804084736845622 0.0011247322292709404 -0.03048478883963825 0.091933676005542017 -0.0028300751519014324 -0.015632379133810475 0.053695374154364019 0.018742466094194336 -0.04713489487731274 -0.045129747037712296 -0.042611825166246328 0.1726031015249771 -0.039409249803000777 0.029406633908536962 0.052955634821813181 -0.051507056509107335 -0.043337445685962483 0.033671296584202044
leaf_weight=13.350578323006628 209.16640028357506 12.412453830242159 22.670901820063591 511.00906143337488 6.3059158995747557 10.458469882607458 62.552679717540741 353.92933823168278 8.3148321211338061 7.7341658771038047 43.054374240338802 49.640355095267296 8.9028148427605611 13.573563918471335 211.08261632174253 7.9214142933487874 7.9498115032911301 169.5403401106596 6.1345711573958388 10.686445809900759 31.188812755048275 65.11945877969265 16.393520779907703 5.5562952533364287 19.09994021803141 10.047790341079233 7.3637136071920422 8.7510953918099386 10.132897950708868 8.3676724061369878
leaf_count=85 885 59 118 4299 46 47 296 3193 54 53 357 402 69 92 1785 56 59 1408 46 83 259 586 146 50 174 91 47 78 90 71
internal_value=-0.000421058 -0.0157873 -0.021486 -0.0237837 -0.0255127 -0.026358 0.0779626 -0.0273425 0.0940372 0.106498 -0.0213011 -0.0149886 0.0136133 0.0327889 -0.0184438 -0.00258092 0.0471127 -0.0225609 -0.0129212 -0.0123076 -0.0302781 -0.0399278 -0.0261117 -0.00147374 0.0186083 -0.0154985 -0.0439827 -0.00346743 -0.0457217 -0.0085664
internal_weight=1928.41 1719.25 1621.45 1598.78 1578.64 1572.33 97.7917 1561.87 84.4411 20.1466 1057.11 546.102 58.5432 21.8884 487.558 100.801 15.8712 386.758 175.675 84.9296 41.8753 504.762 116.217 51.0975 34.704 29.1477 388.545 16.1148 372.43 18.5006
internal_count=15084 14199 13672 13554 13442 13396 527 13349 442 112 8823 4524 471 146 4053 814 115 3239 1454 699 342 4526 1047 461 315 265 3479 125 3354 161
is_linear=0
shrinkage=0.05


Tree=7
num_leaves=31
num_cat=0
split_feature=25 12 3 17 21 12 27 16 22 12 12 14 1 16 14 14 3 15 14 1 7 15 15 3 6 3 20 14 14 24
split_gain=1315.83 303.34 222.337 114.706 97.0699 74.1457 50.0767 44.4666 40.5315 36.1967 44.4337 24.9691 46.2316 16.0731 22.3263 45.353 23.0227 32.6035 78.5305 25.7458 21.1799 18.1748 16.6202 16.0796 30.0162 16.8692 15.3937 17.7103 21.3706 17.6893
threshold=3.5000000000000004 12.315000000000003 92.665000000000006 -0.0018888023144180723 15.340489220419911 11.155000000000003 1.0000000180025095e-35 0.910999767058708 34.260000000000005 12.105000000000002 12.175000000000002 0.99296808310479767 0.80320050594205272 0.98464190914619143 0.99012500603607234 0.99076032007309101 92.050000000000011 0.9770812322572523 0.98226026006537703 0.99888096235046442 38.973750430704449 0.60191750796794097 0.97191916447548821 82.250000000000014 360.70923699261806 78.660000000000011 10.760169491525424 0.97785419576699484 0.97816431721015751 1.5000000000000002
decision_type=2 2 10 2 10 2 2 10 8 2 2 2 2 8 2 2 10 2 2 2 10 2 2 8 8 10 10 2 2 2
left_child=1 5 3 7 6 -1 8 -3 -5 -7 -11 13 -13 14 16 20 21 18 22 -19 -16 -10 -18 24 25 -23 27 -25 29 -29
right_child=-2 2 -4 4 -6 9 -8 -9 11 10 -12 12 -14 -15 15 -17 17 19 -20 -21 -22 23 -24 26 -26 -27 -28 28 -30 -31
leaf_value=-0.020974898695599323 0.11518930970140857 0.1287024510976735 0.11619549303028159 -0.041044067107731952 0.10043218491495665 0.12340252527809657 0.074072422145194008 0.01813763766727838 0.041982612793366694 -0.036190983568967584 0.084980677655895467 0.099675282592379219 -0.031995606499157142 -0.05300499073049543 0.0074358768463305778 -0.030179395819412355 0.036123755011631405 -0.045419480391255235 0.18662018811794479 0.062506761375427586 0.12906339812353693 0.0024739327437567739 -0.052117071383928362 -0.037787498876202537 -0.018891036206525245 0.10745702106232816 0.030003069834805864 -0.028957599708920076 -0.024754623960584414 0.074262017990681162
leaf_weight=17.650019332766533 217.24597358703613 14.214816778898237 28.233455456793308 392.94641870260239 14.271502971649168 41.277344316244125 11.366885945200918 23.59405206143856 9.0353238657116872 9.6772127747535688 27.312060669064522 10.835696950554849 14.463234029710291 43.668075405061245 6.0021213144063941 20.864208780229092 10.626057416200643 28.152153179049492 6.3841470554471007 5.9007570371031752 8.3650839775800687 7.3188593164086324 8.8724981471896154 341.60772982984781 71.477642841637135 7.1312173753976822 10.440023459494112 6.2579956427216521 480.82857067137957 9.2511286884546262
leaf_count=137 896 63 134 3632 62 176 85 189 74 50 142 72 119 381 51 177 83 246 53 41 67 59 75 2990 592 53 87 55 4138 77
internal_value=-0.000344744 -0.0152732 -0.0204897 -0.02303 -0.0251746 0.070633 -0.026426 0.0619514 -0.0272361 0.0912956 0.0531613 -0.0223043 0.0260456 -0.0234577 -0.0221654 0.0165853 -0.0235414 0.00641251 0.0477438 -0.0254681 0.082042 -0.0254493 -0.00461246 -0.0261456 -0.00546248 0.0578856 -0.0282315 -0.028992 -0.0228746 0.0333813
internal_weight=1905.27 1688.03 1592.11 1563.88 1526.07 95.9166 1511.8 37.8089 1500.43 78.2666 36.9893 1107.48 25.2989 1082.18 1038.52 35.2314 1003.28 59.9356 25.8827 34.0529 14.3672 943.348 19.4986 934.313 85.9277 14.4501 848.385 837.945 496.338 15.5091
internal_count=15056 14160 13655 13521 13269 505 13207 252 13122 368 192 9490 191 9299 8918 295 8623 498 211 287 118 8125 158 8051 704 112 7347 7260 4270 132
is_linear=0
shrinkage=0.05


Tree=8
num_leaves=31
num_cat=0
split_feature=25 12 3 17 21 12 18 12 14 14 24 9 36 24 6 5 2 14 14 14 2 24 12 6 8 36 16 5 12 14
split_gain=1149.73 274.134 207.452 95.8219 84.2072 46.332 44.4148 29.6643 33.9351 53.5598 28.8905 26.2683 32.1976 20.3948 20.2057 18.0383 18.567 29.6863 25.6944 15.4668 15.706 20.1603 22.8575 19.8027 15.6935 15.6345 15.2876 15.278 14.2187 13.7786
threshold=2.5000000000000004 12.315000000000003 92.665000000000006 -0.011053174576882324 15.340489220419911 11.155000000000003 10.447457961060078 12.105000000000002 0.98535411606936862 0.97862994651894419 4.5000000000000009 41.05260695455658 3.5000000000000004 5.5000000000000009 -0.13497219724102316 0.26022786913367618 89.326310326727892 0.98328276058788577 0.9803373353596373 0.99267753873074416 64.868925626652 1.5000000000000002 12.435 -41.053829259216592 51.680570224762228 1.5000000000000002 0.96413080045272381 0.37249102616780821 13.895000000000001 0.99539921970112777
decision_type=2 2 10 2 10 2 10 2 2 2 2 8 2 2 10 10 10 2 2 2 8 2 2 8 10 2 10 8 2 2
left_child=1 5 3 10 6 -1 11 -7 9 -9 -3 15 19 -2 -14 16 29 18 26 20 25 23 -23 -22 -24 -13 -18 -4 -19 -5
right_child=13 2 27 4 -6 7 -8 8 -10 -11 -12 12 14 -15 -16 -17 17 28 -20 -21 21 22 24 -25 -26 -27 -28 -29 -30 -31
leaf_value=-0.0071632815852855697 0.025654550197769799 0.13059210360788415 0.047177380675651616 -0.029588621423619677 0.09757426615628817 0.11072674642422881 -0.037820140656673995 0.074754732358158965 0.1209548366151962 -0.060941776957747898 0.012251105744516905 0.047503767832483453 0.073069402685654816 0.10827133216931413 0.0021193431062946386 0.051276899481946914 0.060038908067935048 0.02787328744818951 0.1168199922949304 0.053448833199745277 0.045541557683702494 -0.021323250642243281 0.0088528294203873668 -0.034429355482964469 0.087977585879807918 -0.027247832013551611 -0.03331316211205345 0.12541887799870843 -0.054408869763495508 0.042186433698306366
leaf_weight=17.557272545993328 8.4806520715355855 11.712694063782694 10.892267093062399 574.84194849431515 13.1865067332983 42.385990902781487 464.33617006242275 16.138240754604343 10.382078930735586 11.680619969964026 9.0584381222724897 17.713989406824115 16.841893725097179 218.23883662372828 23.074228681623936 6.6911221146583548 6.6131308227777508 6.4222488626837757 6.9924426376819602 7.4031116738915435 7.3006403148174286 89.539851889014244 55.200871400535107 157.20187774300575 6.1179202422499648 10.346758753061293 9.3709348514676076 22.442073941230774 18.9294129088521 5.9294573590159407
leaf_count=138 62 52 54 5052 56 176 4401 80 46 68 62 133 132 892 189 47 52 48 54 54 63 770 472 1393 44 82 78 97 171 44
internal_value=-3.68589e-05 -0.0145115 -0.0196299 -0.0223533 -0.0238467 0.0661275 -0.0249854 0.0819873 0.0480882 0.0176407 0.081916 -0.0191486 -0.00891392 0.105307 0.0331096 -0.0254147 -0.0263105 0.00340208 0.0435957 -0.0137758 -0.0153759 -0.0185725 -0.00531316 -0.0306265 0.0180323 0.0199517 0.0065706 0.101972 -0.0332979 -0.0287846
internal_weight=1883.02 1656.3 1558.16 1524.83 1504.05 98.1442 1490.87 80.5869 38.2009 27.8189 20.7711 1026.53 390.741 226.719 39.9161 635.791 629.1 48.3282 22.9765 350.825 343.422 315.361 150.859 164.503 61.3188 28.0607 15.9841 33.3343 25.3517 580.771
internal_count=15062 14108 13600 13449 13335 508 13279 370 194 148 114 8878 3332 954 321 5546 5499 403 184 3011 2957 2742 1286 1456 516 215 130 151 219 5096
is_linear=0
shrinkage=0.05


Tree=9
num_leaves=31
num_cat=1
split_feature=25 12 5 16 32 21 38 11 23 3 23 16 10 15 14 0 8 14 3 7 0 10 12 0 3 2 23 23 24 10
split_gain=1029.97 250.719 180.31 121.242 72.685 73.565 58.2124 47.5919 46.5109 35.7317 23.9493 21.1206 19.9579 22.1623 122.964 32.3232 25.387 23.0665 36.2503 17.2629 31.2157 23.3929 18.1185 15.4957 42.1922 14.8888 13.9915 17.3995 29.9158 40.8754
threshold=3.5000000000000004 12.315000000000003 0.37249102616780821 0.92583425009167597 1.0000000180025095e-35 15.340489220419911 0 12.252933684817197 98.850000000000065 93.495000000000019 99.049999999999926 0.95507627494925584 12.602322445576208 0.95817873819485044 0.96833956125524379 3567.5000000000005 52.136838742841412 0.99296808310479767 91.750000000000014 39.467813119629874 3558.5000000000005 12.595609180378496 12.475000000000003 3566.5000000000005 89.105000000000004 64.868925626652 94.444833097928424 93.303207757130394 1.5000000000000002 12.600145100919915
decision_type=2 2 10 8 2 10 1 10 8 10 8 10 10 2 2 2 10 2 10 10 2 8 2 2 10 8 10 10 2 10
left_child=1 7 3 6 5 8 -3 11 26 10 -10 -1 13 23 -15 17 -17 19 -19 21 22 -16 -21 -12 -25 -2 27 -5 -29 -30
right_child=25 2 -4 4 -6 -7 -8 -9 9 -11 12 -13 -14 14 15 16 -18 18 -20 20 -22 -23 -24 24 -26 -27 -28 28 29 -31
leaf_value=0.0072233786850944698 0.046110489192464327 -0.010193773473800048 0.11465808578778297 -0.036417361143640477 0.12498608569845245 0.087565940806242221 0.12308159911623984 0.0042969246509194292 0.064646350628198304 0.08531014856428798 -0.046410467986542664 0.092164013879643236 -0.046317615557626396 0.17283369595480846 0.041346285206301764 -0.040780732058933247 0.042079650063328602 0.12205273454295684 -0.020353507771741108 0.0071076159526294652 -0.015923432646463551 -0.023479254857393623 0.059251671933423039 0.079121780049729779 -0.040360978239315809 0.10439248552940246 -0.049626411226195488 -0.041150044270169654 0.093509694664546117 -0.044663450391443434
leaf_weight=8.4193044081330282 13.943363189697264 13.080839268863201 23.982498109340668 237.49364798516035 7.2821255773305884 13.739690139889715 20.303409576416016 26.170985363423824 7.3991409093141547 7.1955716162919989 104.23521010577679 65.786447308957577 68.648113071918488 7.6100646927952758 13.644666686654089 164.03532838821411 9.0062815546989423 7.1615611910820034 9.3474918752908689 62.866034731268883 169.11352878063917 327.08047892898321 21.83483662456274 9.1851530373096448 25.964657418429852 207.64789269864559 170.62819039076567 22.274703294038773 12.693518936634065 8.0102489739656431
leaf_count=45 56 90 111 2322 45 57 99 174 48 32 939 295 628 54 115 1482 73 45 70 538 1461 2885 173 72 238 834 1706 220 123 79
internal_value=6.24708e-06 -0.0136511 -0.0186422 -0.0208196 -0.0229532 -0.0237655 0.072083 0.06254 -0.0248683 -0.0188956 -0.019724 0.0827509 -0.0204124 -0.0184548 -0.0151823 -0.0172249 -0.0362511 -0.0117865 0.0448644 -0.0134323 -0.00353926 -0.0207699 0.0210842 -0.0368021 -0.00781339 0.100949 -0.0382267 -0.0311399 -0.00181241 0.040456
internal_weight=1865.78 1644.19 1543.82 1519.83 1486.45 1479.17 33.3842 100.377 1465.43 1014.33 1007.13 74.2058 999.733 931.085 791.7 784.09 173.042 611.049 16.5091 594.54 253.814 340.725 84.7009 139.385 35.1498 221.591 451.1 280.472 42.9785 20.7038
internal_count=15109 14219 13705 13594 13405 13360 189 514 13303 8853 8821 340 8773 8145 6896 6842 1555 5287 115 5172 2172 3000 711 1249 310 890 4450 2744 422 202
cat_boundaries=0 1
cat_threshold=2
is_linear=0
shrinkage=0.05


Tree=10
num_leaves=31
num_cat=0
split_feature=25 12 3 17 21 32 11 23 24 23 5 23 1 13 1 14 2 7 17 14 23 23 23 15 14 14 23 24 10 36
split_gain=942.956 228.535 150.736 93.5582 63.6886 59.3746 47.6036 40.1714 35.5715 25.4207 23.5891 23.8446 20.1632 129.153 24.6067 21.58 39.9652 18.9299 18.5321 17.4697 14.1847 14.6118 45.1302 29.6868 48.6157 19.58 13.89 20.1727 17.861 12.3663
threshold=3.5000000000000004 12.315000000000003 92.790000000000006 -0.0018888023144180723 15.340489220419911 1.0000000180025095e-35 12.252933684817197 98.850000000000065 17.500000000000004 89.299873587570715 0.37249102616780821 99.049999999999926 0.9986015941552856 -0.055069617709619018 0.57529823344942266 0.98240585289708904 89.331202275189455 39.605282116379023 -0.000551717232896639 0.99267753873074416 94.40259759391418 90.293421845574471 90.418916682901497 0.9793514009414197 0.98914049906012702 0.94759342911302336 93.200955743879419 1.5000000000000002 12.59939065725243 4.5000000000000009
decision_type=2 2 10 2 10 2 10 8 2 10 10 8 2 2 2 2 10 10 2 2 10 10 10 2 2 2 10 2 8 2
left_child=1 6 3 8 5 7 18 20 9 -3 11 -9 14 -14 19 16 -15 -18 -1 29 21 -5 -23 25 -25 -24 -27 -28 -29 -13
right_child=-2 2 -4 4 -6 -7 -8 10 -10 -11 -12 12 13 15 -16 -17 17 -19 -20 -21 -22 22 23 24 -26 26 27 28 -30 -31
leaf_value=-0.0031573083225996329 0.096732342089890719 0.13874687453430576 0.093197709741976859 -0.044572607406400275 0.081311803058178866 0.11169297321790546 0.0010541090458816725 0.064027200135077511 -0.013302566677050574 0.03600568626316647 0.065303325538190612 -0.018232711180904422 0.16847413588446158 -0.026905485201494151 -0.032284845061398289 -0.05092717744280445 -0.00069994878016934161 0.10560485402748038 0.086420450379937397 0.0554628119432789 -0.049622101701755038 0.11057424396332272 0.035572448191595551 0.13283390407924781 -0.048925845722617198 -0.047821468274426467 -0.044954861340251687 0.082440114638657774 -0.012361471259187457 0.026743641650253887
leaf_weight=6.2298352867364875 216.20171648263931 12.082524619996549 28.332352072000504 111.69414095580578 13.444514274597166 7.0050750523805609 26.66667053103447 7.3914015293121329 12.244368836283682 12.921458683907984 7.1855164468288413 445.18181201815605 9.279184013605116 40.05122759193182 407.93786304444075 31.817335844039917 6.9280287250876453 9.5373870432376844 67.498640216886997 7.586031235754489 161.72163480520248 5.3142822161316863 9.1112604886293393 6.410934202373026 6.5264790579676628 94.459025807678699 21.817856088280678 6.9174992218613651 12.763425648212431 14.973000913858412
leaf_count=41 865 60 119 1107 55 41 175 46 97 84 42 3955 50 357 3750 291 57 66 291 52 1678 51 75 60 65 957 223 62 127 125
internal_value=-0.00106767 -0.0142444 -0.0191107 -0.0213187 -0.0233479 -0.0243868 0.0584448 -0.0251338 0.0559561 0.0890791 -0.0195164 -0.0202038 -0.0209085 0.000641184 -0.0233087 -0.0186776 4.77568e-05 0.0633967 0.0789104 -0.015428 -0.0377665 -0.0306403 -0.0208989 -0.0259883 0.0442108 -0.0325086 -0.0372975 -0.0127813 0.0233347 -0.0167144
internal_weight=1827.23 1611.03 1510.64 1482.3 1445.05 1431.61 100.395 1424.61 37.2484 25.004 987.869 980.683 973.292 97.6132 875.679 88.334 56.5166 16.4654 73.7285 467.741 436.737 275.015 163.321 158.006 12.9374 145.069 135.958 41.4988 19.6809 460.155
internal_count=15024 14159 13652 13533 13292 13237 507 13196 241 144 8791 8749 8703 821 7882 771 480 123 332 4132 4405 2727 1620 1569 125 1444 1369 412 189 4080
is_linear=0
shrinkage=0.05


Tree=11
num_leaves=31
num_cat=0
split_feature=25 12 3 17 21 27 20 15 5 24 17 2 1 12 0 12 3 7 11 15 14 0 10 14 10 16 3 1 12 22
split_gain=838.874 224.85 135.165 82.9077 56.8225 50.2602 44.1039 36.8999 32.4538 25.9524 30.9328 21.9615 22.4919 85.7331 30.6291 22.9594 22.3286 24.7778 20.7786 16.2588 42.1142 20.5232 15.418 15.1058 15.5404 14.348 34.5111 14.2272 31.6021 15.6643
threshold=3.5000000000000004 12.315000000000003 92.790000000000006 -0.0018888023144180723 18.226976975812629 1.0000000180025095e-35 10.760169491525424 0.95487075896103502 0.37249102616780821 17.500000000000004 -0.0041249744734378228 75.707365578815526 0.9986015941552856 13.830000000000002 3557.5000000000005 13.925000000000002 91.210000000000022 40.642347442481068 12.252933684817197 0.95817873819485044 0.96875622723444288 3567.5000000000005 12.602322445576208 0.99296808310479767 12.599534420972619 0.92908345337922438 91.550000000000011 0.99971874559983809 13.905000000000003 32.550000000000004
decision_type=2 2 10 2 10 2 8 2 10 2 2 10 2 2 2 2 10 10 10 2 2 2 10 2 10 10 8 2 2 10
left_child=1 7 3 9 5 6 25 -1 11 10 -3 16 19 -14 15 -15 17 -8 -9 -13 -21 22 23 -22 -25 26 -5 -27 -29 -30
right_child=-2 2 -4 4 -6 -7 8 18 -10 -11 -12 12 13 14 -16 -17 -18 -19 -20 20 21 -23 -24 24 -26 27 -28 28 29 -31
leaf_value=-0.017506515099676451 0.091432941705066134 0.11845913482033402 0.086618350582001957 -0.053938845918288819 0.097688800185892974 0.069511700547897542 -0.012680610125471789 0.08258698031903472 0.078701152976050751 -0.0076612961506333527 0.0087426416084764782 -0.047591610555557495 0.14479174419426485 0.074713080514538954 -0.032317607968320901 -0.021828619266018499 0.084017294924557936 0.045619379048341409 0.02558658234991151 0.095374956704590758 -0.018076194845845158 -0.042641631225037335 -0.048130683976789511 -0.01826858615118096 0.077757169516114527 -0.041219983908311032 0.078319339403647159 0.095578869642719999 -0.052948250148368549 0.034837005016652524
leaf_weight=13.741911783814428 219.96839825809002 16.5031373873353 29.582222476601601 9.8169291019439715 8.9434182643890363 13.76617745310068 229.80110043287277 69.309334918856621 7.7270146608352652 12.767539560794829 10.417559117078783 78.831078752875328 8.2018954530358297 13.089467361569406 67.369854211807251 10.30079861730337 5.7597846686840048 18.810095757246017 22.202864460647106 6.4281818717718116 347.88870993256569 123.38323478400707 40.807349234819412 7.6582523509860021 7.5981826856732368 382.26934817433357 8.0748960673809034 5.2782434597611454 17.846330046653751 6.1687213331460944
leaf_count=85 881 71 122 79 36 92 2048 301 43 102 83 763 42 94 609 89 51 136 141 45 3187 1185 395 59 47 4002 64 51 189 60
internal_value=0.00010918 -0.0124926 -0.017477 -0.0196359 -0.0216313 -0.0224528 -0.0234039 0.0578071 -0.0174857 0.0508193 0.0778357 -0.0183358 -0.0228393 -0.00071232 -0.015296 0.0330454 -0.00569773 -0.0081045 0.0691835 -0.0264069 -0.023195 -0.0248181 -0.0192823 -0.0159172 0.0313966 -0.0367499 0.00673769 -0.0386521 -0.00488808 -0.0299077
internal_weight=1820.31 1600.34 1495.09 1465.51 1425.82 1416.88 1403.11 105.254 973.655 39.6882 26.9207 965.928 711.557 98.962 90.7601 23.3903 254.371 248.611 91.5122 612.595 533.764 527.336 403.952 363.145 15.2564 429.454 17.8918 411.563 29.2933 24.0151
internal_count=15152 14271 13744 13622 13366 13330 13238 527 8793 256 154 8750 6515 834 792 183 2235 2184 442 5681 4918 4873 3688 3293 106 4445 143 4302 300 249
is_linear=0
shrinkage=0.05


Tree=12
num_leaves=31
num_cat=0
split_feature=25 12 3 17 32 21 24 18 11 36 7 10 15 15 4 0 15 15 7 8 15 15 1 0 6 15 16 8 2 0
split_gain=772.321 194.168 123.57 66.8739 65.8574 63.3421 47.0534 39.9484 33.4794 29.8346 15.674 15.1747 13.6864 36.2308 43.9087 22.9199 29.443 19.5144 18.0169 25.5173 17.6092 16.968 25.2728 16.7782 24.4623 20.0953 32.6975 24.6124 16.5933 22.3549
threshold=4.5000000000000009 12.325000000000001 92.790000000000006 -0.0041249744734378228 1.0000000180025095e-35 12.755856980571318 30.500000000000004 10.447457961060078 12.252933684817197 4.5000000000000009 39.973270239037305 12.602322445576208 0.95817873819485044 0.96061780726727908 0.0026734477286371352 3567.5000000000005 0.9667079777601465 0.94424926375121088 39.70079155736375 46.835458669822351 0.97993256563176712 0.96422356974965451 0.24501823677488213 3560.5000000000005 17.369110919625836 0.97107488109568363 0.9707591721246821 48.81536487265236 76.174865985755972 3560.5000000000005
decision_type=2 2 10 2 2 10 2 10 10 2 8 10 2 2 10 2 2 2 10 10 2 2 2 2 8 2 10 10 10 2
left_child=1 8 3 6 5 7 -3 9 -1 11 -11 12 17 14 -14 16 21 28 19 -18 -21 22 -15 24 25 26 -20 -27 29 -5
right_child=-2 2 -4 4 -6 -7 -8 -9 -10 10 -12 -13 13 15 -16 -17 18 -19 23 20 -22 -23 -24 -25 -26 27 -28 -29 -30 -31
leaf_value=0.070857719745459583 0.087841089742382167 0.1090290695795976 0.082655872583541609 -0.036958197473898023 0.10279926344249837 0.07358961257011 -0.028326748726336143 -0.035152967374721809 0.0071423544275970412 0.0061905555758790826 0.076134682962941555 -0.042526460293771051 0.0084654502364007785 0.068778680218084018 0.14623363542210874 -0.034124886833367132 0.0007989566003137092 -0.043713726460543514 0.019383710215654978 -0.038587127999231162 0.00097952874110479051 -0.054263282736361433 -0.02887417362916761 -0.0091216716418418206 -0.011871244903565207 -0.02258276934922963 0.16430104314317082 0.067251560119963458 -0.034528270280877578 0.072158354345285461
leaf_weight=76.084371663630009 221.04043248295784 16.283878974616531 29.807511791586876 6.7142474651336697 9.8530734926462156 16.533900931477547 9.2141279727220518 415.14392729848623 28.474621795117855 29.545623205602169 10.095098353922365 60.36457072943449 41.187336593866348 6.9204924330115309 5.7569995224475852 150.86352337896824 154.96693648397923 92.615824088454247 8.1282974034547788 107.26815155148506 37.920736640691757 56.39820608496666 40.226870343089104 69.398596696555614 27.126970440149307 14.759309425950052 7.0499938130378714 13.988262161612509 17.051778346300125 11.543615140020846
leaf_count=337 890 71 122 61 50 78 75 4398 186 262 76 603 361 58 38 1461 1390 913 69 1004 316 528 380 607 231 128 53 110 164 92
internal_value=0.000550667 -0.011777 -0.0164808 -0.0185933 -0.0200583 -0.0209947 0.0601974 -0.0221761 0.0537381 -0.0165911 0.0254379 -0.0184074 -0.0166868 -0.0140475 0.0280583 -0.0169278 -0.0121061 -0.031767 -0.00642974 -0.013332 -0.028317 -0.0359675 -0.0134095 0.008311 0.0252281 0.0478935 0.0926898 0.021921 -9.01892e-05 0.0321958
internal_weight=1792.33 1571.29 1466.73 1436.92 1411.42 1401.57 25.498 1385.04 104.559 969.891 39.6407 930.251 869.886 741.961 46.9443 695.016 544.153 127.925 440.607 300.156 145.189 103.546 47.1474 140.451 71.0528 43.9259 15.1783 28.7476 35.3096 18.2579
internal_count=15112 14222 13699 13577 13431 13381 146 13303 523 8905 338 8567 7964 6734 399 6335 4874 1230 3908 2710 1320 966 438 1198 591 360 122 238 317 153
is_linear=0
shrinkage=0.05


Tree=13
num_leaves=31
num_cat=1
split_feature=25 12 3 16 20 22 12 38 12 16 16 32 16 0 16 7 16 10 8 8 36 16 7 17 0 1 8 13 1 3
split_gain=735.412 161.32 112.266 76.0176 48.9821 51.4108 40.4072 40.0887 27.9516 32.7339 27.3594 24.9277 18.2136 20.4244 27.3021 26.9251 16.6541 14.613 14.4246 19.4622 16.8894 13.4811 14.9639 16.583 17.0212 16.7538 16.1843 15.4214 15.1166 15.0597
threshold=3.5000000000000004 12.315000000000003 92.790000000000006 0.92583425009167597 10.760169491525424 34.150000000000013 11.155000000000003 0 12.105000000000002 0.97553223161835345 0.97108300366285649 1.0000000180025095e-35 0.95835735262550847 3567.5000000000005 0.96327722323119269 39.709563760431045 0.9590105166195575 12.60139951156456 43.917936951537946 42.997862461217814 3.5000000000000004 0.9707591721246821 39.605282116379023 0.00048280423547809452 3560.5000000000005 0.9225588250113369 48.781358068966718 -0.0031914308484518182 0.99804058778527149 83.760000000000005
decision_type=2 2 10 8 8 10 2 1 2 8 10 2 10 2 10 8 10 10 8 10 2 10 10 2 2 2 10 2 2 10
left_child=1 6 3 7 -5 11 -1 -3 -8 10 -10 12 -6 17 15 -15 -7 18 19 -14 21 -20 27 24 25 -24 -27 28 29 -23
right_child=-2 2 -4 4 5 16 8 -9 9 -11 -12 -13 13 14 -16 -17 -18 -19 20 -21 -22 22 23 -25 -26 26 -28 -29 -30 -31
leaf_value=-0.01714283820679063 0.083903912394910046 -0.016462072663165416 0.077595508588918852 -0.035904749064388307 -0.037186571320636262 0.083962839549315479 0.088155100700450559 0.094270436607348115 0.036775414750784052 0.096536105860651505 -0.059074118880692021 0.072289810871139837 -0.010130056706166705 -0.035038712988869465 -0.037213253842168226 0.082885733146558394 0.0022306992721043591 -0.03036687724220262 -0.024858824664862354 0.061653685784052503 0.013421772794046789 0.060606692617568271 0.014041686141302481 -0.052019891475177021 -0.0060988910709209926 0.02357445032336182 0.12915714610779658 -0.027891873304171068 0.065495622830016795 -0.013690746842858493
leaf_weight=20.079326763749123 223.01219525933266 12.534260399639606 29.511862739920616 401.94073091447353 106.75024878978729 15.671002820134165 44.438090279698372 21.163610726594925 19.343781292438511 12.087632134556769 10.743031382560728 6.7812043130397788 21.03071317076683 8.4631234556436556 155.80965369939804 9.1247402802109701 10.043360911309717 86.616893507540226 172.53214658796787 15.793809890747069 64.398083671927452 6.5849251821637145 35.695959314703941 10.00794270634651 57.831582941114902 7.9817123562097532 6.6294318735599518 112.18568630516529 7.1123910024762145 67.381397441029549
leaf_count=145 906 89 120 4424 1057 96 179 97 94 51 61 33 177 83 1543 70 66 845 1618 136 543 52 302 92 514 61 47 1051 48 609
internal_value=-0.000802745 -0.0129872 -0.0173632 -0.0193899 -0.0212063 -0.0151745 0.0460769 0.053795 0.0607615 0.0305243 0.00175128 -0.0170653 -0.017777 -0.0152845 -0.0305496 0.0273093 0.0533188 -0.0113047 -0.00843615 0.0214736 -0.0104802 -0.0136819 -0.00742983 0.00655468 0.0124026 0.0333756 0.0766846 -0.0159686 0.000668029 -0.00635612
internal_weight=1779.28 1556.27 1449.58 1420.06 1386.37 984.426 106.692 33.6979 86.6125 42.1744 30.0868 958.712 951.93 845.18 173.398 17.5879 25.7144 671.783 585.166 36.8245 548.341 483.943 311.411 118.147 108.139 50.3071 14.6111 193.264 81.0787 73.9663
internal_count=15209 14303 13773 13653 13467 9043 530 186 385 206 155 8881 8848 7791 1696 153 162 6095 5250 313 4937 4394 2776 1016 924 410 108 1760 709 661
cat_boundaries=0 1
cat_threshold=2
is_linear=0
shrinkage=0.05


Tree=14
num_leaves=31
num_cat=2
split_feature=25 12 3 16 21 32 38 12 22 12 14 14 5 1 13 37 14 7 9 14 14 14 8 8 3 14 24 14 3 6
split_gain=667.283 163.516 104.487 71.1346 58.7034 45.9054 41.4269 38.5454 28.7696 26.5368 39.4063 44.0836 24.3378 13.8942 85.0246 27.0675 59.8585 32.9157 19.1808 17.4438 20.884 15.0884 14.6434 26.3748 26.4012 24.0486 29.8645 15.9617 13.9888 12.766
threshold=3.5000000000000004 12.345000000000001 92.790000000000006 0.92583425009167597 15.340489220419911 1.0000000180025095e-35 0 11.155000000000003 34.350000000000001 12.105000000000002 0.98304676800296109 0.97862994651894419 0.37249102616780821 0.9986015941552856 -0.055069617709619018 1 0.98256966490124376 39.676498993656693 43.050980306471367 0.96222929767275922 0.9636239239809905 0.99296808310479767 47.285144099535991 46.097319361784493 91.450000000000017 0.97636943336046367 2.5000000000000004 0.98592062083869647 82.605000000000004 234.57557316001245
decision_type=2 2 10 8 10 2 1 2 8 2 2 2 10 2 2 1 2 10 8 2 2 2 8 10 10 2 2 2 10 10
left_child=1 7 3 6 5 8 -3 -1 -5 -9 11 -11 13 18 -15 16 17 -16 -10 -20 -21 22 23 28 25 -25 27 -27 -22 -2
right_child=29 2 -4 4 -6 -7 -8 9 12 10 -12 -13 -14 14 15 -17 -18 -19 19 20 21 -23 -24 24 -26 26 -28 -29 -30 -31
leaf_value=-0.019176567799690951 0.083413830208498033 -0.026222496640062477 0.075911485871575812 -0.035258915911614987 0.078329285736782536 0.086979653048769423 0.088778518147313745 0.085809979237985612 -0.027137065015927699 0.049161005475295699 0.10344824217482969 -0.061361220353396285 0.063899669886369512 0.13270453331139684 0.0086012316984455835 -0.037525819638622004 -0.053213842544966333 0.12962611461387244 -0.046019843088678736 0.063126770640416136 0.030980591384370385 0.063584753861088139 -0.022199342176525021 -0.0088059139805632472 -0.043893027548181585 0.080189546803760156 0.17538547037159849 -0.023849700877588861 -0.022819560190201406 0.027887961778194616
leaf_weight=18.838516548275948 205.90241739153862 11.140935763716698 28.363841474056244 356.99059876799583 13.684217914938925 8.5777624398469907 22.661175757646561 44.70207804441452 539.923214584589 20.728840112686157 12.689612366259096 14.431251585483549 7.9092083871364585 9.5639007538557035 11.137450873851778 48.654888138175011 16.005078867077827 10.65899747610092 32.326490692794323 9.0466009899973852 13.529368646442888 5.7782690674066535 154.98492190241814 9.322947137057783 7.4518474340438834 8.8874138146638888 5.6596267297863951 5.2843541651964179 73.230347879230976 12.236583858728407
leaf_count=139 847 81 115 4056 55 42 102 181 5248 106 56 96 43 45 99 454 159 69 322 87 108 37 1506 86 74 83 46 51 676 50
internal_value=-0.00113879 -0.0128749 -0.0174882 -0.019458 -0.0212659 -0.0223448 0.0512106 0.0451886 -0.0231168 0.0583548 0.031474 0.00335539 -0.0186134 -0.0193579 -0.00129786 -0.0174692 0.0145652 0.0708754 -0.0213578 -0.0117179 -0.00779203 -0.0102635 -0.0120187 0.000846964 0.0358746 0.0570427 0.0869356 0.0423805 -0.0141725 0.0804406
internal_weight=1740.3 1522.16 1410.77 1382.41 1348.61 1334.92 33.8021 111.39 1326.35 92.5518 47.8497 35.1601 969.355 961.446 96.0203 86.4564 37.8015 21.7964 865.425 325.502 293.176 284.129 278.351 123.366 36.6062 29.1543 19.8314 14.1718 86.7597 218.139
internal_count=15119 14222 13644 13529 13346 13291 183 578 13249 439 258 202 9193 9150 826 781 327 168 8324 3076 2754 2667 2630 1124 340 266 180 134 784 897
cat_boundaries=0 1 2
cat_threshold=2 9
is_linear=0
shrinkage=0.05


Tree=15
num_leaves=31
num_cat=0
split_feature=25 12 3 17 21 15 23 23 7 14 3 1 24 32 15 15 14 0 15 36 15 15 14 14 8 13 4 8 8 1
split_gain=603.124 137.734 94.617 77.7407 52.7382 40.1605 30.9101 31.5544 24.6422 24.1878 37.5446 23.4889 18.5984 16.3004 15.2829 19.5364 62.3126 20.0746 31.3134 65.3851 27.142 27.0724 24.3344 25.3374 21.1148 17.841 16.3364 16.8697 22.2802 22.7648
threshold=2.5000000000000004 12.345000000000001 92.665000000000006 -0.0022703999489599017 15.340489220419911 0.95487075896103502 98.850000000000065 99.049999999999926 39.114109643157981 0.99296808310479767 92.210000000000022 0.77645572695726817 17.500000000000004 1.0000000180025095e-35 0.60191750796794097 0.95817873819485044 0.96833956125524379 3562.5000000000005 0.9595007108629513 1.5000000000000002 0.9667079777601465 0.97107488109568363 0.98098376923597064 0.98142252310424449 48.109414489448433 0.003879993453846087 -20.911340554784147 48.879481802265822 49.371144038987197 0.94555149725466037
decision_type=2 2 10 2 10 2 8 8 8 2 10 2 2 2 2 2 2 2 2 2 2 2 2 2 10 2 8 10 10 2
left_child=1 5 3 12 6 -1 -5 -8 -7 13 11 -11 -3 14 -9 -16 -17 18 19 -18 -20 22 24 -24 25 -22 -23 -28 -29 -30
right_child=-2 2 -4 4 -6 8 7 9 -10 10 -12 -13 -14 -15 15 16 17 -19 20 -21 21 26 23 -25 -26 -27 27 28 29 -31
leaf_value=-0.035481059432049648 0.075854455007272836 0.083743931682403946 0.067205905011680375 -0.033413953338039912 0.070030701860370401 0.0067249444524959739 0.078745792284928645 0.053101151085279963 0.068210605272026645 0.13333574708481774 -0.052238535241939214 0.010968380330462832 0.0026473876977262238 0.057504267668814085 -0.039411882035714926 0.11021764891230934 -0.049074688721481408 -0.026750767420923249 -0.03986205201727603 0.16627618481677209 0.056665662098064909 0.025133263833763787 0.14388010641489954 0.0098409913673311901 -0.026300735534087068 -0.0081963120332022906 -0.02994764851447302 0.073421987918423567 -0.042151335034413602 0.037022240263477148
leaf_weight=13.73149999976158 221.41104004532099 21.079227201640609 31.879532612860203 391.19082760810852 14.925148501992224 21.394229166209698 7.6335331946611396 6.2850205078721038 70.674908019602299 7.5629792958498019 7.8636605888605109 7.5957179293036461 10.498399324715136 6.0071706324815741 112.13008262217045 8.5192095562815648 6.1105979233980161 376.75992576032877 73.913429319858551 6.3276336267590523 23.007575154304504 20.660040400922298 6.1300054714083654 7.2878059595823288 29.58074638992548 18.585338950157166 132.18166374415159 8.5505743697285634 22.761421486735344 13.753436103463171
leaf_count=88 955 102 135 4500 60 119 50 55 345 41 66 63 87 28 1169 52 57 3742 727 49 202 174 47 67 273 177 1261 72 214 110
internal_value=-0.000935368 -0.0124312 -0.016658 -0.0186914 -0.0205676 0.0422928 -0.0216604 -0.0165722 0.0541489 -0.0174656 0.0321787 0.0764933 0.0576912 -0.0188017 -0.0193922 -0.0199788 -0.017041 -0.0186407 -0.0103068 0.0647005 -0.0130981 -0.00597968 0.0175602 0.0768096 0.00548097 0.0281708 -0.0160791 -0.0209968 0.00533701 -0.0121384
internal_weight=1705.99 1484.58 1378.78 1346.9 1315.32 105.801 1300.4 909.208 92.0691 901.574 23.0224 15.1587 31.5776 878.552 872.545 866.259 754.129 745.61 368.85 12.4382 356.412 282.499 84.5915 13.4178 71.1737 41.5929 197.907 177.247 45.0654 36.5149
internal_count=15087 14132 13580 13445 13256 552 13196 8696 464 8646 170 104 189 8476 8448 8393 7224 7172 3430 106 3324 2597 766 114 652 379 1831 1657 396 324
is_linear=0
shrinkage=0.05


Tree=16
num_leaves=31
num_cat=1
split_feature=25 12 5 16 19 21 38 16 13 1 12 14 11 8 12 8 10 8 8 8 8 16 7 2 16 1 8 16 8 8
split_gain=531.986 120.309 85.2392 59.1774 48.3968 37.4958 32.9525 30.0972 25.7488 116.352 25.8171 25.4647 22.5438 16.8372 16.1444 16.0988 34.8509 16.4612 21.9697 15.8528 22.4772 16.8075 13.5443 12.4023 11.7388 18.7097 19.3123 20.6091 17.274 18.4728
threshold=3.5000000000000004 12.315000000000003 0.37249102616780821 0.92583425009167597 26.500000000000004 18.226976975812629 0 0.95269675200254722 -0.0051886926610021384 0.99748075572392059 13.795000000000002 0.98959476025121196 12.252933684817197 43.994952895525067 12.415000000000001 53.033041424830067 12.59948552171935 49.453059724233867 49.240001810003285 49.119948933480003 46.372606443707674 0.98398661530219966 40.608712267328805 64.868925626652 0.96747852518117949 0.60868979165105042 45.66201487558758 0.97673504662197796 47.323902332855603 48.576356919605892
decision_type=2 2 10 8 8 10 1 10 2 2 2 2 10 8 2 10 8 10 10 10 10 10 10 8 10 2 8 10 10 10
left_child=1 7 3 6 -5 8 -3 -1 9 11 -11 13 -9 14 -6 17 -17 18 24 20 -13 -22 -10 -2 -15 26 -26 28 -28 -30
right_child=23 2 -4 4 5 -7 -8 12 22 10 -12 19 -14 15 -16 16 -18 -19 -20 -21 21 -23 -24 -25 25 -27 27 -29 29 -31
leaf_value=-0.041592589867536438 0.023444789418832965 -0.01972748434820637 0.077478758466043712 -0.034731887538257261 -0.030081040920994912 0.081966212262014615 0.082851188209437487 0.063288212620636192 -0.022078128843011136 0.16844727756612507 0.041998099932325686 -0.0066252326578863808 0.0076497029043862512 -0.031917322865013954 0.051503196286420617 0.10985898835789179 -0.049118098995110944 -0.045625254580782343 0.062581472102719513 -0.028987940780466188 0.1299330588043156 0.033884351219924023 0.014857402723457156 0.078248162869442792 -0.027208985075673223 -0.029389205892151545 0.061790578170168468 -0.017868243536259081 -0.046125810602368596 0.063115615258929045
leaf_weight=9.3760171085596067 12.018985629081724 11.371470913290977 23.596582941710949 329.84087070822716 8.3744430765509623 9.3902693539857847 22.004317596554756 70.382844433188438 547.32390750944614 9.8882550448179263 7.7871056869626036 13.854053512215613 24.842914685606956 86.842652581632137 16.875934414565563 6.3918409422039959 5.6418479457497606 50.217115096747875 7.9811678379774085 9.3789739832282049 7.5050130635499981 12.002947755157946 25.332183144986629 191.52555114030838 30.90503191947937 66.445939995348454 28.793760687112808 22.812943160533905 9.1204412132501584 5.2702573239803305
leaf_count=56 50 85 105 3927 75 38 99 310 5444 52 62 125 157 900 146 49 54 498 62 83 61 88 196 814 288 670 268 216 89 47
internal_value=-0.000440997 -0.0108829 -0.0148236 -0.0164914 -0.0181687 -0.0126104 0.0483444 0.0405658 -0.0136005 -0.00395557 0.11797 -0.00979268 0.0490033 -0.0143069 0.0243301 -0.0174178 0.0372746 -0.0196656 -0.0144596 0.0262089 0.0421182 0.0753697 -0.0204212 0.0751425 -0.0171566 -0.00916267 0.00486517 0.0200667 0.0400573 -0.00461723
internal_weight=1683.1 1479.55 1374.95 1351.35 1317.98 988.136 33.3758 104.602 978.746 406.09 17.6754 388.414 95.2258 345.673 25.2504 320.423 12.0337 308.389 258.172 42.741 33.362 19.508 572.656 203.545 250.191 163.348 96.9024 65.9974 43.1845 14.3907
internal_count=15114 14250 13727 13622 13438 9511 184 523 9473 3833 114 3719 467 3362 221 3141 103 3038 2540 357 274 149 5640 864 2478 1578 908 620 404 136
cat_boundaries=0 1
cat_threshold=2
is_linear=0
shrinkage=0.05


Tree=17
num_leaves=31
num_cat=1
split_feature=25 12 3 17 21 32 22 11 15 15 3 14 0 14 8 8 6 36 6 1 13 37 14 8 16 14 15 11 5 23
split_gain=496.443 123.566 91.7423 49.2256 42.6342 35.9598 31.2138 30.6898 24.2973 23.5714 18.3355 33.718 26.5437 42.4974 23.8413 23.1488 23.3007 22.3868 19.5995 19.125 95.6895 27.2922 51.4104 28.6033 17.5022 17.4459 28.3841 29.9173 17.2188 16.8699
threshold=4.5000000000000009 12.365 92.790000000000006 -0.0041249744734378228 18.226976975812629 1.0000000180025095e-35 32.655000000000008 12.597706838886658 0.95130478125043727 0.93984942286473172 89.395000000000024 0.98984555639797045 3569.5000000000005 0.97475768552682285 46.316187014804328 46.662657771325406 199.8294061134861 2.5000000000000004 -1.8672873725019237 0.9986015941552856 -0.055069617709619018 0 0.98256966490124376 47.569674982141741 0.96836689809995746 0.97738480395361682 0.97670650871396336 12.113909265382921 0.26022786913367618 98.850000000000065
decision_type=2 2 10 2 10 2 8 10 2 2 8 2 2 2 8 8 8 2 10 2 2 1 2 10 10 2 2 10 10 10
left_child=1 7 3 9 5 6 -5 8 -1 -3 11 12 15 -14 -13 16 17 18 -8 28 -21 -22 23 -23 -20 -10 27 -27 29 -12
right_child=-2 2 -4 4 -6 -7 10 -9 25 -11 19 14 13 -15 -16 -17 -18 -19 24 20 21 22 -24 -25 -26 26 -28 -29 -30 -31
leaf_value=-0.022778714794961859 0.072882502003703595 0.084510748767637089 0.067504062797816969 -0.041913750545303059 0.079608054866114442 0.075826261408553364 0.00048449473875105401 -0.051414980133813376 0.094367995697626092 -0.011381538428648107 -0.023977566956081581 -0.0012416827477426515 0.12062807923651563 -0.037109197093471179 0.12112160602745344 -0.03684454039867964 -0.02391565319454278 -0.030534831199950863 0.020456721965506547 0.13604382686484842 -0.034328262916229708 -0.0033061654143709041 -0.052427500877936989 0.10591040007815672 0.13643906929441207 0.049763375317864976 0.085412798443283561 -0.027771614600190238 0.038815169435375774 0.032127625609172865
leaf_weight=10.930119469761847 201.22887180745602 16.428456872701648 31.929977476596832 143.45756887644529 10.031679302453993 8.9080992937087995 8.6315977647900617 7.9062442183494559 20.748373866081238 9.7959673628211004 829.14654991030693 7.0977133587002728 8.460827022790907 7.1125054433941832 8.0067521557211876 66.956552259624004 33.32076621055603 8.6939471513032895 5.5582455098629007 10.578180491924284 57.346157930791378 9.6996750161051768 14.440548487007616 14.449356958270071 8.5144580602645856 30.991921365261078 24.154349349439144 19.531005330383778 10.518238522112368 12.79275720566511
leaf_count=65 871 73 131 1737 41 42 80 69 101 82 8834 63 67 73 58 660 299 82 55 50 585 82 153 97 69 152 109 128 62 113
internal_value=-0.000529044 -0.0107171 -0.0149748 -0.0170352 -0.0184338 -0.0192678 -0.0199969 0.038981 0.0461172 0.0495885 -0.0171581 -0.00160764 -0.00906227 0.0506955 0.0671154 -0.0164587 0.00487171 0.0352169 0.0606207 -0.0197864 0.000188798 -0.0160399 0.0159583 0.0636554 0.0950264 0.054163 0.041893 0.0198329 -0.0222796 -0.023088
internal_weight=1657.37 1456.14 1341.88 1309.95 1283.72 1273.69 1264.78 114.262 106.356 26.2244 1121.32 162.353 147.249 15.5733 15.1045 131.676 64.719 31.3982 22.7043 958.971 106.514 95.9357 38.5896 24.149 14.0727 95.4256 74.6773 50.5229 852.458 841.939
internal_count=15083 14212 13588 13457 13302 13261 13219 624 555 155 11482 1506 1385 140 121 1245 585 286 204 9976 967 917 332 179 124 490 389 280 9009 8947
cat_boundaries=0 1
cat_threshold=274
is_linear=0
shrinkage=0.05


Tree=18
num_leaves=31
num_cat=0
split_feature=25 12 5 17 22 19 15 3 18 2 15 24 3 24 23 14 15 12 23 23 10 22 14 14 13 1 16 24 7 13
split_gain=473.891 95.9918 84.7715 54.1927 33.7916 29.3419 28.6303 24.1166 23.1644 18.618 25.0003 20.9351 17.794 17.0889 15.7544 14.6757 27.8232 21.8295 14.5564 27.0601 18.1081 26.5494 27.8488 72.497 18.3382 15.3083 12.2903 11.8212 11.8208 16.8324
threshold=2.5000000000000004 12.315000000000003 0.37249102616780821 -0.0018888023144180723 34.710000000000008 22.500000000000004 0.95487075896103502 93.495000000000019 10.452697239270886 75.707365578815526 0.982669205213765 1.5000000000000002 91.210000000000022 17.500000000000004 89.299873587570715 0.97738480395361682 0.97338512792603338 12.085000000000003 98.850000000000065 99.049999999999926 12.601748516714165 32.655000000000008 0.98661692455752992 0.98734437518378393 -0.055069617709619018 0.43373156971507137 0.95040540836675225 5.5000000000000009 39.504475530657388 -0.35018899797047337
decision_type=2 2 10 2 10 10 2 10 8 8 2 2 10 2 10 2 2 2 10 8 8 10 2 2 2 2 10 2 10 2
left_child=1 6 3 13 5 7 -1 8 -5 10 12 -11 28 14 -3 -8 17 -17 20 -20 -7 24 25 -24 -22 -23 -27 -2 -10 -30
right_child=27 2 -4 4 -6 18 15 -9 9 11 -12 -13 -14 -15 -16 16 -18 -19 19 -21 21 22 23 -25 -26 26 -28 -29 29 -31
leaf_value=-0.029359616868314228 0.011800975652028926 0.10098524327135808 0.075808215478108565 0.069996055016670736 0.051276636030064021 -0.040018874585891533 0.088723304931371968 0.067691423211539203 -0.016932288144367012 -0.027191545656864709 0.088974370020588223 -0.010284899217724928 0.078848352498014612 -0.0061346882903100773 0.022795730743767825 0.041428007294885258 0.076327553220237071 -0.031575799411299926 0.086306290893169879 -0.047854462235120521 0.047663330583833527 0.063901169785895828 0.20500684272665609 -0.045813611164949114 -0.053065519950576207 0.04138934935768105 -0.044224649908577336 0.072581120157975007 0.058683548865936075 -0.0036661005577509394
leaf_weight=12.796820715069769 8.766478553414343 13.484162203967573 25.445805042982101 7.2161459475755683 17.223497547209263 224.44692703336477 17.864411994814873 8.2087899744510633 105.34967983514071 334.78959160298109 6.5797206833958617 407.17198438942432 5.2772745937108985 12.01068916171789 12.954166576266287 22.915941223502159 26.097937367856503 16.966991230845451 6.4655694514512989 6.6514219865202913 4.4056885764002791 4.9114929959177998 4.9195011705160123 5.0319865792989731 33.635536395013332 4.5149404332041767 18.139916084706783 205.93971394747496 13.072399787604807 46.460990786552429
leaf_count=82 65 66 114 75 94 2803 78 33 1018 3551 47 4065 47 98 86 115 120 90 40 80 55 57 43 62 435 52 224 914 111 430
internal_value=0.00109619 -0.00935241 -0.012861 -0.0146495 -0.0164388 -0.0174142 0.0385124 -0.0129499 -0.0137371 -0.0144701 0.000114953 -0.0179399 -0.0038208 0.0431181 0.0649013 0.0490952 0.0372015 0.0103581 -0.0306489 0.0197047 -0.0329086 -0.0115408 0.0180889 0.0855766 -0.0404777 -0.00841707 -0.026134 0.0701657 -0.00692609 0.010768
internal_weight=1639.72 1425.01 1328.37 1302.92 1264.47 1247.25 96.6421 934.127 925.918 918.702 176.74 741.962 170.16 38.449 26.4383 83.8453 65.9809 39.8829 313.123 13.117 300.006 75.5591 37.5178 9.95149 38.0412 27.5663 22.6549 214.706 164.883 59.5334
internal_count=15150 14171 13686 13572 13322 13228 485 9377 9344 9269 1653 7616 1606 250 152 403 325 205 3851 120 3731 928 438 105 490 333 276 979 1559 541
is_linear=0
shrinkage=0.05


Tree=19
num_leaves=31
num_cat=0
split_feature=25 12 5 17 21 3 12 3 12 14 14 12 24 23 14 21 24 16 14 10 24 14 3 15 14 0 3 15 14 14
split_gain=429.711 93.5721 79.6857 51.1942 37.907 42.6559 25.2799 21.4861 25.5665 24.5995 19.261 42.979 18.9131 18.0806 17.1764 20.8785 16.2336 16.0959 18.6532 27.4729 22.0911 18.075 17.2469 16.8379 72.1454 19.9721 26.4437 26.235 71.7786 23.5938
threshold=2.5000000000000004 12.345000000000001 0.7571928872978777 -0.0018888023144180723 0.7000627406497909 93.155000000000015 11.155000000000003 91.845000000000013 12.065000000000003 0.98296565299084226 0.99296808310479767 12.445000000000002 17.500000000000004 89.299873587570715 0.96783160873987206 18.226976975812629 2921.0000000000005 0.98464190914619143 0.98959476025121196 12.598039571745732 1.5000000000000002 0.9882105370671892 90.750000000000014 0.95817873819485044 0.96833956125524379 3568.5000000000005 92.050000000000011 0.9770812322572523 0.98188242471416964 0.98693133284823309
decision_type=2 2 10 2 8 8 2 8 2 2 2 2 2 10 2 8 2 8 2 8 2 2 10 2 2 2 10 2 2 2
left_child=1 6 3 12 -5 10 -1 8 -8 -10 17 -12 13 -3 -7 -16 -2 18 21 -20 -21 23 -22 -6 -25 26 -26 28 -28 -29
right_child=16 2 -4 4 5 14 7 -9 9 -11 11 -13 -14 -15 15 -17 -18 -19 19 20 22 -23 -24 24 25 -27 27 29 -30 -31
leaf_value=-0.016250540783217332 0.07044280691359131 0.099788339378018232 0.082053946385994309 -0.03111204242440815 -0.030711230468158227 0.10771454014181794 0.067712014529481127 0.082297387691585788 -0.023470001340803986 0.067514029697763295 0.088461196973759662 -0.037573033024193084 -0.0094914350292262667 0.016949216893437622 -0.030869844991980273 0.070374581949902426 0.0077225021859189547 -0.048524442053351768 0.1078459835263595 -0.043385171582291472 0.082185217795860063 -0.054227462818778861 -0.0088310158217597204 0.11382728094437633 -0.011614451538547382 -0.033405671575378514 -0.027779309335687438 -0.050976562289597571 0.19477303477438376 0.056060653996349324
leaf_weight=19.223897784948349 194.76644165068865 14.294343292713167 20.37349471449852 348.10421545803547 120.41948072612286 7.8035516291856792 23.608071804046631 27.494724586606026 26.272889271378517 9.2107932642102224 13.113645076751711 12.17493214458227 12.831239774823187 12.426581062376497 9.1696566939353907 9.3687311559915578 11.167494624853132 33.260194078087807 6.225923776626586 15.023118279874323 8.9637215137481707 27.669590875506401 10.533916436135767 10.498207695782183 481.06602063030005 96.361156016588211 6.7231278717517871 10.598518200218679 6.3416513353586197 8.2611835300922376
leaf_count=137 906 70 88 4410 1306 58 101 123 155 46 72 119 105 87 82 38 50 356 51 155 73 291 101 62 4778 1055 61 115 43 56
internal_value=-0.00018302 -0.0100679 -0.0137507 -0.0153369 -0.0171307 -0.0116554 0.0349398 0.0463608 0.0285487 0.00135066 -0.01358 0.0286622 0.0400099 0.0632651 0.0498878 0.0212791 0.0670953 -0.0148813 -0.0134394 0.0191904 0.000615096 -0.0151934 0.0349803 -0.0136632 -0.0103071 -0.0126288 -0.00866861 0.0347264 0.0864153 -0.00362868
internal_weight=1613.35 1407.42 1301.61 1281.23 1241.68 893.576 105.81 86.5865 59.0918 35.4837 867.234 25.2886 39.5522 26.7209 26.3419 18.5384 205.934 841.946 808.686 40.7467 34.5208 767.939 19.4976 740.269 619.85 609.352 512.991 31.9245 13.0648 18.8597
internal_count=15150 14194 13632 13544 13282 8872 562 425 302 201 8694 191 262 157 178 120 956 8503 8147 380 329 7767 174 7476 6170 6108 5053 275 104 171
is_linear=0
shrinkage=0.05


Tree=20
num_leaves=31
num_cat=1
split_feature=25 12 5 17 21 32 24 22 11 15 24 2 7 15 3 7 15 15 16 16 3 15 15 15 37 12 3 23 3 12
split_gain=386.896 88.0345 67.0829 42.9637 36.5097 37.321 34.7565 34.1277 25.7878 21.2956 19.8221 30.8256 24.2226 18.8974 28.176 39.4674 22.4079 20.0131 20.0475 19.1461 17.9158 22.282 18.7028 22.9831 19.8511 29.7412 26.3715 17.8964 19.6324 21.5022
threshold=4.5000000000000009 12.365 0.7571928872978777 -0.0041249744734378228 15.340489220419911 1.0000000180025095e-35 17.500000000000004 32.655000000000008 12.596992872272663 0.95130478125043727 1.5000000000000002 74.984210760367077 40.086414052038023 0.97914701287347372 90.710000000000022 39.261746191035634 0.97732800967614086 0.97720830274620452 0.93355155108255727 0.98398661530219966 91.950000000000017 0.9770812322572523 0.96659272483738246 0.97107488109568363 0 13.905000000000003 91.345000000000013 90.946022622556939 91.210000000000022 13.895000000000001
decision_type=2 2 10 2 10 2 2 8 10 2 2 8 10 2 8 10 2 2 10 10 10 2 2 2 1 2 8 10 10 2
left_child=1 8 3 6 5 7 -3 -5 9 -1 11 12 -9 16 15 -15 17 18 -12 27 22 -22 -13 24 25 -24 -26 28 -16 -30
right_child=-2 2 -4 4 -6 -7 -8 10 -10 -11 13 20 -14 14 19 -17 -18 -19 -20 -21 21 -23 23 -25 26 -27 -28 -29 29 -31
leaf_value=-0.026476042518597132 0.067190161768087481 0.085596452237811024 0.079163339261322671 -0.040564531133126358 0.060902639186966437 0.068145137550173998 -0.027070847855245508 -0.0071201543431531726 -0.046176393430565961 0.047963608872782351 0.081908691943971892 -0.045155938424523832 0.060370804728024134 -0.0092129863866546972 -0.044357454087657289 0.12890736129646627 -0.053900426688663378 0.083837199075012095 -0.011371883940631976 -0.02857075310775898 0.050423059851001484 -0.022903408671964165 -0.033908453701315559 -0.031184307414298965 0.1188464452671369 0.07998761337483716 0.0012895836627135285 0.083499647297679544 0.054062165947594977 -0.047812336894310192
leaf_weight=10.052651241421698 191.12818855047226 18.326384544372562 18.804553657770157 134.37222658097744 14.677399292588232 12.082523733377455 9.9953357204794866 59.166724644601345 8.4977437034249288 94.152077756822109 4.8459201678633681 135.24534977972507 16.087518729269505 9.5446668267250079 12.592178680002688 9.9767175391316396 28.735704474151134 4.7361618131399146 454.90074134618044 35.366414368152618 15.221196129918097 27.692911699414253 38.465754710137844 167.06182579696178 7.8863537237048176 5.7378095760941497 10.348502017557619 7.9173378199338904 19.834962040185932 6.0361221432685843
leaf_count=61 886 81 82 1771 61 56 84 582 78 490 34 1627 129 87 141 68 319 47 4799 350 117 286 445 1889 81 45 115 82 168 67
internal_value=0.0006579 -0.00847725 -0.0121985 -0.013616 -0.0150216 -0.0159811 0.0462666 -0.0168755 0.0337076 0.040599 -0.0138861 -0.0214041 0.00791026 -0.00775335 0.0118362 0.0642175 -0.0117913 -0.00907598 -0.010213 -0.00129752 -0.0268217 0.00366071 -0.0304083 -0.0215593 0.00427919 -0.0144788 0.0366257 0.0196631 0.00473999 0.0293985
internal_weight=1589.49 1398.36 1285.66 1266.85 1238.53 1223.86 28.3217 1211.77 112.702 104.205 1077.4 482.914 75.2542 594.487 101.268 19.5214 493.219 464.483 459.747 81.747 407.66 42.9141 364.746 229.5 62.4384 44.2036 18.2349 46.3806 38.4633 25.8711
internal_count=15128 14242 13613 13531 13366 13305 165 13249 629 551 11478 5316 711 6162 963 155 5199 4880 4833 808 4605 403 4202 2575 686 490 196 458 376 235
cat_boundaries=0 1
cat_threshold=81
is_linear=0
shrinkage=0.05


Tree=21
num_leaves=31
num_cat=2
split_feature=25 12 3 16 22 15 23 5 24 23 15 2 11 14 18 23 23 37 19 9 16 19 36 6 15 3 15 37 7 1
split_gain=376.336 71.7463 67.2646 46.6635 34.5956 29.2198 28.7358 19.4911 18.8164 30.1481 31.9852 22.9614 18.5128 20.6693 17.3559 16.6391 25.2111 16.3975 27.3385 18.5939 20.2757 30.9617 14.8226 14.5537 14.4865 38.2456 30.0121 29.7438 41.9769 31.1481
threshold=2.5000000000000004 12.365 93.155000000000015 0.92583425009167597 34.710000000000008 0.95487075896103502 94.444833097928424 0.7571928872978777 1.5000000000000002 93.303207757130394 0.95557382685642278 65.250152036595338 12.252933684817197 0.97750908248756285 10.49495401907429 98.850000000000065 99.049999999999926 0 22.500000000000004 40.991476402189285 0.95004028197872104 24.500000000000004 1.5000000000000002 273.54266282959378 0.96659272483738246 91.845000000000013 0.97107488109568363 1 39.088122320496034 0.99986033519553086
decision_type=2 2 10 8 10 2 10 10 2 10 2 8 10 2 10 10 10 1 8 8 10 10 2 10 2 10 2 1 10 2
left_child=1 5 3 14 6 -1 7 8 11 17 -11 -5 -7 -14 -3 -8 -17 -10 -19 -20 -21 22 -22 -2 25 -13 27 29 -29 -26
right_child=23 2 -4 4 -6 12 15 -9 9 10 -12 24 13 -15 -16 16 -18 18 19 20 21 -23 -24 -25 26 -27 -28 28 -30 -31
leaf_value=-0.03881288312274167 0.06738005903582947 0.068923663507140395 0.067803064160466386 0.017259662341766652 0.048349297472650488 0.053640417163563783 -0.044658847826361148 0.077062615764029271 -0.032267312047051556 -0.033404680135964628 0.10310431032888293 -0.043075112439661528 0.067005638032908377 -0.018656425419403131 -0.013475401847529196 0.068853999977987149 -0.048779735757057609 0.096493321391840692 -0.016247258420444038 -0.049443034011680709 0.05734852005887088 0.11245496061064358 0.00027340889882327871 0.0067113798240385457 -0.031993825069822408 0.078594492589640422 -0.02751812400179092 0.17601901385004037 0.021080906995884861 0.088513996278256124
leaf_weight=13.118274688720701 187.10508010536432 21.642052002251152 24.362286418676376 33.31318261474371 19.57120455801487 65.16932550817728 123.10309337824583 4.833668813109397 67.463252194225788 6.096123211085799 10.896645523607729 145.38923487067223 9.021586902439596 22.756361335515976 8.500798784196375 7.8407157361507442 8.4170805066823942 5.2886104360222808 298.58521936833858 15.460722111165522 11.250653386116026 5.8957886248826972 159.37672456353903 10.680734522640703 39.448072776198387 5.862445041537284 212.4081019833684 5.6882854253053692 13.57581816613674 5.2055235505104056
leaf_count=94 914 115 105 290 108 309 1730 21 899 73 115 1813 56 161 62 49 110 63 3066 176 81 73 1542 49 451 38 2354 56 131 34
internal_value=-0.000137654 -0.00946255 -0.0128511 -0.0144955 -0.0160457 0.029079 -0.0171488 -0.0142806 -0.0147782 -0.00876441 0.0549972 -0.0223148 0.0385681 0.00696487 0.0459992 -0.038422 0.0086544 -0.0107819 -0.00700912 -0.00846155 0.00366871 0.0085728 0.00434899 0.0641541 -0.0254312 -0.037874 -0.0185084 0.0113948 0.0490527 -0.013383
internal_weight=1567.33 1369.54 1259.48 1235.11 1204.97 110.066 1185.4 1046.04 1041.2 580.314 16.9928 460.891 96.9473 31.7779 30.1429 139.361 16.2578 563.321 495.858 490.569 191.984 176.523 170.627 197.786 427.577 151.252 276.326 63.9177 19.2641 44.6536
internal_count=15138 14175 13555 13450 13273 620 13165 11276 11255 6088 188 5167 526 217 177 1889 159 5900 5001 4938 1872 1696 1623 963 4877 1851 3026 672 187 485
cat_boundaries=0 1 2
cat_threshold=324 81
is_linear=0
shrinkage=0.05


Tree=22
num_leaves=31
num_cat=2
split_feature=25 12 5 16 22 17 21 15 14 38 12 32 1 13 22 1 0 2 2 14 2 37 14 14 36 29 14 14 16 16
split_gain=344.74 77.3111 56.0737 41.3252 31.435 26.215 24.426 21.4046 31.6798 19.5714 17.6624 15.5304 12.9133 29.1742 16.2426 12.8776 29.7446 23.6029 26.4382 21.875 18.5527 17.3264 20.7363 58.257 21.8949 18.7011 17.7109 21.0379 22.6497 25.1724
threshold=4.5000000000000009 12.325000000000001 0.7571928872978777 0.92583425009167597 34.350000000000001 -0.0012899397100760242 18.226976975812629 0.97353941773043673 0.98011768748367833 0 12.105000000000002 1.0000000180025095e-35 0.99971874559983809 -0.0051886926610021384 32.550000000000004 0.57182979957321645 3558.5000000000005 89.331202275189455 89.359847436681676 0.99296808310479767 90.22109751886596 1 0.98672949724077563 0.98709148487058662 1.5000000000000002 205.50000000000003 0.98693133284823309 0.98513732763609496 0.97346064270936294 0.97302762475312232
decision_type=2 2 10 8 8 2 10 2 2 1 2 2 2 2 10 2 2 8 10 2 10 1 2 2 2 2 2 2 10 8
left_child=1 5 3 9 12 -1 11 8 -7 -3 -10 15 -5 -14 -15 19 17 -17 -19 21 -18 26 25 -24 -25 -23 27 28 29 -6
right_child=-2 2 -4 4 6 7 -8 -9 10 -11 -12 -13 13 14 -16 16 20 18 -20 -21 -22 22 23 24 -26 -27 -28 -29 -30 -31
leaf_value=-0.045010748733626031 0.065303440224603299 -0.013181041482233881 0.072870899258321895 -0.032229018069384198 0.0052349006548876083 0.047534732552272918 0.069650213060420268 0.077406990118640884 0.022909805066445882 0.066882763293294997 -0.065123712718740526 0.049359071650020611 0.11535502832868175 -0.05032175877944059 0.038512743579070391 -0.0065769934933331987 -0.027272900010486146 0.13113973663072762 0.013071306156416079 0.072575369687040522 0.029900598553893733 -0.029838114595689077 0.13379189588844109 -0.049464793267789436 0.022953620957527513 0.042475288693946942 -0.036640142812710143 0.047649131427409896 -0.037922481063769949 0.10684248989271382
leaf_weight=9.0783955380320531 177.36189232766628 10.934421680867672 18.155539274215698 270.07168845832348 126.57506839931011 46.587024226784706 8.4766190648078901 27.02997087687254 9.8400821760296839 22.249829009175301 11.360519811511038 9.5304828733205778 3.9044486135244396 13.649467907845976 7.0437029600143424 88.879031330347061 331.61293874680996 6.0418656766414669 15.315761685371397 7.7697375118732444 14.027463771402834 157.68266893178225 7.1075576096773139 19.610293544828892 20.274840876460075 8.6173333972692472 23.677732788026333 27.929178223013878 29.00161287933588 5.4123655185103408
leaf_count=67 867 88 82 3719 1299 228 37 126 51 107 67 42 37 201 85 908 3631 47 129 43 115 1690 64 212 181 83 233 256 295 49
internal_value=-5.11994e-05 -0.00863212 -0.0120743 -0.0133805 -0.0149112 0.032618 -0.0102839 0.0404428 0.0247925 0.0408874 -0.0250722 -0.0111141 -0.0290799 0.00540483 -0.0197021 -0.0118167 -0.0176774 0.00490488 0.0508434 -0.00562919 -0.024873 -0.00722259 -0.0168205 0.0115346 -0.0129913 -0.0258595 0.00308357 0.00839135 0.00132861 0.0101736
internal_weight=1534.81 1357.45 1253.55 1235.4 1202.21 103.896 907.543 94.8176 67.7876 33.1843 21.2006 899.066 294.669 24.5976 20.6932 889.535 455.877 110.237 21.3576 433.658 345.64 425.889 213.293 46.9927 39.8851 166.3 212.596 188.918 160.989 131.987
internal_count=15039 14172 13633 13551 13356 539 9314 472 346 195 118 9277 4042 323 286 9235 4830 1084 176 4405 3746 4362 2230 457 393 1773 2132 1899 1643 1348
cat_boundaries=0 1 2
cat_threshold=2 146
is_linear=0
shrinkage=0.05


Tree=23
num_leaves=31
num_cat=0
split_feature=25 10 5 16 21 19 8 15 11 17 15 15 7 0 1 24 7 24 15 16 12 15 0 3 13 24 22 16 15 15
split_gain=315.697 66.5429 53.6376 35.9958 40.055 33.8645 27.1817 25.772 24.8517 24.632 19.5328 30.5528 25.0086 31.1825 23.1573 17.7528 17.0009 16.8558 20.3348 15.2364 22.9721 30.1299 16.3256 20.9821 14.0569 15.9468 13.39 12.8938 17.6753 12.8436
threshold=4.5000000000000009 12.588778508771933 0.7571928872978777 0.92908345337922438 0.7000627406497909 22.500000000000004 43.994952895525067 0.97670650871396336 12.252933684817197 0.00079392275692666736 0.95817873819485044 0.96061780726727908 39.61285714609037 3558.5000000000005 0.998879080824288 2786.0000000000005 39.467813119629874 2.5000000000000004 0.97163219772699894 0.97346064270936294 12.415000000000001 0.95205454988329852 3566.5000000000005 88.950000000000017 1.5246654426424284 3.5000000000000004 32.105000000000011 0.97148117642979781 0.95817873819485044 0.96889725982220731
decision_type=2 8 10 8 8 10 10 2 10 2 2 2 10 2 2 2 8 2 2 10 2 2 2 10 2 2 10 10 2 2
left_child=1 7 3 5 -5 -3 9 8 16 19 -8 14 -13 24 -12 -2 29 -15 -19 20 -6 -22 23 -23 25 -14 -7 28 -10 -1
right_child=15 2 -4 4 6 26 10 -9 27 -11 11 12 13 17 -16 -17 -18 18 -20 -21 21 22 -24 -25 -26 -27 -28 -29 -30 -31
leaf_value=0.039872078957344521 0.066853529557494476 0.087494383865978687 0.071000398311875879 -0.030194632835607711 -0.023847283025098896 -0.050039103962908393 -0.033336413925610923 0.073830643777827235 -0.051280701020809151 0.10470028371804369 0.012024479074382893 -0.021227037029575107 0.022673898690909303 -0.0229003137639016 0.10175627846598639 -5.0632316917309394e-06 0.059230804686837717 -0.023939756324566852 0.032331911752712744 -0.013123672673067441 -0.02863316298824306 0.0087692155714543911 0.11751245873386335 0.10796488467704762 -0.036295879299799376 0.087542473820751102 0.027108670099327156 -0.049527210747854489 0.039999702956983844 -0.032431793452814849
leaf_weight=10.982844904065134 164.19924573600292 15.920961223542689 18.24642887711525 307.16583309322596 17.510091371834278 9.1175394654274005 98.549722440540791 23.13944111764431 7.0936700180172947 5.9143529608845702 40.229960262775421 348.24634958803654 51.277960196137428 114.66098218411207 7.8538519963622084 10.563395872712134 32.359665781259537 26.620429582893848 37.482803083956242 49.753292918205261 10.692809186875818 17.214055359363559 9.7438782155513746 6.8564997389912596 6.8657788112759581 11.01023083925247 11.709484882652758 15.343801558017729 14.462105348706244 11.606924414634703
leaf_count=65 828 85 84 4313 182 82 1146 120 62 51 374 3783 456 1223 49 51 164 258 305 476 103 168 73 58 72 84 80 121 95 65
internal_value=-0.000166676 -0.00843872 -0.0118641 -0.0131773 -0.0147201 0.0349357 -0.00916754 0.0277703 0.0154962 0.0130778 -0.0127048 -0.00950205 -0.0126061 -0.000459675 0.0284555 0.0628353 0.0365479 -0.011491 0.00895495 0.00734412 0.0237121 0.0425358 0.0652169 0.0402045 0.0278139 0.0353423 -0.00740987 -0.0159905 0.009019 0.00292143
internal_weight=1512.39 1337.63 1222.64 1204.4 1167.65 36.748 860.483 114.988 91.849 117.685 742.798 644.248 596.165 247.918 48.0838 174.763 54.9494 178.764 64.1032 111.771 62.0173 44.5072 33.8144 24.0706 69.154 62.2882 20.827 36.8996 21.5558 22.5898
internal_count=15076 14197 13505 13421 13174 247 8861 692 572 1111 7750 6604 6181 2398 423 879 294 1786 563 1060 584 402 299 226 612 540 162 278 157 130
is_linear=0
shrinkage=0.05


Tree=24
num_leaves=31
num_cat=0
split_feature=25 12 3 16 22 19 12 20 14 14 3 16 14 14 4 3 15 14 14 15 3 6 14 36 14 14 24 24 18 10
split_gain=299.621 55.6663 47.0269 40.9697 33.7283 28.1261 23.6175 21.0195 32.0272 17.5818 42.9095 17.415 25.804 42.4697 20.2657 19.7168 31.5772 54.8514 19.6443 18.0868 16.7563 26.9533 18.2088 15.7575 14.6825 17.57 29.6069 17.7824 14.3676 26.1831
threshold=5.5000000000000009 12.235000000000001 92.790000000000006 0.92908345337922438 34.350000000000001 22.500000000000004 11.155000000000003 10.760169491525424 0.9673209029202966 0.99296808310479767 92.155000000000015 0.98464190914619143 0.99012500603607234 0.99076032007309101 -4.7591259516147888 92.050000000000011 0.9770812322572523 0.98226026006537703 0.98765917544667914 0.60191750796794097 82.250000000000014 360.70923699261806 0.96667556908560848 1.5000000000000002 0.97731739614984947 0.96320701882332316 2.5000000000000004 1.0000000180025095e-35 10.495238546478257 12.601277372777414
decision_type=2 2 10 8 8 10 2 10 2 2 8 8 2 2 10 10 2 2 2 2 8 8 2 2 2 2 2 2 8 10
left_child=1 6 3 5 -5 -3 -1 9 -9 11 -11 12 15 14 -14 19 17 -17 -18 -6 21 23 -22 -21 25 -23 27 -27 29 -24
right_child=-2 2 -4 4 7 -7 -8 8 -10 10 -12 -13 13 -15 -16 16 18 -19 -20 20 22 24 28 -25 -26 26 -28 -29 -30 -31
leaf_value=-0.016880925886661593 0.062649555907403121 0.089772497929326456 0.053220570685861092 -0.028773616198262342 0.06699872475476025 0.0018516570639559101 0.045699255465647889 0.10185605328607752 -0.013457705020999317 0.076836337526291376 -0.052418030910639402 -0.047461388591699974 0.035628872484508543 -0.022959884234137785 0.14994483774931708 0.0050045046198299017 -0.046885180407627056 0.15617183378725197 0.03662054473370898 0.10472727199820969 -0.041178903679358086 -0.041644183910075773 -0.017803756093173619 0.0033687914111026648 -0.032159562823008365 0.058585729302940794 0.11585001040698678 -0.03622482997598591 -0.015521304994441279 0.12963561001931578
leaf_weight=19.012554541230202 168.69282840192318 14.99232657253742 27.295239984989166 279.68114839494228 5.8680032566189757 21.195244416594505 64.435822390019894 9.6849811300635356 13.334200970828531 16.404410570859913 9.3044310510158521 31.285980924963951 9.6929390430450457 16.658253580331802 6.5787317454814902 17.983059965074066 19.505991712212566 8.0587453097105008 9.8388341143727285 8.7270025685429555 70.747785627841949 9.2527258396148664 7.366622678935526 6.4427042305469504 30.689490057528019 7.1411172896623674 7.0284815132617942 11.600370958447455 567.94267196953297 3.8673401027917862
leaf_count=134 874 80 122 4005 53 162 306 53 92 110 88 371 87 166 46 161 230 54 74 65 901 95 105 56 294 68 56 123 6073 41
internal_value=7.51206e-05 -0.00789304 -0.0105438 -0.0120117 -0.0136238 0.0397114 0.0314102 -0.00891539 0.0372796 -0.0101619 0.029846 -0.0113965 -0.00997302 0.0327716 0.0878531 -0.0117892 0.0167632 0.0558292 -0.0186029 -0.0139557 -0.0146964 0.00669593 -0.0173648 0.06455 -0.00742713 0.0145364 0.0355102 0.00103878 -0.0143899 0.0394004
internal_weight=1500.31 1331.62 1248.17 1220.87 1184.69 36.1876 83.4484 905.005 23.0192 881.986 25.7088 856.277 824.991 32.9299 16.2717 792.061 55.3866 26.0418 29.3448 736.674 730.806 80.8819 649.924 15.1697 65.7122 35.0227 25.77 18.7415 579.177 11.234
internal_count=15145 14271 13831 13709 13467 242 440 9462 145 9317 198 9119 8748 299 133 8449 519 215 304 7930 7877 757 7120 121 636 342 247 191 6219 146
is_linear=0
shrinkage=0.05


Tree=25
num_leaves=31
num_cat=0
split_feature=24 17 3 12 17 12 19 17 10 36 22 15 14 15 19 14 10 15 15 14 8 15 6 2 15 23 23 15 3 14
split_gain=247.417 66.3952 56.5564 45.0641 44.2876 28.5561 26.6381 22.8722 20.4821 20.353 18.5317 24.7586 47.3021 21.8073 18.6595 58.2876 16.317 15.4811 31.662 31.3189 25.1429 14.5511 13.8572 14.1348 13.6806 13.642 47.5229 20.9768 13.585 12.8193
threshold=4.5000000000000009 0.001766052094592616 93.155000000000015 12.315000000000003 -0.0041249744734378228 11.065000000000003 26.500000000000004 0.0020608776378277576 12.601569998574179 4.5000000000000009 34.655000000000008 0.95817873819485044 0.96783160873987206 0.95876536167256299 27.500000000000004 0.98344565352296121 12.602373110197982 0.9667079777601465 0.96422356974965451 0.97526886445104688 52.136838742841412 0.95992336592997896 181.86948322855815 78.104560714342696 0.96692631599711065 91.050000000000026 90.192927495291841 0.94879315078115822 91.845000000000013 0.9394562295252995
decision_type=2 2 10 2 2 2 8 2 10 2 10 2 2 2 8 2 10 2 2 2 8 2 8 10 2 10 10 2 8 2
left_child=2 5 3 28 -5 -2 7 8 29 -7 11 -8 -13 -14 15 -15 17 18 19 20 21 -16 23 -3 -19 26 -10 -27 -1 -6
right_child=1 22 -4 4 6 9 10 -9 25 -11 -12 12 13 14 16 -17 -18 24 -20 -21 -22 -23 -24 -25 -26 27 -28 -29 -30 -31
leaf_value=0.014994075509065161 -0.032607262056409958 0.05059794945912717 0.072844906745759594 0.078113765197412102 0.018265278851384757 0.059973184950294925 -0.034391347617635779 0.074041007644034082 -0.034545994822400949 0.027773532661077016 0.042953309840391363 0.11314940873680622 0.064251671144084074 -0.033845678205666814 0.013433004884563929 0.1649396768175459 -0.042259789667936129 0.067217924868764961 -0.05338473421346545 0.10405846528647025 0.072128531164386597 -0.039407910893375836 -0.047318367651496385 -0.025866421871115319 -0.0070041125533474779 0.050718512618361446 0.16084641503820463 -0.050436766539778924 0.069167262322270773 -0.039704349946999472
leaf_weight=38.280151061713696 9.8267473056912404 9.9631271436810511 18.987173959612846 11.843611612915991 9.4429397433996183 192.90543650090694 105.94786478206515 4.3139459937810889 6.8673906140029413 69.372085131704807 14.690826810896395 6.9042400270700446 8.794342599809168 8.8203302100300771 17.991398073732853 5.0266984030604354 41.329272791743279 5.2949607893824568 56.042620331048965 5.2062745541334143 6.7158984877169123 42.580527171492577 20.17900189012289 12.531206361949442 488.87866785377264 6.668917469680312 4.3010313212871552 14.731438666582106 16.103340119123459 207.42398454248905
leaf_count=191 69 89 88 60 72 1076 1358 48 99 604 83 36 77 121 172 45 516 54 669 54 68 491 196 122 5054 97 42 224 74 3112
internal_value=0.000155724 0.0393731 -0.010574 -0.0120334 -0.0142784 0.0484452 -0.0153751 -0.0294986 -0.0315778 0.0515943 -0.0109428 -0.0119855 -0.0085183 -0.00990437 -0.0109596 0.0445655 -0.0121828 -0.010122 -0.0255152 -0.00353708 -0.013264 -0.0237496 -0.0182594 0.00871307 -0.0060747 0.00525423 0.0477354 -0.0180572 0.0319944 -0.037108
internal_weight=1467.97 314.778 1153.19 1134.2 1079.82 272.104 1067.97 253.75 249.436 262.278 814.224 799.533 693.585 686.681 677.887 13.847 664.04 622.71 128.537 72.4941 67.2878 60.5719 42.6733 22.4943 494.174 32.5688 11.1684 21.4004 54.3835 216.867
internal_count=15061 2156 12905 12817 12552 1749 12492 3694 3646 1680 8798 8715 7357 7321 7244 166 7078 6562 1454 785 731 663 407 211 5108 462 141 321 265 3184
is_linear=0
shrinkage=0.05


Tree=26
num_leaves=31
num_cat=0
split_feature=25 12 5 21 32 17 22 12 24 8 16 15 16 16 8 14 15 14 12 12 4 20 15 3 4 6 12 14 14 6
split_gain=257.835 60.9464 42.198 27.6292 27.5429 26.9521 30.411 24.7399 18.5362 24.3567 24.28 32.9679 19.0417 18.7919 15.5656 34.7371 16.5645 30.2802 29.3131 27.6587 22.7363 21.772 19.6632 19.6083 20.3941 14.6852 14.5752 14.8913 31.1325 14.0384
threshold=4.5000000000000009 12.315000000000003 0.7571928872978777 12.755856980571318 1.0000000180025095e-35 -0.027769524099890561 32.550000000000004 11.155000000000003 1.5000000000000002 47.176765420631391 0.97872634301163763 0.97489284977279889 0.97714756188400786 0.93355155108255727 53.033041424830067 0.98117528196116133 0.97914701287347372 0.99048885574354129 13.915000000000001 12.455000000000002 -15.158979896538847 10.760169491525424 0.97732800967614086 90.710000000000022 -8.187398484655553 -41.053829259216592 12.105000000000002 0.98535411606936862 0.97862994651894419 300.06201506459684
decision_type=2 2 10 10 2 2 8 2 2 8 8 2 10 10 10 2 2 2 2 2 8 10 2 8 8 8 2 2 2 10
left_child=1 7 3 4 5 -3 -7 -1 9 10 11 25 -13 -10 16 -16 21 18 19 23 -19 22 -15 -18 -25 -8 -9 28 -28 -2
right_child=29 2 -4 -5 -6 6 8 26 13 -11 -12 12 -14 14 15 -17 17 20 -20 -21 -22 -23 -24 24 -26 -27 27 -29 -30 -31
leaf_value=-0.020155427884361837 0.063476684398461797 0.052369347374279576 0.068109700661901612 0.052438402690139933 0.063112956654554769 -0.038115701106553136 0.065488864330783256 0.065547286623192466 0.072005812489518137 -0.027704389272044567 -0.039175783278384273 0.096903913252066723 0.0062658183820818881 -0.010392799860800042 -0.043914366210415418 0.087375000995433619 0.081589435871694024 0.065388438296567902 -0.040770891692737975 0.10817917822557555 -0.039180939960666822 0.077524144252490115 -0.053241669035187414 0.080366138180436808 -0.026097782456060273 -0.010020985396359513 0.041466246188052606 0.068060008513735934 -0.063023428647697513 0.00024286625569427779
leaf_weight=18.38689174503088 150.31203150749207 14.537107564508913 15.909566715359686 15.709224261343477 10.990959674119948 116.67675398290157 5.8741964250802994 37.315881967544556 6.7570368051528922 284.91929951310158 36.460094183683395 13.052088215947153 10.110787339508532 427.79962082207203 7.5121746510267284 11.80080886185169 9.3164140805602056 5.2306482344865799 9.9150597900152189 13.639989554882048 32.210412260144949 5.7416576631367198 27.663408108055592 4.8707997649908066 18.241941757500175 101.9437697827816 17.579237833619121 10.966105103492735 10.56712796539068 9.3259270340204221
leaf_count=134 831 81 78 79 51 1769 57 178 40 3581 442 118 107 4805 78 89 74 30 125 105 351 59 341 47 204 1126 80 51 63 46
internal_value=3.94394e-05 -0.00733064 -0.0103704 -0.011475 -0.0123732 -0.0131393 -0.0140124 0.0310658 -0.0112559 -0.0188346 -0.0036667 0.00643962 0.0592363 -0.00532987 -0.006364 0.0366595 -0.00792542 0.0111864 0.0342214 0.0508846 -0.0232513 -0.0118127 -0.0131062 0.0242708 -0.00125902 -0.005343 0.0434896 0.0213356 0.0014208 0.0598071
internal_weight=1461.34 1301.7 1206.88 1190.97 1175.27 1164.27 1149.74 94.8152 1033.06 452.36 167.441 130.981 23.1629 580.7 573.943 19.313 554.63 93.4253 55.9842 46.0691 37.4411 461.205 455.463 32.4292 23.1127 107.818 76.4284 39.1125 28.1464 159.638
internal_count=15220 14343 13837 13759 13680 13629 13548 506 11779 5431 1850 1408 225 6348 6308 167 6141 936 555 430 381 5205 5146 325 251 1183 372 194 143 877
is_linear=0
shrinkage=0.05


Tree=27
num_leaves=31
num_cat=0
split_feature=25 12 3 17 12 27 22 21 23 23 14 36 1 12 2 14 15 2 3 16 12 3 16 18 7 24 23 15 15 14
split_gain=236.583 45.3958 37.5129 25.7744 21.2598 20.8377 23.9999 18.556 16.7798 57.9053 84.6867 18.6963 16.9115 76.4986 21.5719 21.4538 38.4721 15.237 13.8349 15.3694 13.5942 14.0668 13.195 14.2819 12.5281 11.8768 16.6175 11.4307 25.3804 23.0648
threshold=3.5000000000000004 12.315000000000003 92.790000000000006 -0.0018888023144180723 11.155000000000003 1.0000000180025095e-35 32.655000000000008 18.226976975812629 90.293421845574471 91.050000000000026 0.98098376923597064 3.5000000000000004 0.998879080824288 13.830000000000002 75.707365578815526 0.96986597497728921 0.95817873819485044 64.868925626652 91.210000000000022 0.98431479029747626 12.105000000000002 91.290000000000006 0.93355155108255727 10.499997013577467 39.888042145795559 17.500000000000004 89.299873587570715 0.96942866265762084 0.97107488109568363 0.98256966490124376
decision_type=2 2 10 2 2 2 8 10 8 8 2 2 2 2 8 2 2 8 8 8 2 8 8 8 10 2 10 2 2 2
left_child=1 4 3 25 -1 6 -5 8 -8 10 -10 12 14 -14 18 16 -15 -2 19 -11 -6 -22 -16 -24 -17 26 -3 -25 29 -29
right_child=17 2 -4 5 20 -7 7 -9 9 11 -12 -13 13 15 22 24 -18 -19 -20 -21 21 -23 23 27 -26 -27 -28 28 -30 -31
leaf_value=-0.019545924886874934 -0.0029292259421076087 0.094315623199263704 0.047665354661603238 -0.036186058699715661 0.061266657562742979 0.043061663789734514 -0.04015047939456623 0.063144057920439908 -0.046355890563834448 -0.0063943149576777165 0.2006886938869859 0.0072091255138711776 0.12150554773373359 -0.041677933535970643 0.057252044284954867 -0.040918039496244507 0.13015007534863129 0.06179217385622357 0.074532512536309423 0.072171773986259249 -0.0065308683292438791 0.054790585086373023 -0.046306812301798415 -0.027960718106364798 0.014547563172661225 -0.011607002225605876 0.0089124811247566129 0.0087590635310780627 -0.018282688044739061 0.1186499366133625
leaf_weight=19.461939811706543 9.609395965933798 10.439128175377848 26.19600585103035 107.93757840245962 33.646908715367317 15.360824070870875 49.552217219024897 7.2969014793634406 5.7156885378062707 136.91961972042918 6.7564991861581802 110.92845549061894 11.416795104742048 5.7822842635214311 4.4027220606803885 39.983690492808819 5.5183629095554352 143.68763303756714 5.0155668482184401 5.5204836949706069 23.712924487888813 14.247872173786162 53.436578970402479 222.57148529961705 12.970299199223517 10.598098985850809 11.80638127774 32.826251026242971 281.6325053088367 4.6286280564963809
leaf_count=144 48 60 123 1718 165 95 704 35 82 1395 60 1111 52 73 38 478 29 821 43 39 121 68 843 2844 107 89 89 382 3269 37
internal_value=-0.000739696 -0.00780382 -0.0104235 -0.0117764 0.0260324 -0.0130585 -0.0138726 -0.0114374 -0.0120468 -0.0105339 0.0924371 -0.012007 -0.0146039 0.00783427 -0.0168845 -0.0139154 0.0459889 0.0577424 0.000249561 -0.00286745 0.0385185 0.0173005 -0.0210922 -0.0217669 -0.0273147 0.0312734 0.0513228 -0.0192651 -0.0131313 0.0250715
internal_weight=1429.58 1276.28 1185.21 1159.02 91.0696 1126.17 1110.81 1002.88 995.578 946.026 12.4722 933.554 822.625 75.6714 746.954 64.2546 11.3006 153.297 147.456 142.44 71.6077 37.9608 599.498 595.095 52.954 32.8436 22.2455 541.659 319.087 37.4549
internal_count=15162 14293 13795 13672 498 13434 13339 11621 11586 10882 142 10740 9629 739 8890 687 102 869 1477 1434 354 189 7413 7375 585 238 149 6532 3688 419
is_linear=0
shrinkage=0.05


Tree=28
num_leaves=31
num_cat=3
split_feature=25 5 10 32 16 23 16 38 23 36 37 22 11 21 3 3 4 10 24 10 4 11 1 13 37 14 14 1 14 6
split_gain=234.023 46.4905 45.3338 31.395 25.8604 27.0367 21.4557 18.9112 18.657 39.4471 21.7614 23.4251 20.3591 17.2565 13.632 14.5948 34.3707 20.4536 19.7871 33.5571 14.3491 13.5814 12.9582 62.6436 24.0978 43.5273 16.2654 15.0486 26.6123 12.3619
threshold=4.5000000000000009 0.7571928872978777 12.588778508771933 1.0000000180025095e-35 0.92583425009167597 94.40259759391418 0.95428042739155017 0 93.303207757130394 2.5000000000000004 1 34.350000000000001 12.605913472465749 0.060084943717682665 93.495000000000019 82.250000000000014 -26.999090437314273 12.599551296645652 2.5000000000000004 12.600443168041148 -29.702222816293887 12.348917626431055 0.9986015941552856 -0.055069617709619018 2 0.98256966490124376 0.9803373353596373 0.59862032769001228 0.99296808310479767 234.57557316001245
decision_type=2 10 8 2 8 10 10 1 10 2 1 10 8 10 10 8 10 10 2 10 8 10 2 2 1 2 2 2 2 10
left_child=1 2 6 4 7 8 -1 -4 10 -10 -6 14 -13 -11 15 16 17 -12 20 -20 -19 -8 27 -24 25 26 -25 28 -17 -2
right_child=29 -3 3 -5 5 -7 21 -9 9 13 11 12 -14 -15 -16 22 -18 18 19 -21 -22 -23 23 24 -26 -27 -28 -29 -30 -31
leaf_value=-0.043604103693428022 0.061586435522163731 0.070414852163355052 -0.022235224239271881 0.07425028288989366 -0.034014085394347672 -0.035583737382677234 0.042525765666474404 0.061180475603739404 -0.015938656904425804 0.14534277890825037 -0.038254220784525839 -0.0024084102783527564 0.098942047191298038 0.024490982684938052 0.047957101603844136 -0.010549325380239935 0.10821414477496427 0.031246705332354532 -0.0071625056525995148 0.13946649877713527 -0.030474713329000321 0.002082848512901928 0.117599749341971 0.029664317120502427 -0.028983407257289602 -0.04726212214317705 0.11653980312093887 -0.023819529285737807 0.084827065676415736 -5.5057595178678157e-05
leaf_weight=10.134118124842642 144.28709973394871 18.019527807831764 9.5566562339663506 9.639724910259245 91.052910607308149 120.81291253864765 66.209211278706789 19.372508138418198 20.99567973613739 6.3307268247008306 24.369099289178848 10.58566200733185 8.2396246641874296 5.7583150789141655 8.9466211646795255 327.56040404364467 6.8853452652692786 15.765144072473047 7.8975698947906476 6.5380494743585587 20.499519169330597 30.190355610102415 9.7607370838522893 15.306273885071279 51.204539354890585 12.957591537386177 8.2519312426447851 306.36013143882155 6.488454967737197 8.6139422059059125
leaf_count=76 854 92 82 44 1434 1922 365 98 314 62 262 126 64 44 37 3668 46 136 67 49 233 229 45 120 623 169 52 3707 31 43
internal_value=-5.99657e-05 -0.00718691 -0.00837267 -0.0113136 -0.0121146 -0.0133602 0.0226682 0.0338022 -0.0105635 0.0258299 -0.0118723 -0.00895026 0.0447047 0.0940471 -0.0103293 -0.011023 0.00890933 -0.00150172 0.0165616 0.0639804 -0.00352442 0.0300113 -0.0132458 0.00370455 -0.0101514 0.0189888 0.0636013 -0.0158277 -0.00844912 0.058136
internal_weight=1408.59 1255.69 1237.67 1131.14 1121.5 1092.57 106.534 28.9292 971.754 33.0847 938.67 847.617 18.8253 12.089 828.791 819.845 81.9547 75.0694 50.7003 14.4356 36.2647 96.3996 737.89 97.4811 87.7203 36.5158 23.5582 640.409 334.049 152.901
internal_count=15094 14197 14105 13435 13391 13211 670 180 11289 420 10869 9435 190 106 9245 9208 793 747 485 116 369 594 8415 1009 964 341 172 7406 3699 897
cat_boundaries=0 1 2 3
cat_threshold=2 100 9
is_linear=0
shrinkage=0.05


Tree=29
num_leaves=31
num_cat=0
split_feature=25 3 10 17 14 22 16 6 18 14 16 21 8 14 1 12 7 23 14 24 8 8 23 8 14 16 14 8 3 8
split_gain=211.861 47.6374 45.4146 28.8019 21.5183 21.1735 20.4869 19.0395 18.5953 24.9034 16.6225 16.1244 15.5852 19.4624 14.7381 67.1146 14.1948 12.4027 17.3047 11.6356 18.6089 42.8227 17.2705 18.4749 17.1669 28.4552 25.4072 23.0085 32.3349 19.5516
threshold=5.5000000000000009 92.790000000000006 12.588778508771933 -0.0018888023144180723 0.98503153871488724 34.260000000000005 0.97202227137957231 307.65620489671716 10.438780449123131 0.97036759109969672 0.95269675200254722 18.226976975812629 43.994952895525067 0.96760184404969529 0.99943875402290605 13.805000000000001 40.793325290953526 98.850000000000065 0.98138511762168534 1.5000000000000002 48.576356919605892 48.643148214499504 94.197457627118624 48.79596707471012 0.98117528196116133 0.964707504176195 0.9817169286488151 49.453059724233867 90.710000000000022 49.023238072169683
decision_type=2 10 8 2 2 8 10 10 10 2 10 10 8 2 2 2 10 10 2 2 8 8 10 8 2 10 2 8 8 8
left_child=1 2 4 -4 6 8 10 -2 9 -5 -1 12 13 -7 16 -16 17 -10 -19 -14 -21 -22 23 -23 25 -25 -26 28 -28 -27
right_child=7 -3 3 5 -6 11 -8 -9 14 -11 -12 -13 19 -15 15 -17 -18 18 -20 20 21 22 -24 24 26 29 27 -29 -30 -31
leaf_value=-0.034513764295103069 0.06105509633093828 0.056617859397191155 0.03321592297014906 0.10747569706881843 0.059809540871395311 0.082653482484300808 -0.030157709357715591 -0.013456765215166873 -0.038596964442624282 -0.043460811330285454 0.036177097173969379 0.061543092270567291 -0.018295567075269782 0.0029630590505150337 0.17803808551833414 -0.027658192269589817 0.059846704445620638 -0.041426689713934921 0.076830539924064245 -0.015178500742230774 0.11457539023847785 -0.051390601623027513 -0.047376341139696035 0.021951784410523784 0.11302947179351289 0.04793985424586835 0.14680592095247008 0.0016981722867658066 0.0049465541013848889 -0.044793187732351719
leaf_weight=9.1169275119900686 139.25727386772633 28.245381131768227 34.787029154598713 4.9924843311309797 27.833740741014481 8.1997570618987066 22.643843211233616 8.7838259488344175 179.51016514375806 4.2512362860143185 49.82523862272501 7.0939449518918982 334.48792811110616 46.322930283844471 3.7132688015699413 24.021041251718998 3.1131683140993109 5.5419303923845273 4.9301853179931641 251.09989808499813 7.550298184156417 12.596580594778059 16.355930022895336 46.877864211797714 6.6474938765168181 5.7378308922052375 6.3546359911560986 56.929729845374823 9.0113348364830017 40.942496482282877
leaf_count=68 854 138 257 54 157 70 161 43 2967 68 306 35 4079 443 24 397 28 57 54 2753 62 146 240 488 65 59 44 556 91 492
internal_value=0.00020179 -0.00646778 -0.00796069 -0.0109659 0.0226502 -0.01241 0.00940222 0.0565734 -0.0258509 0.040593 0.0248496 -0.0087724 -0.00943155 0.0162206 -0.0288026 0.00511948 -0.0336761 -0.035514 0.016092 -0.0112099 -0.00603025 0.0049805 0.000327347 0.00477455 0.00914846 -0.0053377 0.0261685 0.0167486 0.0689984 -0.0326283
internal_weight=1406.78 1258.73 1230.49 1121.07 109.42 1086.28 81.586 148.041 230.073 9.24372 58.9422 856.209 849.115 54.5227 220.83 27.7343 193.095 189.982 10.4721 794.592 460.104 209.004 201.454 185.098 172.501 93.5582 78.9432 72.2957 15.366 46.6803
internal_count=15256 14359 14221 13529 692 13272 535 897 3649 122 374 9623 9588 513 3527 421 3106 3078 111 9075 4996 2243 2181 1941 1795 1039 756 691 135 551
is_linear=0
shrinkage=0.05


Tree=30
num_leaves=31
num_cat=0
split_feature=25 5 12 17 23 23 11 32 23 17 23 23 21 10 15 14 4 15 15 15 13 10 8 8 8 0 3 14 15 23
split_gain=193.125 37.8461 27.9984 23.7141 21.8474 35.264 21.1001 18.064 17.5224 17.4101 17.0516 40.8179 22.8975 16.9837 19.1357 42.3046 29.341 25.6954 26.58 44.7587 23.8982 80.9831 20.8516 35.8982 23.0649 20.5266 29.7155 19.4555 18.9961 19.7168
threshold=4.5000000000000009 0.7571928872978777 12.365 0.001766052094592616 96.309249293785427 96.283947780700075 12.252933684817197 1.0000000180025095e-35 94.40259759391418 -0.0018888023144180723 90.293421845574471 90.393916682901477 0.32348131939116104 12.602183536150035 0.95817873819485044 0.97036759109969672 0.0058829028716318463 0.9667079777601465 0.96422356974965451 0.96391174929425227 -0.055069617709619018 12.602128318915705 49.453059724233867 53.033041424830067 48.81536487265236 3566.5000000000005 89.105000000000004 0.9415881929374299 0.9670043476539586 91.231274976605846
decision_type=2 10 2 2 10 10 10 2 10 2 8 8 10 10 2 2 8 2 2 2 2 8 8 10 10 2 8 2 2 8
left_child=1 2 3 6 5 7 -1 8 9 -4 -11 -12 13 14 25 16 -16 18 19 -17 21 22 24 -24 -19 -13 -27 -28 -22 -30
right_child=-2 -3 4 -5 -6 -7 -8 -9 -10 10 11 12 -14 -15 15 17 -18 20 -20 -21 28 -23 23 -25 -26 26 27 -29 29 -31
leaf_value=0.043412493774784629 0.055926793645099185 0.067036903256880512 0.030361248611055547 -0.049991405905174181 -0.035326242924010334 0.10657881808448305 -0.0066537473202922838 0.051414989414428153 -0.040424850375899123 -0.031640823086844794 0.1324278370050713 -0.038783772552596511 0.060709654440627682 -0.034472150208472316 0.021338924658278795 -0.018088491903896456 0.12115146786554704 0.0047369579376497148 -0.051879979456488957 0.11884437411274007 0.074123303030882923 0.12065485971184063 -0.044941079301047529 0.061344763307293007 0.06320096611485207 0.076005964175658261 0.058793385451411356 -0.033290872349311829 0.078336484408487783 -0.013883410947264405
leaf_weight=60.833580300211906 141.49304461479187 16.709335640072823 29.021133236587048 10.460581332445143 72.170248039066792 5.7891071625053874 31.539615705609322 11.750312924385069 40.317642163485289 71.574265729635954 4.2650722488760939 82.409720633178949 11.242679212242363 56.424132313579321 29.788328148424625 63.429088607430458 9.0551999397575837 135.65785513818264 55.229735635221004 5.578711360692977 5.5462916642427436 14.756032198667524 40.544058073312044 8.9056361764669401 18.30079285800457 9.7050509341061098 5.9714288376271716 32.578218825161457 4.9315882585942736 290.01263787969947
leaf_count=332 887 89 202 75 1197 64 218 53 662 1104 38 1118 78 759 277 826 70 1404 738 49 58 70 521 70 149 81 55 507 56 3318
internal_value=0.000809781 -0.00554766 -0.00659778 0.0182494 -0.00890377 -0.007043 0.0264298 -0.00777937 -0.00850723 -0.00716102 -0.00833073 -0.0064105 -0.00723289 -0.00818086 -0.0063147 -0.0029398 0.0470639 -0.00602942 -0.0263562 -0.00547914 -0.00111905 0.0114473 0.00297344 -0.024963 0.0120495 -0.023767 0.00214545 -0.0179009 -0.0102503 -0.012082
internal_weight=1375.99 1234.5 1217.79 102.834 1114.95 1042.78 92.3732 1037 1025.25 984.928 955.907 884.332 880.067 868.825 812.4 681.736 38.8435 642.892 124.238 69.0078 518.655 218.164 203.408 49.4497 153.959 130.664 48.2547 38.5496 300.491 294.944
internal_count=15125 14238 14149 625 13524 12327 550 12263 12210 11548 11346 10242 10204 10126 9367 7606 347 7259 1613 875 5646 2214 2144 591 1553 1761 643 562 3432 3374
is_linear=0
shrinkage=0.05


Tree=31
num_leaves=31
num_cat=2
split_feature=25 12 5 16 9 23 24 23 15 12 24 12 37 3 14 26 2 14 14 14 14 23 15 3 10 16 2 15 38 10
split_gain=182.597 42.6435 33.5993 24.7405 19.9126 22.15 18.5332 33.6338 19.6754 15.9765 15.88 15.5109 14.6628 23.6 27.6074 20.5774 17.8254 36.099 34.5388 50.2174 23.0439 25.0586 19.9831 19.3301 29.6962 23.7249 18.6045 15.7043 13.5296 13.5235
threshold=4.5000000000000009 12.315000000000003 0.37249102616780821 0.92583425009167597 45.402249188896711 94.40259759391418 1.5000000000000002 93.200955743879419 0.95557382685642278 11.155000000000003 2921.0000000000005 12.105000000000002 0 91.550000000000011 0.97956930199447367 2.5000000000000004 88.472589759954246 0.98319418329702579 0.9867694361154572 0.9870164538610251 0.98098376923597064 89.299873587570715 0.60191750796794097 91.450000000000017 12.60042738042433 0.96447911751424653 88.918101589667074 0.9807807251043047 1 12.60027400954859
decision_type=2 2 10 8 10 10 2 10 2 2 2 2 1 10 2 2 8 2 2 2 2 8 2 8 8 8 8 2 1 10
left_child=1 9 3 28 5 6 -5 12 -9 -1 -2 -11 13 15 -15 27 18 20 22 -20 21 -18 -14 24 -23 -26 -19 -8 -3 -10
right_child=10 2 -4 4 -6 -7 7 8 29 11 -12 -13 16 14 -16 -17 17 26 19 -21 -22 23 -24 -25 25 -27 -28 -29 -30 -31
leaf_value=-0.014481651032061896 0.058956230990923134 -0.011276523386391447 0.053501333332786852 -0.017776390710984406 0.058512510578366962 -0.033259790307748859 -0.03643115577546855 -0.0089665371749232947 0.10893800564028829 0.061312180907107744 -0.011214066944991651 0.014385062382261313 0.065954741668070249 -0.030149462503296982 0.098316628884825549 0.062878581057838709 0.097606402609554402 0.066666475656091295 0.15703924225861918 0.0086520242349253148 0.082457003824528599 -0.02609431690605947 -0.020944802477726277 -0.02294193774906329 0.12167295093304056 -0.0068818257844977032 -0.025957820034195264 0.041896385476545048 0.058508415990822606 0.0074321342672400287
leaf_weight=18.182855665683746 127.26844890415668 10.218264304101467 20.123077996075153 402.62072071060538 9.1103804931044561 109.83871133252978 115.09648267552257 8.6248201169073599 11.790784295648338 33.911178141832352 8.2917148768901807 37.163155652582645 5.8901883885264388 7.465710021555422 7.5690779685974121 5.0552760139107695 7.8013177178800097 5.0791031271219245 5.5602943673729888 44.660644073039293 18.567603103816509 10.637525569647552 197.300113260746 26.886837717145681 9.8828946538269484 5.2018477171659478 51.976976238191128 5.9613383822143069 18.962384670972824 4.6208950243890277
leaf_count=135 831 89 109 5160 53 1878 1474 110 102 180 47 189 53 86 61 35 76 39 53 420 178 114 2297 325 83 59 609 55 100 52
internal_value=-0.000208904 -0.00636159 -0.00900413 -0.0101883 -0.01143 -0.0120807 -0.00962093 -0.00368999 0.0518071 0.0267199 0.0546135 0.0373151 -0.0064012 -0.0195197 0.0366233 -0.027984 -0.00108119 0.0134323 -0.00893685 0.0278261 0.0351418 0.0194932 -0.018115 0.00630532 0.0365912 0.0796702 -0.0167062 -0.0322624 0.0345077 0.0824262
internal_weight=1351.32 1215.76 1126.5 1106.38 1077.2 1068.09 958.25 555.63 25.0365 89.2572 135.56 71.0743 530.593 141.148 15.0348 126.113 389.445 136.034 253.411 50.2209 78.978 60.4104 203.19 52.6091 25.7223 15.0847 57.0561 121.058 29.1806 16.4117
internal_count=15052 14174 13670 13561 13372 13319 11441 6281 264 504 878 369 6017 1711 147 1564 4306 1483 2823 473 835 657 2350 581 256 142 648 1529 189 154
cat_boundaries=0 1 2
cat_threshold=70 2
is_linear=0
shrinkage=0.05


Tree=32
num_leaves=31
num_cat=1
split_feature=25 5 10 15 22 27 16 6 17 11 21 14 15 14 37 1 0 8 15 14 15 15 14 10 7 15 14 14 15 0
split_gain=170.285 37.6424 28.7593 24.1169 20.1257 25.6498 21.0417 18.8942 18.2049 17.3451 15.8923 37.0858 14.4157 55.3871 29.3108 27.6463 26.5124 28.5902 25.5575 24.6311 21.9348 17.6179 32.6415 14.2095 14.1328 17.2668 21.561 17.5616 14.0256 12.5508
threshold=5.5000000000000009 0.7571928872978777 12.593698108572836 0.97670650871396336 34.050000000000004 1.0000000180025095e-35 0.92583425009167597 307.65620489671716 -0.0041249744734378228 12.252933684817197 0.7000627406497909 0.9673209029202966 0.95817873819485044 0.9705411525344968 0 0.53611579824356104 3568.5000000000005 52.136838742841412 0.96659272483738246 0.96875622723444288 0.96684830716429648 0.96422356974965451 0.97526886445104688 12.602847200858152 39.605282116379023 0.97664534841580197 0.98561231548280681 0.99296808310479767 0.59704482234658074 3557.5000000000005
decision_type=2 10 8 2 8 2 8 10 2 10 10 2 2 2 1 2 2 10 2 2 2 2 2 10 10 2 2 2 2 2
left_child=1 2 3 9 5 8 -6 -2 -4 -1 12 -12 28 14 19 -16 18 -18 21 -14 -20 22 -15 24 -22 26 29 -27 -8 -26
right_child=7 -3 4 -5 6 -7 10 -9 -10 -11 11 -13 13 16 15 -17 17 -19 20 -21 23 -23 -24 -25 25 27 -28 -29 -30 -31
leaf_value=0.022252147172152726 0.058768993815068039 0.067883962956310093 0.068088744966677578 0.059041733945447865 0.053125608386977954 0.088028704136419889 0.062750936569915539 -0.016104352617437392 -0.032343099304202143 -0.021483460867338034 0.10584794575611581 -0.018617984337388857 0.050398581691729075 -0.022594908638712816 0.013156795435812975 0.13766951836900934 -0.034531234049195982 0.059941311644012854 0.086384331243192003 -0.051841818840377564 -0.0060891924349541666 -0.05098200223738545 0.090380857168160633 -0.04227245503529059 0.042536450567343356 -0.016434053710918901 0.083366092821016008 0.068034090157485849 -0.027133906590651225 0.0019486319124259579
leaf_weight=54.046242333948612 122.21822613477707 15.959415629506109 3.741351291537284 24.82267352193594 13.412081390619276 3.8379070684313765 3.5702657997608176 8.636117756366728 150.90219848975539 37.570075441151857 9.0451391413807887 14.204915683716534 8.9957999140024203 51.505950704216957 6.3946052305400398 15.680305745452641 132.72249541431665 7.6245850548148146 6.2717739641666403 13.403383195400236 276.74227551743388 43.659990921616554 6.288026735186576 19.077520091086626 28.072123326361179 57.576466262340546 12.974131926894186 5.8858559727668753 126.37227384001017 55.53029827028513
leaf_count=337 834 89 17 160 74 23 31 44 2575 311 53 106 56 650 60 119 1879 70 62 152 3183 606 59 264 239 591 118 43 1785 544
internal_value=-0.000207824 -0.00610183 -0.0071503 0.0163565 -0.00971288 -0.0261114 -0.00684723 0.0537428 -0.0294915 0.00427871 -0.00779725 0.032172 -0.00889062 -0.00620309 0.0472958 0.0723708 -0.00964543 -0.0290111 -0.00478004 -0.00727333 0.000228423 -0.0273735 -0.00897488 -0.00114341 0.00074546 0.0125285 0.0257413 -0.00766612 -0.0242039 0.0159189
internal_weight=1336.74 1205.89 1189.93 116.439 1073.49 158.481 915.01 130.854 154.644 91.6163 901.598 23.2501 878.348 748.406 44.4741 22.0749 703.931 140.347 563.584 22.3992 462.13 101.454 57.794 455.859 436.781 160.039 96.5766 63.4623 129.943 83.6024
internal_count=15134 14256 14167 808 13359 2615 10744 878 2592 648 10670 159 10511 8695 387 179 8308 1949 6359 208 5044 1315 709 4982 4718 1535 901 634 1816 783
cat_boundaries=0 1
cat_threshold=18
is_linear=0
shrinkage=0.05


Tree=33
num_leaves=31
num_cat=0
split_feature=25 12 3 16 20 3 2 14 14 36 2 10 14 15 12 12 10 14 27 10 23 7 8 1 12 22 15 14 8 12
split_gain=161.497 33.5384 26.2435 20.6246 22.364 21.9432 21.115 18.8254 32.7056 35.4013 21.862 18.5739 17.999 21.2459 25.2858 19.997 34.6647 27.2163 17.5643 15.5266 17.2083 15.4515 15.7266 15.3284 21.7881 20.2927 15.2901 26.4088 17.0733 20.1924
threshold=4.5000000000000009 12.365 93.155000000000015 0.92583425009167597 11.097690921488409 82.250000000000014 61.913343892891 0.97785419576699484 0.97816431721015751 2.5000000000000004 90.171807088021623 12.602373110197982 0.97850482594664567 0.97107488109568363 12.415000000000001 13.895000000000001 12.592787839907961 0.99296808310479767 1.0000000180025095e-35 12.599551296645652 89.787953514120048 39.440249120486946 50.68764280622964 0.99971874559983809 13.875000000000002 32.550000000000004 0.96422356974965451 0.97526886445104688 44.361319062312127 12.435
decision_type=2 2 10 8 8 10 10 2 2 2 10 10 2 2 2 2 10 2 2 10 10 10 10 2 2 10 2 2 8 2
left_child=1 -1 3 -3 18 6 19 10 9 -9 26 12 -10 14 -14 16 -15 -18 23 20 -6 -16 -23 -5 -25 -26 27 28 29 -7
right_child=-2 2 -4 4 5 7 -8 8 11 -11 -12 -13 13 15 21 -17 17 -19 -20 -21 -22 22 -24 24 25 -27 -28 -29 -30 -31
leaf_value=0.022064705123155396 0.053718228649555701 0.032524834657903554 0.051944847728538628 -0.028067701234154824 -0.035389980854620126 -0.021227335219945687 0.094572084128933781 0.0047692092931278691 -0.052074807950793868 0.16155800252776775 0.082245972397773703 -0.042555357775824365 -0.042767424076343874 0.06841436675170251 0.0073355675328325431 -0.037070270121484207 -0.0096054474335256785 0.051203287368589326 0.074671913394068867 0.023410107138127554 0.061555121801808325 0.075429349791532763 -0.013086169372935455 0.11827318215108887 -0.048232854375954648 0.063327659413530399 -0.043780430666166194 0.088571512089548554 -0.022572966431299028 0.10348997100671997
leaf_weight=101.42200152948499 127.19854837656021 28.376093171536922 17.069802343845367 232.38330836594105 26.144868601113561 6.3151169270277006 6.8858528956770888 8.8041322901844961 16.64886511862278 5.1658806577324858 4.1367642134428015 30.395519874989986 10.757890481501816 15.976947385817764 24.372009385377169 43.104595147073269 253.18481930345297 18.845346137881279 3.5965413078665724 62.327089130878448 4.5627906471490851 27.029201500117779 5.7852850854396811 3.2606605216860798 10.382944926619528 5.3642566688358775 61.147395551204681 5.0036484375596038 159.41765899211168 5.1244283430278301
leaf_count=627 885 190 92 4078 301 71 45 103 203 46 22 429 122 114 276 524 2861 116 21 581 37 222 61 24 206 73 814 39 2005 41
internal_value=0.000367835 -0.00531311 -0.00785152 -0.00883969 -0.0099808 -0.0058613 0.0159535 -0.00898812 -0.00304167 0.0696663 -0.0202737 -0.0054693 -0.00266203 -0.000475482 0.0247837 -0.0057177 -0.000913282 -0.00522071 -0.0228502 0.00919081 -0.0194981 0.0380079 0.0598983 -0.0245358 0.0178891 -0.00871778 -0.0224011 -0.014762 -0.0182859 0.038469
internal_weight=1330.19 1202.99 1101.57 1084.5 1056.12 801.136 99.9206 701.216 460.07 13.97 241.145 446.1 415.705 399.056 67.9444 331.112 288.007 272.03 254.988 93.0347 30.7077 57.1865 32.8145 251.391 19.0079 15.7472 237.008 175.861 170.857 11.4395
internal_count=15229 14344 13717 13625 13435 9033 964 8069 5077 149 2992 4928 4499 4296 681 3615 3091 2977 4402 919 338 559 283 4381 303 279 2970 2156 2117 112
is_linear=0
shrinkage=0.05


Tree=34
num_leaves=31
num_cat=1
split_feature=25 5 10 6 16 12 24 14 12 9 21 23 23 23 0 37 7 14 14 3 14 14 2 24 12 9 36 3 3 6
split_gain=150.236 31.7708 28.2232 21.1744 20.6918 19.5601 21.3242 30.4301 19.9515 18.9752 18.2782 18.2225 18.5164 25.6382 13.6011 25.8886 37.9423 24.7118 29.3811 29.8322 23.7327 24.7514 23.6982 29.2625 16.5539 15.8178 18.6526 18.3484 15.565 18.5267
threshold=7.5000000000000009 0.37249102616780821 12.593698108572836 335.40977163830041 0.92583425009167597 11.155000000000003 3.5000000000000004 0.98503153871488724 12.105000000000002 43.472937724812624 15.340489220419911 94.40259759391418 98.850000000000065 99.049999999999926 3567.5000000000005 0 38.581485191680635 0.97011015308752113 0.96222929767275922 87.395000000000024 0.98503153871488724 0.97625373686109762 89.3674365945392 1.5000000000000002 12.455000000000002 36.85002694980043 2.5000000000000004 87.950000000000017 91.345000000000013 -0.56941688769336973
decision_type=2 10 8 10 10 2 2 2 2 10 10 10 10 8 2 1 8 2 2 8 2 2 8 2 2 10 2 10 10 10
left_child=1 2 5 -2 -4 -1 7 8 -7 10 11 14 -13 -14 15 16 20 18 -16 -20 21 -6 -21 24 -24 28 27 -27 29 -18
right_child=3 -3 4 -5 9 6 -8 -9 -10 -11 -12 12 13 -15 17 -17 25 -19 19 22 -22 -23 23 -25 -26 26 -28 -29 -30 -31
leaf_value=-0.027648243414387371 0.057559317112983857 0.055029928213693291 0.032741229065169415 -0.02956298636730011 0.089070404008949403 0.053408921248132485 0.061214406311860918 0.068142160876345587 -0.025494066763334319 0.041448949585229718 0.045192244709580741 -0.041005881619209844 0.080647028036317681 -0.046398439596848307 -0.029178562631570121 -0.01140581831385613 0.035197557894777735 -0.029956707449114023 0.14231608316675204 -0.03825804119024518 0.13064897905060721 -0.041160413738658225 -0.041616238479069978 0.13101503770689346 0.075066890566066663 0.062936374829101485 0.020619859397183148 -0.038652437202313109 0.072821084072747871 -0.035778326761880953
leaf_weight=19.48815593868494 114.62246517837048 20.160100266337395 27.479939565062523 6.8304697126150122 6.2765878625214118 9.0242890417575818 29.032897379249334 15.712478533387182 39.297754477709532 16.329343434423208 13.124951750040053 85.723350018262863 7.179739668965337 6.8049849979579458 29.475911863148212 515.35375285893679 22.539263539016247 172.08855364471674 4.7616352662444106 11.097029983997347 8.8820412531495077 6.4553116746246815 7.2968451976776141 6.15694436430931 3.7973859086632729 3.9997088387608519 27.763915743678808 47.017867550253868 11.339017812162636 14.11757831647992
leaf_count=143 840 116 178 35 77 48 167 102 315 119 63 1701 50 121 459 6100 276 2466 29 163 75 78 119 69 30 36 301 657 114 168
internal_value=-0.000275176 -0.00570687 -0.00680175 0.0524582 -0.00934366 0.0168978 0.0264204 0.00994637 -0.00997459 -0.0104998 -0.0113788 -0.0121672 -0.0323572 0.0198557 -0.00989298 -0.00621773 0.011734 -0.0202174 0.00661202 0.0383958 0.0721831 0.024852 0.0166859 0.0521889 0.00122714 0.0018622 -0.0118854 -0.0296312 0.0242099 0.00763853
internal_weight=1309.23 1187.78 1167.62 121.453 1055.06 112.556 93.0674 64.0345 48.322 1027.58 1011.25 998.127 99.7081 13.9847 898.419 663.745 148.391 234.674 62.5858 33.1098 21.6139 12.7319 28.3482 17.2512 11.0942 126.777 78.7815 51.0176 47.9959 36.6568
internal_count=15215 14340 14224 875 13449 775 632 465 363 13271 13152 13089 1872 171 11217 7882 1782 3335 869 410 230 155 381 218 149 1552 994 693 558 444
cat_boundaries=0 1
cat_threshold=304
is_linear=0
shrinkage=0.05


Tree=35
num_leaves=31
num_cat=0
split_feature=25 10 5 15 15 18 9 22 24 14 15 7 21 0 19 4 14 10 19 7 24 10 14 14 7 14 14 19 16 14
split_gain=137.922 29.4138 23.7383 18.5653 18.5368 18.3694 17.5201 17.7116 16.0521 15.6159 22.0254 15.1163 13.5227 15.8784 13.3145 12.862 14.9297 12.343 11.7682 25.2694 11.0783 18.5387 18.904 23.8813 64.8137 50.0358 24.8895 17.042 20.1562 16.614
threshold=5.5000000000000009 12.593698108572836 0.7571928872978777 0.9259651230140683 0.97670650871396336 10.511288838481102 43.472937724812624 32.550000000000004 2879.5000000000005 0.98011768748367833 0.95487075896103502 38.948770532730151 18.226976975812629 3571.5000000000005 23.500000000000004 -6.3039905186882841 0.97738480395361682 12.150491341943971 22.500000000000004 39.589089602658014 1.5000000000000002 12.602322445576208 0.96222929767275922 0.97036759109969672 38.472638117011066 0.96965274316813754 0.98098376923597064 26.500000000000004 0.97346064270936294 0.98608228021489319
decision_type=2 8 10 2 2 10 10 8 2 2 2 10 10 2 10 8 2 10 10 8 2 10 2 2 10 2 2 10 10 2
left_child=1 4 3 5 9 11 7 18 -2 10 -1 14 13 20 -3 -12 -17 -11 19 -5 -9 22 -22 24 -24 -26 -25 28 -28 -30
right_child=8 2 -4 6 -6 -7 -8 12 -10 17 15 -13 -14 -15 -16 16 -18 -19 -20 -21 21 -23 23 26 25 -27 27 -29 29 -31
leaf_value=-0.029255109469339888 0.057077428766757414 0.080142515395440983 0.058302116642270058 0.08887987320131828 0.058830608427423429 -0.037649872015301983 0.041022693147486362 -0.013936142100386614 -0.019135864097058225 0.021939152494578645 0.078336629931115814 -0.0052416830962265524 0.058914715077262848 -0.02752282921724496 0.0031216590717153617 0.056672643599784113 -0.016025655270258544 -0.03989942390228654 -0.041736898414349639 -0.042559863380592908 -0.04950833754773809 -0.038825619909504484 0.10973352028637413 -0.018569823607798113 -0.038742221089308027 0.090013612337584634 0.045427966724496498 0.08205238840405138 -0.019438822624652317 0.011910757629959612
leaf_weight=13.454071100801228 106.3994183242321 18.105712890625004 12.409129187464712 4.9703697748482201 22.326940316706896 9.9933362156152707 15.457281000912188 333.06699196249247 6.9195955246686927 11.759330488741396 14.935493879020212 14.67684246227145 6.2878464609384528 107.10747702792287 8.0624043084681016 13.01938556134701 13.542168814688919 21.579773135483265 67.489898972213268 8.4639275707304478 16.79397789388895 30.568168334662914 17.59043787047267 133.27263141795993 27.459734410047531 9.2701697684824449 27.192527834326029 6.6898347102105609 67.486545607447624 109.36910883337259
leaf_count=119 805 141 76 83 145 119 106 4411 42 71 89 154 33 1632 61 84 93 175 1360 157 245 446 168 1620 338 70 287 66 774 1127
internal_value=-0.000108418 -0.00525782 -0.00784135 -0.00868631 0.0191574 0.0205138 -0.0102072 -0.0110623 0.0522969 0.00857825 0.0247885 0.0353041 -0.00900723 -0.00955522 0.0574007 0.0425865 0.0203714 -0.0180841 -0.033332 0.00885822 -0.0070519 -0.00188762 0.000919116 0.00316383 0.0336559 -0.00472141 -0.00173455 0.00894965 0.00616446 -9.39982e-05
internal_weight=1275.72 1162.4 1051.78 1039.38 110.617 50.8383 988.537 973.08 113.319 88.2902 54.9511 40.845 892.155 885.868 26.1681 41.497 26.5616 33.3391 80.9242 13.4343 778.76 445.693 415.125 398.331 54.3203 36.7299 344.011 210.738 204.048 176.856
internal_count=15097 14250 13474 13398 776 475 12923 12817 847 631 385 356 11217 11184 202 266 177 246 1600 240 9552 5141 4695 4450 576 408 3874 2254 2188 1901
is_linear=0
shrinkage=0.05


Tree=36
num_leaves=31
num_cat=3
split_feature=25 3 10 15 15 32 20 5 13 37 14 14 14 10 37 8 10 8 3 24 6 12 4 13 10 23 37 14 2 10
split_gain=140.826 27.9579 25.609 28.0333 19.2935 17.6438 17.4588 22.0683 28.3791 14.635 21.0287 20.8426 14.4732 13.509 13.2801 13.1273 13.9807 13.7258 13.4712 17.1112 14.4604 13.0335 12.882 12.7544 61.6767 13.5538 12.6704 14.8803 27.843 15.2164
threshold=8.5000000000000018 93.155000000000015 12.595609180378496 0.97732800967614086 0.9259651230140683 1.0000000180025095e-35 10.760169491525424 0.16500074366040324 1.29756630757772 0 0.98011768748367833 0.97785419576699484 0.93547034647528438 12.602322445576208 1 49.28220732578361 12.600543592940772 53.033041424830067 91.050000000000011 1.0000000180025095e-35 101.13448418269989 12.215000000000002 0.02000675767906997 -0.055069617709619018 12.608175468711712 98.850000000000065 2 0.98669855369505977 85.732138987439583 12.597665356385138
decision_type=2 10 8 2 2 2 8 8 2 1 2 2 2 10 1 10 10 10 8 2 10 2 10 2 8 8 1 2 8 10
left_child=1 2 3 9 12 6 23 13 15 -1 11 21 14 -8 -4 16 26 -17 19 -18 -21 -11 -20 24 25 -6 -9 29 -29 -28
right_child=-2 -3 4 -5 5 -7 7 8 -10 10 -12 -13 -14 -15 -16 17 18 -19 22 20 -22 -23 -24 -25 -26 -27 27 28 -30 -31
leaf_value=0.024093735621747405 0.053439439732546307 0.054630946270666336 0.025170956667266216 0.066161972276309544 -0.023680112243914208 0.04744634819565826 -0.011297311491818169 0.011023758196440823 0.09443395531305937 0.02127700285956919 -0.050598112395961903 0.072647172194304388 0.049479500269366525 -0.043782102421316915 -0.025524667051648017 -0.048722598125368201 -0.03127209924663274 0.032290502357749509 -0.019119424115876391 0.078315691360913153 -0.0050503272091133632 -0.042348701167821329 0.061012772846283807 -0.033519420512367136 0.16066970770962644 0.052881712276270643 0.035659235163794455 0.075155613737149934 -0.036044114431657004 -0.041822823835065186
leaf_weight=39.754625964909792 111.45939989387989 18.234703168272972 13.551096636801956 21.260681219398975 83.834705136716366 12.047329708933828 447.33349727094173 78.25892211124301 7.5032185278832904 15.146675877273085 22.200223531574011 8.8265024907886964 22.839717738330364 33.668600812554359 16.415162105113271 21.457897104322914 5.4633851312100878 6.0479773730039588 21.369391694664959 22.982175182551149 6.4937984906136981 15.162374146282671 5.4652769751846781 129.26791916787624 4.06970016285777 5.2707325853407374 6.5236190780997267 9.7247487045824546 10.95119786262512 46.925740096718073
leaf_count=285 865 103 130 146 1554 58 5343 825 52 87 184 58 171 526 188 270 72 54 237 216 62 163 44 2506 27 54 60 82 120 567
internal_value=1.93397e-05 -0.00516387 -0.00616752 0.0153607 -0.00876884 -0.0103852 -0.0111655 -0.00741053 0.00465478 0.00413306 -0.0110723 0.00929263 0.0204027 -0.0136573 -0.00264121 0.00148964 0.00570792 -0.0304016 0.0255677 0.0455826 0.0603864 -0.0108883 -0.00119367 -0.023403 -0.00916103 -0.0186147 -0.0024571 -0.0159864 0.017312 -0.0318847
internal_weight=1269.51 1158.05 1139.82 122.351 1017.47 964.66 952.613 730.169 249.167 101.09 61.3358 39.1356 52.806 481.002 29.9663 241.664 214.158 27.5059 61.774 34.9394 29.476 30.3091 26.8347 222.443 93.1751 89.1054 152.384 74.1253 20.6759 53.4494
internal_count=15109 14244 14141 923 13218 12729 12671 8530 2661 777 492 308 489 5869 318 2609 2285 324 631 350 278 250 281 4141 1635 1608 1654 829 202 627
cat_boundaries=0 1 2 3
cat_threshold=66 73 146
is_linear=0
shrinkage=0.05


Tree=37
num_leaves=31
num_cat=1
split_feature=25 5 12 17 24 32 22 17 11 8 8 3 15 18 23 16 23 23 23 14 16 19 23 37 12 19 16 16 0 14
split_gain=121.191 28.8516 23.0671 19.1875 17.4869 16.6943 19.0775 15.591 15.2737 16.2769 14.589 15.595 14.8178 12.5529 13.2305 22.9693 13.9416 13.4328 43.2226 60.4917 16.7102 14.1331 19.9331 16.1753 24.4321 27.5077 19.5051 17.8301 15.7117 31.8409
threshold=5.5000000000000009 0.37249102616780821 12.365 -0.0018888023144180723 2921.0000000000005 1.0000000180025095e-35 31.950000000000003 0.001766052094592616 12.113909265382921 45.953508749372013 43.994952895525067 93.495000000000019 0.97795101962861053 10.431173653480636 98.850000000000065 0.97271140557563907 96.392906820248058 90.293421845574471 91.050000000000026 0.98098376923597064 0.93355155108255727 28.500000000000004 93.162364951927842 0 12.445000000000002 23.500000000000004 0.95810680101999235 0.96967194172141935 3567.5000000000005 0.97381809593704394
decision_type=2 10 2 2 2 2 8 2 10 8 8 10 2 8 10 10 10 8 8 2 8 10 8 1 2 8 10 10 2 2
left_child=1 2 7 -4 -2 6 -5 8 9 -1 12 13 -8 -12 16 -16 17 -15 19 -19 -20 22 -22 24 27 -26 -25 -24 -28 -30
right_child=4 -3 3 5 -6 -7 10 -9 -10 -11 11 -13 -14 14 15 -17 -18 18 20 -21 21 -23 23 26 25 -27 28 -29 29 -31
leaf_value=-0.017518525908016287 0.056039717188330007 0.055327720817330166 0.029697157100986263 -0.038166296010835134 -0.021751891781297369 0.048574094269240808 0.02847088957187538 -0.04169850174742374 -7.5720605610040117e-05 0.05531172312344123 0.061532361843614172 0.058256280391079079 -0.039327696013700002 -0.034447545345722849 -0.02510929185825915 0.11476908768060186 -0.042343158137326212 -0.039210897367490283 0.065085571880974788 0.15675437034630868 -0.047350233273790461 0.039519247567328469 -0.043763873026140328 -0.037873902082916869 0.1833339151230815 0.021918095758904622 -0.0041207894791576898 0.084596167017164936 0.031158330026766309 -0.034751101397869244
leaf_weight=8.8472875431179983 103.27130641043186 19.266867518424988 33.402663718909025 52.203372363001108 7.2517236471176139 11.762835592031477 46.856414847075939 8.790430471301077 35.56928638741374 41.807476677000523 5.180751357227563 7.5715745240449897 8.7832594774663431 49.624668151140213 5.4524627514183504 4.6989755369722843 32.686396155506372 6.2942133210599414 6.4535839259624472 8.2325444221496564 35.248942550271749 13.059381727129219 9.663990933448078 59.93080422654748 3.6207305379211876 6.9052472375333318 493.52772934362292 2.6395539715886107 21.243591886013746 107.27571195736527
leaf_count=52 843 117 249 1067 44 55 441 66 244 254 67 33 92 844 69 40 692 102 47 63 689 114 177 962 50 108 5705 46 231 1561
internal_value=0.00102663 -0.00380988 -0.00486872 -0.0070431 0.0507863 -0.00830012 -0.0090263 0.0185829 0.0251361 0.0424984 -0.00736022 -0.00893612 0.0172628 -0.0095858 -0.0100814 0.0441243 -0.0107747 -0.00947216 -0.00782869 0.0747889 -0.00950501 -0.0102296 -0.0111597 -0.0092852 0.0254689 0.0885308 -0.0107004 -0.0119371 -0.00819757 -0.0237002
internal_weight=1257.12 1146.6 1127.33 1032.32 110.523 998.917 987.154 95.0145 86.2241 50.6548 934.951 879.311 55.6397 871.739 866.559 10.1514 856.407 823.721 774.096 14.5268 759.569 753.116 740.056 704.807 22.8295 10.526 681.978 12.3035 622.047 128.519
internal_count=15124 14237 14120 13504 887 13255 13200 616 550 306 12133 11600 533 11567 11500 109 11391 10699 9855 165 9690 9643 9529 8840 381 158 8459 223 7497 1792
cat_boundaries=0 1
cat_threshold=64
is_linear=0
shrinkage=0.05


Tree=38
num_leaves=31
num_cat=2
split_feature=24 17 3 17 38 12 17 6 17 15 24 7 6 2 1 12 37 16 7 21 14 15 19 1 23 16 8 10 14 14
split_gain=100.987 40.2898 32.3066 21.1361 21.1693 19.6385 15.8929 14.2783 13.7582 21.7047 17.3018 16.2244 13.7054 18.9056 13.6594 69.9672 21.5889 24.9266 14.9643 14.5594 29.2351 17.1492 19.8349 17.9485 27.531 19.1099 15.6082 19.7285 13.3129 31.5005
threshold=4.5000000000000009 0.001766052094592616 92.790000000000006 -0.0041249744734378228 0 12.335000000000003 0.001766052094592616 56.695997723184327 -0.00084956093913647081 0.93644584160739031 7.5000000000000009 39.622396607105593 181.86948322855815 76.685579362102757 0.9986015941552856 13.845000000000001 1 0.97709739865245293 39.648558824391891 0.7000627406497909 0.96760184404969529 0.95862254746452957 24.500000000000004 0.43744740506474039 90.308222213439535 0.96067569143158715 53.033041424830067 12.599697986467618 0.98531605020677515 0.97862994651894419
decision_type=2 2 10 2 1 2 2 10 2 2 2 10 8 10 2 2 1 10 10 10 2 2 8 2 8 8 10 10 2 2
left_child=2 8 3 -1 -5 28 7 14 9 -2 -10 -11 13 -3 19 -16 17 18 -17 21 -21 -7 -23 24 -24 -25 -27 -28 29 -6
right_child=1 12 -4 4 5 6 -8 -9 10 11 -12 -13 -14 -15 15 16 -18 -19 -20 20 -22 22 23 25 -26 26 27 -29 -30 -31
leaf_value=0.065466993565790985 0.058235445809320191 0.063638056554530781 0.054277563402520004 -0.036949994737520253 0.048262999524017511 -0.034676454044311411 0.076180228930363886 0.0075055100363582887 0.021586845972182713 -0.041162066332334685 0.056529758354074172 0.042394887399229302 -0.047837808410390238 -0.026667213373305593 0.10326090934504749 0.0078774962584400015 -0.031423991093100269 -0.026396650984360587 0.084286976834962876 0.1047206928952895 -0.030356679881665335 -0.039221944633208716 0.11270867545010639 0.051847328069355991 0.002061722999239408 -0.019145906101077019 0.074720812697477199 -0.036523336211098011 0.066067579517670769 -0.046229582334682696
leaf_weight=8.8389073908328992 14.75406565889716 8.7102785892784613 20.642368361353874 59.218337133526802 19.474212817847729 93.598725728690624 4.5758868008851996 118.35185468196869 54.960015632212162 17.975807990878824 108.85389444231987 7.4466577991843215 17.557585906237364 13.449480812996624 14.628277216106651 12.443865746259691 45.20838825777173 18.671558398753405 12.726549126207827 6.5827851668000203 7.7695231214165688 56.6655846349895 4.8595697544515124 9.5523826517164689 139.73611005023122 305.66054043546319 9.0976617708802205 5.7973941117525092 12.92664350569248 14.514811702072619
leaf_count=56 120 74 120 1110 96 1517 46 1310 540 148 886 60 195 141 72 144 650 297 72 41 68 1147 60 101 1657 4127 71 64 78 96
internal_value=0.000860313 0.0296571 -0.00616949 -0.00749554 -0.00822558 -0.00632376 -0.00803981 -0.00857504 0.0385992 0.0120082 0.0450084 -0.0160087 -0.0160899 0.010044 -0.0111431 0.00564689 -0.0113568 0.0135591 0.0482558 -0.0138706 0.0343832 -0.0150319 -0.0115129 -0.00812976 0.00652892 -0.014551 -0.0166847 0.031849 0.0248562 0.00774253
internal_weight=1245.25 243.708 1001.54 980.9 972.061 912.842 865.927 861.351 203.99 40.1765 163.814 25.4225 39.7173 22.1598 742.999 103.679 89.0504 43.842 25.1704 639.32 14.3523 624.968 531.369 474.704 144.596 330.108 320.556 14.8951 46.9157 33.989
internal_count=15164 2164 13000 12880 12824 11714 11444 11398 1754 328 1426 208 410 215 10088 1235 1163 513 216 8853 109 8744 7227 6080 1717 4363 4262 135 270 192
cat_boundaries=0 1 2
cat_threshold=2 265
is_linear=0
shrinkage=0.05


Tree=39
num_leaves=31
num_cat=1
split_feature=25 24 5 10 12 10 15 0 37 1 36 23 14 14 14 14 14 36 12 17 15 15 14 7 12 22 15 15 14 14
split_gain=101.112 21.9392 21.5386 16.6642 41.601 62.6984 29.0715 19.3097 17.2259 22.0701 25.1122 20.17 18.159 19.6436 26.6203 22.9772 37.847 31.8612 17.691 20.3325 16.9334 16.8543 30.1196 16.4368 16.345 17.4009 24.8426 32.2088 39.8551 29.3612
threshold=7.5000000000000009 2921.0000000000005 0.37249102616780821 12.595609180378496 13.845000000000001 1.0000000180025095e-35 0.97670650871396336 3560.5000000000005 0 0.59584616430464943 4.5000000000000009 90.710788427154569 0.97526886445104688 0.98132000565004696 0.98098376923597064 0.98457744703947425 0.98582484416193061 1.5000000000000002 12.415000000000001 -0.00041792551296844738 0.93560823959679096 0.96984091369750003 0.97808459713424123 39.356187876050804 12.415000000000001 33.850000000000001 0.96205555676197052 0.95838171467000888 0.9705411525344968 0.97252514322474404
decision_type=2 2 10 10 2 10 2 2 1 2 2 8 2 2 2 2 2 2 2 2 2 2 2 8 2 8 2 2 2 2
left_child=2 -2 3 4 5 -1 -7 21 9 10 12 -10 -5 14 18 -15 17 23 -14 -20 -9 22 -6 -17 -13 -26 27 -27 -29 -30
right_child=1 -3 -4 8 7 6 -8 20 11 -11 -12 24 13 15 -16 16 -18 -19 19 -21 -22 -23 -24 -25 25 26 -28 28 29 -31
leaf_value=0.11624341554564921 0.054894803675373409 -0.030917277676012253 0.048503306838255857 -0.012248361217006752 0.0031090644910019543 -0.0002067605778249609 0.059639111814589175 0.069842110422180401 -0.052121321778768076 -0.016299270452454998 0.072150396938313668 -0.033529673782203159 -0.033377004780756614 -0.035518718657111543 0.10738963476715824 0.16980368093998816 -0.01028857305226178 -0.0092578705995963913 -0.027406993995245772 0.058437112997458351 -0.032076658700185945 -0.022329179188822421 0.11700344072729461 0.048008011319925131 -0.048344242648512677 -0.0036112587709728953 -0.01251459739773945 0.12469719695185728 -0.049051964963640199 0.075671384482552381
leaf_weight=15.793918304145334 93.250842019915581 7.4587367027997962 18.392599612474442 94.767904214560986 19.22201851755381 93.145023416727781 24.942682225257158 3.3614373356103888 32.674748536199331 136.33245232328773 13.647000089287756 71.171057097613811 10.598485063761471 28.220146227627993 10.337450366467236 6.4407752864062795 39.185527551919222 7.4551222249865523 8.4712430834770149 27.150035638362173 83.238030850887299 19.407296922057867 7.3516931086778632 6.1543791368603715 23.161127652972937 56.721667353063822 243.65423358604312 12.382844574749472 9.2650576829910296 7.7492693923413745
leaf_count=79 825 45 114 1244 228 761 182 20 683 1939 106 1016 137 361 91 55 426 74 98 297 1281 231 47 62 498 828 3132 99 143 101
internal_value=0.000545728 0.0482979 -0.00374756 -0.00465459 0.006232 0.0257998 0.0128286 -0.013573 -0.00808868 -0.000153725 0.00859007 -0.0145067 0.00467167 0.0158136 0.0384979 0.000874427 0.0185141 0.0726196 0.0211417 0.0378312 -0.0273685 0.0124384 0.0377188 0.118199 -0.0118342 -0.00737679 -0.00436204 0.0185827 0.0601158 0.00880122
internal_weight=1231.1 100.71 1130.4 1112 266.462 133.882 118.088 132.58 845.541 388.761 252.428 456.78 238.781 144.013 56.5572 87.456 59.2358 20.0503 46.2198 35.6213 86.5995 45.981 26.5737 12.5952 424.105 352.934 329.773 86.1188 29.3972 17.0143
internal_count=15203 870 14333 14219 2829 1022 943 1807 11390 4890 2951 6500 2845 1601 623 978 617 191 532 395 1301 506 275 117 5817 4801 4303 1171 343 244
cat_boundaries=0 1
cat_threshold=178
is_linear=0
shrinkage=0.05


Tree=40
num_leaves=31
num_cat=0
split_feature=25 3 10 12 6 15 15 15 3 23 7 18 23 14 22 23 24 4 12 14 14 7 9 8 3 8 23 0 15 14
split_gain=104.695 23.4236 20.7768 15.1593 14.7061 14.3324 13.7238 19.8048 14.7866 13.3859 13.326 15.6253 11.8082 19.7255 11.5519 11.9239 11.2567 18.6455 21.3469 17.2304 18.1154 19.9171 13.9574 13.9982 12.5002 15.3478 12.4221 14.13 13.9927 28.3709
threshold=4.5000000000000009 93.155000000000015 12.588778508771933 11.155000000000003 335.40977163830041 0.9259651230140683 0.97682450131650944 0.96889725982220731 91.395000000000024 96.392906820248058 38.9397727375055 10.50477908016337 98.850000000000065 0.98312427894033283 35.290000000000006 88.481853959672705 1.5000000000000002 -13.355274818827697 12.435 0.98693133284823309 0.98503153871488724 39.94947205648257 40.533344261394895 53.033041424830067 91.950000000000017 47.782640605147556 96.186027542372841 3561.5000000000005 0.96659272483738246 0.98142252310424449
decision_type=2 10 8 2 10 2 2 2 8 10 10 10 10 2 10 8 2 8 2 2 2 10 8 10 10 10 10 2 2 2
left_child=1 2 3 -1 -2 10 7 -5 -9 14 11 -4 -11 -14 15 -7 17 18 19 20 21 -17 -18 -24 26 -26 27 28 -19 -30
right_child=4 -3 5 6 -6 9 -8 8 -10 12 -12 -13 13 -15 -16 16 22 24 -20 -21 -22 -23 23 -25 25 -27 -28 -29 29 -31
leaf_value=-0.025446623700259491 0.053986331875745135 0.053171647843795404 0.055515522622847008 0.038151043897810079 -0.024931405648003113 -0.04988933566743823 0.065138658846720654 -0.039828241659315859 0.034159254991298404 -0.044175193655638129 -0.014992307386228424 -0.023313459686598662 -0.047070719529051001 0.075721156441159398 0.036176356373522761 -0.0061886966279310895 -0.011136025084021171 -0.034920968463823844 -0.032975205661204654 -0.033906712809133738 0.091815786158167573 0.076200558457454118 0.0029148377686907998 0.053471352010975803 0.036873408869140284 -0.027600030753679519 0.060702546545938374 -0.034038787166385476 0.050574506901819909 -0.018223024249180958
leaf_weight=16.93315177410841 93.55898205935955 16.578346706926823 25.211301449686289 37.941970240324736 5.7364170998334876 15.572376921772955 16.33492124825716 19.739624969661239 9.1143548488616926 43.039869174361229 18.646706435829401 7.6445560231804839 5.8735266476869565 5.274370364844799 14.187130756676195 23.847120512276888 228.8555757664144 35.511476598680019 21.085599508136511 9.2949322275817376 10.780455499887465 9.5107017420232278 253.52509148046374 13.48399970307946 19.766741447150707 15.669472947716711 3.4341835938394061 152.72046380490065 20.859866004437208 46.67652165517211
leaf_count=128 860 104 197 247 32 329 112 140 64 1012 208 89 89 59 85 287 2817 596 253 104 83 80 3228 96 205 205 74 2555 215 600
internal_value=0.000287173 -0.00410274 -0.00501301 0.0166032 0.049224 -0.00718941 0.0253691 0.0148261 -0.0160958 -0.00858874 0.0182667 0.0370276 -0.0325056 0.0124763 -0.00710568 -0.00784323 -0.00702957 -0.0136279 0.00862616 0.0253469 0.0382997 0.0188356 -0.00209977 0.00565794 -0.0192664 0.00838898 -0.023065 -0.0244218 -0.00997882 0.00345425
internal_weight=1216.41 1117.11 1100.54 100.064 99.2954 1000.47 83.1309 66.796 28.854 948.969 51.5026 32.8559 54.1878 11.1479 894.782 880.595 865.022 369.158 74.5188 53.4332 44.1383 33.3578 495.865 267.009 294.639 35.4362 259.203 255.768 103.048 67.5364
internal_count=15153 14261 14157 691 892 13466 563 451 204 12972 494 286 1160 148 11812 11727 11398 5257 807 554 450 367 6141 3324 4450 410 4040 3966 1411 815
is_linear=0
shrinkage=0.05


Tree=41
num_leaves=31
num_cat=0
split_feature=25 6 5 12 17 22 16 17 21 23 23 16 16 14 14 3 16 1 23 23 23 16 22 3 15 14 16 14 14 14
split_gain=90.3524 21.0876 20.1788 17.6761 17.2038 15.2716 17.4958 11.1105 11.039 11.4804 44.9318 31.5184 13.5418 21.3191 9.96786 34.8207 16.9979 12.529 9.77849 16.1329 17.5265 11.9493 16.2953 10.0763 18.9997 19.8628 24.3833 13.4533 27.4002 16.8393
threshold=4.5000000000000009 335.40977163830041 0.7571928872978777 12.365 0.001766052094592616 32.655000000000008 0.92204335126727888 1.9186723798175745e-05 18.226976975812629 90.293421845574471 91.050000000000026 0.96678501006366335 0.9593267826084696 0.96222929767275922 0.99296808310479767 92.155000000000015 0.98464190914619143 0.75817551225336022 98.850000000000065 93.992518712759747 93.357746442865405 0.93588480236972327 34.210000000000008 92.050000000000011 0.9770812322572523 0.98226026006537703 0.96489538350788884 0.99012500603607234 0.99076032007309101 0.98734437518378393
decision_type=2 10 10 2 2 8 8 2 10 8 8 10 10 2 2 8 8 2 10 10 10 10 8 8 2 2 10 2 2 2
left_child=2 -2 3 4 7 -5 -7 -1 9 12 11 -11 13 -8 16 17 18 -16 19 20 21 -12 -23 27 25 26 -25 29 -29 -24
right_child=1 -3 -4 5 -6 6 8 -9 -10 10 14 -13 -14 -15 15 -17 -18 -19 -20 -21 -22 22 23 24 -26 -27 -28 28 -30 -31
leaf_value=0.003699249931172799 0.052824146133110553 -0.042171954167981619 0.062006328563705852 -0.026941940076860196 -0.04394521854039557 0.053192232147670805 -0.050298418872851837 0.040444140212408372 0.056140521768117901 -0.020435968736808096 0.064700236859502297 0.13112213318234145 -0.053309653487406294 0.062800068445831178 0.10579004746933132 -0.051222369868794741 -0.04474213367039017 0.016385946801190019 0.042398852096954272 -0.032071439701579017 0.056017319371194779 -0.048185837328369466 -0.0058964598606659367 0.069737534486183708 -0.019715289068587955 0.092633904569632664 -0.020209473994120764 0.074026272711771202 -0.021311787779976374 -0.035848871610971472
leaf_weight=38.592399220913649 87.4319032356143 5.5310704708099356 10.365985572338102 85.882451724261045 9.7576523870229703 11.748888999223707 7.4133425094187242 43.603565353900194 6.1445632427930823 4.8220866881310931 4.9862470813095561 9.1313072219490987 25.639913037419319 7.2659130357205868 8.3767450451850909 8.9512709677219373 28.589040279388428 7.471723858267068 9.2698727771639806 57.239232715219259 10.700765807181595 21.473964136093855 542.12934358790517 10.972648821771147 25.550166878849268 9.8954162858426553 19.48301063477993 13.883112758398058 14.568626720458267 50.458443474024534
leaf_count=268 837 30 73 1781 75 74 125 273 36 81 38 67 512 84 39 112 411 70 98 1134 108 450 6627 104 333 72 232 110 163 645
internal_value=-0.000286938 0.0467834 -0.00428795 -0.00497216 0.0158968 -0.00690115 -0.00499518 0.0234436 -0.00580898 -0.0062947 -0.00504848 0.0808819 -0.0320491 0.00611777 -0.00656316 0.0240722 -0.0075188 0.0671149 -0.00611796 -0.00674703 -0.0047037 -0.00569163 -0.00627759 -0.00489939 0.0135548 0.0345886 0.0133837 -0.00687629 0.0261426 -0.00850298
internal_weight=1197.33 92.963 1104.37 1094 91.9536 1002.05 916.166 82.196 904.417 898.272 857.953 13.9534 40.3192 14.6793 844 24.7997 819.2 15.8485 790.611 781.341 724.102 713.401 708.415 686.941 65.9012 40.3511 30.4557 621.04 28.4517 592.588
internal_count=15062 867 14195 14122 616 13506 11725 541 11651 11615 10894 148 721 209 10746 221 10525 109 10114 10016 8882 8774 8736 8286 741 408 336 7545 273 7272
is_linear=0
shrinkage=0.05


Tree=42
num_leaves=31
num_cat=0
split_feature=25 24 5 10 15 14 15 15 3 2 12 7 14 21 14 14 15 23 1 24 14 23 7 15 15 3 14 15 3 20
split_gain=89.2557 18.5852 18.2699 14.7461 15.2996 15.3984 15.9213 14.5856 14.9944 26.0854 18.1694 15.1898 13.7466 13.6037 13.2925 22.9445 65.8098 28.3835 22.9136 29.4647 29.0879 21.6412 20.8743 23.239 28.8607 21.5759 39.9005 27.5116 21.3858 18.6996
threshold=4.5000000000000009 2921.0000000000005 0.7571928872978777 12.574831259649676 0.97670650871396336 0.98011768748367833 0.95487075896103502 0.9259651230140683 82.250000000000014 56.920643092782342 12.425000000000002 40.187386710298618 0.93547034647528438 18.226976975812629 0.97785419576699484 0.9706649432321145 0.95862254746452957 89.196456920903884 0.62053958312691537 1.5000000000000002 0.96875622723444288 88.481853959672705 39.292293635092783 0.96684830716429648 0.96654123400657743 90.710000000000022 0.98984555639797045 0.97647981143690987 91.550000000000011 10.562216747627856
decision_type=2 2 10 8 2 2 2 2 8 10 2 8 2 10 2 2 2 8 2 2 2 10 10 2 2 10 2 2 10 10
left_child=2 -2 3 4 5 6 -1 12 9 11 -11 -9 -5 14 15 16 17 21 20 -20 -18 -10 23 24 -16 26 -24 28 -27 -19
right_child=1 -3 -4 7 -6 -7 -8 8 13 10 -12 -13 -14 -15 22 -17 18 29 19 -21 -22 -23 25 -25 -26 27 -28 -29 -30 -31
leaf_value=-0.025972516107978679 0.054725116188160575 -0.024677171059870807 0.05534481310609534 -0.0028000328328448218 0.058038670254637464 -0.022766710442065824 0.038630182290652654 -0.041815929758642033 -0.023818140164237511 0.10683600517410155 0.011024065341369016 0.01241332766534272 0.048377023503966443 0.056679271793397129 -0.010615165053023533 -0.03253093487126734 0.10462065845568658 -0.037443635554464325 0.0064266714774737742 0.12310263391397135 -0.029732181277154136 0.11522678180164483 0.011340091892122626 -0.017168889408482629 0.13392151026640328 0.00029124600683652239 0.11091147691717114 -0.023829300159289066 0.049566553129984287 0.010633523567759097
leaf_weight=11.939694337546824 85.008633472025394 7.4964165538549414 12.356099002063273 28.893959246575832 16.193535558879375 28.725942797958851 37.082284297794104 16.709862921386957 4.4518483430147153 9.8875036872923392 9.540011312812565 46.697246503084898 22.882190730422735 6.9092334136366835 8.1185962930321676 138.83887784555554 4.5249996036291149 104.80414305627346 8.547842666506769 14.306700877845286 13.909485183656214 5.4158444553613663 52.155879527330399 264.4695959687233 4.8441010043025008 78.687260344624519 11.554111983627079 84.131836459040642 29.582018427550793 24.533402357250452
leaf_count=97 849 47 86 321 112 208 226 189 74 63 76 557 180 41 156 2155 25 1930 96 100 175 77 593 3961 41 937 76 1018 271 419
internal_value=0.00119541 0.0480954 -0.00278626 -0.00349643 0.0153376 0.00581967 0.022691 -0.00528932 -0.00671522 0.0134896 0.0626298 -0.00230522 0.0203055 -0.00867523 -0.00927043 -0.017324 -0.00551182 -0.0219732 0.0491946 0.0815633 0.00693291 0.0560767 -0.00442687 -0.0139063 0.0491206 0.00585587 0.0308328 -0.00253141 0.014085 -0.0283125
internal_weight=1193.2 92.5051 1100.69 1088.34 93.9415 77.7479 49.022 994.397 942.62 82.8346 19.4275 63.4071 51.7761 859.786 852.877 319.333 180.494 139.205 41.289 22.8545 18.4345 9.86769 533.543 277.432 12.9627 256.111 63.71 192.401 108.269 129.338
internal_count=15156 896 14260 14174 643 531 323 13531 13030 885 139 746 501 12145 12104 5051 2896 2500 396 196 200 151 7053 4158 197 2895 669 2226 1208 2349
is_linear=0
shrinkage=0.05


Tree=43
num_leaves=31
num_cat=1
split_feature=25 5 10 12 24 14 14 15 16 20 3 27 14 14 14 23 16 6 9 7 0 14 3 21 15 0 4 14 37 3
split_gain=85.4879 17.1445 14.6871 14.8908 19.7966 18.4303 18.9201 18.9921 12.4133 13.6844 15.4304 14.0273 12.959 12.3753 52.4919 15.9548 29.2107 11.9106 11.4854 13.7964 14.4401 23.3471 12.8978 10.5136 9.97277 12.3063 13.1144 11.3014 13.0538 25.0811
threshold=8.5000000000000018 0.7571928872978777 12.588778508771933 11.155000000000003 3.5000000000000004 0.98304676800296109 0.97750908248756285 0.95817873819485044 0.92583425009167597 11.989667882028069 93.155000000000015 1.0000000180025095e-35 0.96783160873987206 0.9867694361154572 0.98640329237139779 98.850000000000065 0.97173751820808341 335.40977163830041 40.533344261394895 39.879178406620319 3561.5000000000005 0.98040382231892964 91.250000000000014 18.226976975812629 0.95817873819485044 3566.5000000000005 -12.563135913138712 0.96833956125524379 0 92.050000000000011
decision_type=2 10 8 2 2 2 2 2 8 8 8 2 2 2 2 10 10 10 8 10 2 2 10 8 2 2 10 2 1 8
left_child=1 2 3 -1 5 6 7 -5 -4 11 18 13 -12 14 15 -10 -17 -2 19 -11 21 -21 -23 -14 25 -20 -27 -26 -29 -30
right_child=17 -3 8 4 -6 -7 -8 -9 9 10 12 -13 23 -15 -16 16 -18 -19 24 20 -22 22 -24 -25 27 26 -28 28 29 -31
leaf_value=-0.027687901217443668 0.052992594804576978 0.055409157553500704 0.026685119452681129 -0.023658755022393296 0.058730799067643613 0.061406361772257945 -0.038410447353893346 0.069648841162644567 -0.025725882533731311 -0.015831651607207991 0.080611191094830115 0.069260225905317302 -0.035838342316906545 -0.050655919952917863 0.095483087650826831 -0.036401504704342259 0.10928249240930221 -0.01548758422027933 -0.03571632545213807 -0.02305829523322955 -0.012094574646962859 0.014223381209599695 0.094091463679072507 0.039154015937006507 0.069355991260427158 0.056771421042310227 -0.035344906078947351 -0.01705261074829997 0.006253660253467689 0.11007106783143412
leaf_weight=16.751238130033016 79.469233930110931 11.0943641141057 26.753779649734497 9.6311381384730357 25.234421066939831 10.762126110494135 23.770884200930595 10.515736207365988 161.9709776379168 310.8889932371676 8.4138255491852778 3.5256248116493216 7.2545819357037526 27.886048272252083 9.1525043100118619 6.6752454191446287 5.385874655097723 6.4630914330482474 33.396271388977766 11.697268657386301 38.9154465906322 8.840042747557165 12.245138142257927 9.8183208853006381 5.6696833521127692 8.2080366276204568 5.7754102237522593 52.068408466875553 219.18982865661383 4.9834653064608565
leaf_count=129 826 82 188 75 163 79 187 55 3514 4151 56 23 76 653 88 85 43 36 495 140 477 93 85 47 30 69 92 598 2438 29
internal_value=1.07272e-05 -0.0038034 -0.00446519 0.0140338 0.0230134 0.00577133 -0.0089257 0.026034 -0.00630475 -0.00725893 -0.00401287 -0.0183422 0.0334737 -0.0201252 -0.0152277 -0.0215623 0.0320397 0.0477232 -0.00540005 -0.0112805 0.00840018 0.032367 0.0627667 0.0070686 0.0014456 -0.0195378 0.018906 0.00502878 0.00346311 0.00865574
internal_weight=1172.41 1086.47 1075.38 96.6655 79.9143 54.6799 43.9178 20.1469 978.715 951.961 737.365 214.596 25.4867 211.071 183.185 174.032 12.0611 85.9323 711.878 382.587 71.6979 32.7824 21.0852 17.0729 329.291 47.3797 13.9834 281.911 276.242 224.173
internal_count=15102 14240 14158 688 559 396 317 130 13470 13282 8876 4406 179 4383 3730 3642 128 862 8697 4946 795 318 178 123 3751 656 161 3095 3065 2467
cat_boundaries=0 1
cat_threshold=8
is_linear=0
shrinkage=0.05


Tree=44
num_leaves=31
num_cat=2
split_feature=25 5 10 15 0 6 13 1 13 16 7 22 23 19 11 14 15 12 38 4 36 23 3 9 37 0 7 3 21 17
split_gain=76.5619 18.6989 17.1519 24.1845 14.0424 13.1113 11.9772 43.0505 42.3341 16.2035 11.7868 12.6641 13.9524 12.7155 9.91787 11.2878 16.8888 10.8952 9.89596 9.79131 9.57614 13.1855 9.33266 9.766 13.0969 22.3623 16.2344 15.6266 12.3076 12.1986
threshold=8.5000000000000018 0.37249102616780821 12.595609180378496 0.97670650871396336 3556.5000000000005 307.65620489671716 -0.0031914308484518182 0.99748075572392059 -0.055069617709619018 0.93355155108255727 40.572189356789089 34.260000000000005 94.197457627118624 23.500000000000004 12.252933684817197 0.97750908248756285 0.95817873819485044 12.365 0 -13.87611456980161 1.5000000000000002 90.946022622556939 93.495000000000019 41.922963985729702 1 3567.5000000000005 38.598258625502389 91.345000000000013 7.590792622553848 0.00022550724211640069
decision_type=2 10 8 2 2 10 2 2 2 8 10 10 10 10 10 2 2 2 1 10 2 10 10 8 1 2 10 10 10 2
left_child=1 2 3 4 -1 -2 7 22 -9 18 11 13 20 -11 17 16 -16 19 -8 -6 -13 -22 23 -4 25 26 -25 -28 29 -26
right_child=5 -3 6 -5 14 -7 9 8 -10 10 -12 12 -14 -15 15 -17 -18 -19 -20 -21 21 -23 -24 24 28 -27 27 -29 -30 -31
leaf_value=0.056187985715624694 0.053076928028389252 0.047773959737165583 -0.017851244947881515 0.056172908516747201 0.04927610425531076 -0.016460115647449064 -0.021930714234362575 0.11048457679951205 -0.0017378731160569588 -0.013613275678942563 0.018874344056133488 -0.0092513697146764801 -0.031566968413666449 -0.039176484619211971 -0.043374662647343104 -0.047129586853565913 0.059234129079259616 -0.042853484989032936 0.052536587039229699 -0.00087751966315946668 0.012083554412108505 0.10575912830103334 0.059395720214949578 0.094082268396588578 -0.010770458414942891 -0.024793193246254952 -0.008492076271319253 0.06673536443966803 0.069013856650086844 0.049940769870391255
leaf_weight=9.5125305578112584 74.185176104307175 16.76459102332592 111.34535962715745 25.452072713524103 16.07970421761274 6.9983827471733084 5.5978295207023621 15.836116276681421 16.717958487570286 400.71753598935902 26.881517846137285 7.1562116034329 9.9036806486546975 54.904576633125544 6.8763802014291269 21.102968476712704 7.2038267478346825 7.1560843698680392 14.588807083666326 22.539201967418197 7.8465462774038297 6.7640249654650688 4.6255996972322455 10.461866930127142 196.46331597864628 16.338058888912201 16.716079346835617 10.532194316387175 4.2925745621323577 7.6558405570685855
leaf_count=70 807 118 1579 193 101 40 74 72 232 5581 237 110 179 1274 83 197 46 118 113 139 99 63 22 103 2815 230 200 112 25 86
internal_value=0.000435008 -0.00310856 -0.00395656 0.0141172 0.00180095 0.0469552 -0.00618542 0.000233972 0.0545191 -0.0111139 -0.0128582 -0.0146438 0.0155603 -0.0167728 -0.00519709 -0.0248014 0.00956958 0.0100791 0.0318261 0.0207216 0.0374475 0.0594478 -0.00456723 -0.00551509 -0.00023373 0.0194879 0.043852 0.0219185 -0.00605815 -0.00826101
internal_weight=1159.22 1078.03 1061.27 115.923 90.4707 81.1836 945.346 410.985 32.5541 534.361 514.174 487.293 31.6705 455.622 80.9582 35.1832 14.0802 45.775 20.1866 38.6189 21.7668 14.6106 378.431 373.805 262.46 54.0482 37.7101 27.2483 208.412 204.119
internal_count=15118 14271 14153 947 754 847 13206 5476 304 7730 7543 7306 451 6855 684 326 129 358 187 240 272 162 5172 5150 3571 645 415 312 2926 2901
cat_boundaries=0 1 2
cat_threshold=2 48
is_linear=0
shrinkage=0.05


Tree=45
num_leaves=31
num_cat=0
split_feature=25 24 5 24 17 12 3 14 14 0 15 15 10 14 14 4 15 19 8 14 3 14 15 15 15 2 14 12 6 12
split_gain=72.7547 20.4637 13.9547 11.2568 17.7138 12.8496 12.9598 11.5079 36.5309 38.707 24.8494 23.6971 19.9722 26.7379 64.8732 29.0525 21.6959 16.7122 24.2081 23.3655 21.2973 14.9069 13.4131 12.8252 14.9706 12.6169 11.8581 11.4116 11.2751 15.4736
threshold=8.5000000000000018 2921.0000000000005 0.7571928872978777 3.5000000000000004 -0.0041249744734378228 12.105000000000002 93.495000000000019 0.98288335031014473 0.98312427894033283 3561.5000000000005 0.97600304190198728 0.97107488109568363 12.595609180378496 0.9870164538610251 0.98669855369505977 -5.6820212325819108 0.97664534841580197 26.500000000000004 46.662657771325406 0.98493882351278561 91.550000000000011 0.98582484416193061 0.97720830274620452 0.97914701287347372 0.9793514009414197 90.171807088021623 0.9903181651112628 12.375000000000002 103.65746247147587 12.445000000000002
decision_type=2 2 10 2 2 2 10 2 2 2 2 2 8 2 2 10 2 10 8 2 10 2 2 2 2 10 2 2 10 2
left_child=2 -2 3 4 -1 -6 7 10 9 -9 11 25 26 14 16 22 17 18 19 -14 -20 -21 -16 -15 -25 -7 27 -10 29 -5
right_child=1 -3 -4 28 5 6 -8 8 12 -11 -12 -13 13 23 15 -17 -18 -19 20 21 -22 -23 -24 24 -26 -27 -28 -29 -30 -31
leaf_value=0.065057109307176633 0.05359324472414792 -0.03389899806788315 0.050723200980261576 0.020444066115046025 0.045755018896612973 -0.010720246979804726 0.060868873628385882 0.15456508104503588 0.058230037872040986 -0.018385964518142148 0.085176462686364543 -0.040340907869814716 -0.025964395652604375 -0.052336452094066246 0.042060449186483044 -0.030968870347958141 -0.035469391162808846 0.09044879885876185 -0.03514643236084946 0.092203363647151523 0.07426248595460154 0.010291726358172616 0.1326914599891228 0.06801183148888372 -0.0195968678982174 0.071676712463320011 0.09305107605176377 -0.034925368579890835 -0.021270488435171167 -0.010568541977833001
leaf_weight=7.5611555948853484 72.926117204129696 6.6776905953884116 10.813650131225584 128.76180129870772 10.295182593166826 422.28501100838184 5.7938657850027075 6.5378118902444822 5.4384518340230006 5.3313310369849205 5.3588934056460849 74.128923960030079 11.035572100430725 30.155535642057657 7.5734266154468122 4.5173034816980353 45.475317236036062 4.6249611079692832 39.172729477286339 13.445194084197285 4.0585195571184149 9.4768909998238069 12.95730386674404 4.1623582728207102 98.149463430047035 3.7120041772723189 6.7178717628121367 5.7749239690601826 31.014347415417433 57.544760681688786
leaf_count=51 823 43 84 1299 70 6470 28 71 39 81 69 986 134 518 92 55 710 48 592 120 26 100 105 46 1378 17 42 66 286 738
internal_value=0.000110997 0.0459243 -0.00333101 -0.00392913 -0.00654183 -0.0072662 -0.00798168 -0.00854164 -0.00102766 0.0814875 -0.0132069 -0.014429 -0.00452041 -0.00780065 0.0064761 0.0783841 -0.0081747 0.00724185 0.00116327 0.0322454 -0.0234285 0.0601837 0.102766 -0.0241444 -0.0154089 -0.00983608 0.0452401 0.0113232 0.00619806 0.0108599
internal_weight=1151.48 79.6038 1071.87 1061.06 843.74 836.179 825.884 820.09 314.605 11.8691 505.485 500.126 302.736 284.805 152.337 25.048 127.289 81.8139 77.1889 33.9577 43.2312 22.9221 20.5307 132.467 102.312 425.997 17.9312 11.2134 217.321 186.307
internal_count=15187 866 14321 14237 11914 11863 11793 11765 4223 152 7542 7473 4071 3924 1982 252 1730 1020 972 354 618 220 197 1942 1424 6487 147 105 2323 2037
is_linear=0
shrinkage=0.05


Tree=46
num_leaves=31
num_cat=0
split_feature=25 24 3 24 4 7 21 15 15 19 8 8 3 1 2 19 8 0 0 8 36 15 4 13 8 10 15 10 10 16
split_gain=65.4754 17.107 15.8466 12.9106 18.1189 16.0223 15.4019 11.8808 28.5257 22.2522 19.2295 16.122 21.476 15.7272 13.3521 13.0265 12.6397 13.6399 11.7049 13.2834 15.4367 15.6109 19.4408 15.4105 13.5369 12.9722 12.7073 14.0423 12.0065 11.6885
threshold=7.5000000000000009 2921.0000000000005 93.155000000000015 1.5000000000000002 -12.563135913138712 40.086414052038023 8.7879427871640399 0.96659272483738246 0.97107488109568363 25.500000000000004 46.818353508192665 47.154787384133769 91.290000000000006 0.60868979165105042 90.115672629647477 22.500000000000004 47.569674982141741 3567.5000000000005 3573.5000000000005 48.011420435119483 1.0000000180025095e-35 0.98133058781591365 -5.0172095704281547 -1.6999717793310842 47.118588694374459 12.601971841572894 0.60191750796794097 12.574831259649676 12.600052511377919 0.9749736741256908
decision_type=2 2 10 2 8 10 10 2 2 8 8 10 10 2 10 8 8 2 2 8 2 2 8 2 10 10 2 10 8 10
left_child=2 -2 3 4 5 -1 7 14 9 -9 -11 13 -13 -12 15 -6 17 29 19 20 -5 23 28 24 -22 -20 -25 -28 -23 -10
right_child=1 -3 -4 18 6 -7 -8 8 16 10 11 12 -14 -15 -16 -17 -18 -19 25 -21 21 22 -24 26 -26 -27 27 -29 -30 -31
leaf_value=-0.00090804852779938564 0.052666789150198325 -0.023651253280884736 0.050737916712367485 0.064081281083990735 0.018294253515923883 0.048535880204346349 0.062324675286765586 -0.049117968740587298 -0.029383068307699295 -0.017028593581981808 0.13100314312955369 -0.041470048813327109 0.060836636896476781 0.021359925495427264 0.065051459807223558 -0.036929879384356178 -0.031527022121771074 -0.040976352792531839 -0.032090705380671006 0.010828682395042949 0.047822092760887974 0.10041347781694486 -0.026161095219215211 0.058778756438701486 -0.0417120301223039 0.054192633316201305 0.0062548766260741356 -0.023652666400172096 0.0065505647881444811 0.02458674809777181
leaf_weight=67.582561792805791 72.036253564059734 7.5937382131814948 13.305972591042517 7.0352587625384322 11.300700716674326 20.613301331177354 5.4703314751386634 8.3804243132472021 12.725546546280382 12.366614125669001 8.8826301619410497 7.3195188455283668 12.719740793108938 5.5651686675846568 2.7999232709407798 102.84794319979846 90.682798160240054 16.353855893015862 38.203062372282147 326.77345147170126 17.83899221196771 8.6204674839973414 8.2935412451624888 4.8368832096457473 4.6029601506888858 3.9877306297421447 51.72141619771719 157.17912208661437 5.5038120374083528 36.79216480627656
leaf_count=834 844 49 95 64 188 175 37 171 167 148 91 111 140 70 12 1926 1507 269 585 4128 182 72 112 34 61 57 516 2063 50 449
internal_value=0.00173556 0.0451858 -0.00153627 -0.00224166 -0.00900414 0.0110627 -0.0143169 -0.0157774 -0.00864482 0.0219827 0.0354607 0.0542321 0.0232733 0.0928862 -0.0285113 -0.0313513 -0.0195215 -0.00276964 0.0022667 0.00409242 -0.00420387 -0.0063013 0.0326887 -0.0101244 0.0284622 -0.0228696 -0.0142896 -0.0162534 0.0666893 0.01041
internal_weight=1149.94 79.63 1070.31 1057 422.403 88.1959 334.207 328.737 211.788 55.2341 46.8537 34.4871 20.0393 14.4478 116.949 114.149 156.554 65.8716 634.597 592.406 265.632 258.597 22.4178 236.179 22.442 42.1908 213.737 208.901 14.1243 49.5177
internal_count=15207 893 14314 14219 6295 1009 5286 5249 3123 731 560 412 251 161 2126 2114 2392 885 7924 7282 3154 3090 234 2856 243 642 2613 2579 122 616
is_linear=0
shrinkage=0.05


Tree=47
num_leaves=31
num_cat=0
split_feature=25 3 6 12 12 17 19 18 8 10 12 10 10 12 10 14 14 16 12 14 8 3 10 3 14 14 14 16 0 0
split_gain=65.9615 16.8982 13.8965 11.3585 18.8635 10.7861 10.6566 18.1308 13.83 10.4101 17.8408 24.8369 13.1649 14.558 9.65202 13.7639 12.4648 18.6888 17.7254 11.9531 24.8304 21.7628 16.2695 13.403 18.4766 30.032 31.6958 17.6535 13.9578 12.2426
threshold=8.5000000000000018 93.155000000000015 307.65620489671716 12.105000000000002 11.155000000000003 -0.0022703999489599017 22.500000000000004 10.445190344124725 48.947395331348524 12.602075370011093 13.805000000000001 12.602183536150035 12.599656424633492 12.435 12.602322445576208 0.96965274316813754 0.99296808310479767 0.98464190914619143 12.445000000000002 0.99012500603607234 45.953508749372013 90.710000000000022 12.596718161706258 92.050000000000011 0.98734437518378393 0.9867694361154572 0.98693133284823309 0.98331274383725542 3568.5000000000005 3555.5000000000005
decision_type=2 10 10 2 2 2 10 8 8 8 2 10 10 2 10 2 2 8 2 2 8 8 10 10 2 2 2 10 2 2
left_child=1 3 -2 4 -1 -5 7 -7 -8 12 11 -11 13 -10 16 -16 17 19 -18 23 -21 -22 -23 24 25 29 -27 -26 -25 -9
right_child=2 -3 -4 5 -6 6 8 14 9 10 -12 -13 -14 -15 15 -17 18 -19 -20 20 21 22 -24 28 27 26 -28 -29 -30 -31
leaf_value=-0.017356149895141334 0.05272469881982015 0.050045523603912456 -0.017361946557809677 0.025548620944495472 0.048773699988581512 0.085271102145602171 -0.045668581559233819 0.01195372413964369 0.019496581678251391 0.11483821457722342 -0.021581254259012816 0.0035989465833980794 -0.032002933127848666 -0.025564015745905277 0.042985888626288889 -0.039791706151353148 0.064818726925178136 -0.047581428481805139 -0.027818751585817182 -0.044801111002111975 0.098058872995584051 0.0626711325830802 -0.047499490050567257 0.037241260605916718 -0.049820832846192327 0.11924744709995479 -0.0040526959286598559 0.030274670078677214 -0.020724232892654071 -0.0086839257278643351
leaf_weight=17.947658702731133 66.040823712944984 13.713248953223227 7.430019609630107 27.132659677416086 24.570352271199226 4.7610268071293822 31.782501922920346 84.585228119045496 37.706672677770257 6.7589896507561233 20.145906265825033 14.395673459395764 69.582423293963075 32.387559877708554 5.0461679250001898 32.997986096888781 14.314544484019281 22.385167665779591 7.0922967977821818 7.9594141058623817 11.78708189725876 5.1668054945766908 6.3425812795758247 35.903833966702223 37.780587609857321 9.1205584593117255 10.61594671756029 7.6564502604305735 13.70603011921048 449.79565336182714
leaf_count=138 814 100 43 213 177 50 710 974 589 56 429 254 1433 609 81 565 73 351 91 86 81 40 86 331 548 77 140 95 171 5795
internal_value=7.08544e-06 -0.00317654 0.045499 -0.00391899 0.0211017 -0.00499541 -0.00586644 -0.00311048 -0.0157409 -0.010263 0.0115857 0.0427195 -0.0167598 -0.00139072 -0.00377351 -0.0279924 -0.0024644 -0.00362993 0.0342552 -0.00211627 0.0275983 0.0531599 0.00301468 -0.00358721 -0.00566451 -0.00311977 0.0559291 -0.0359629 0.0211337 -0.00540104
internal_weight=1136.61 1063.14 73.4708 1049.43 42.518 1006.91 979.777 767.017 212.76 180.977 41.3006 21.1547 139.677 70.0942 762.256 38.0442 724.212 702.805 21.4068 680.42 31.2559 23.2965 11.5094 649.164 599.554 554.117 19.7365 45.437 49.6099 534.381
internal_count=15200 14343 857 14243 315 13928 13715 9635 4080 3370 739 310 2631 1198 9585 646 8939 8775 164 8424 293 207 126 8131 7629 6986 217 643 502 6769
is_linear=0
shrinkage=0.05


Tree=48
num_leaves=31
num_cat=2
split_feature=25 24 36 37 14 14 14 37 14 0 4 18 14 4 10 3 14 15 15 12 14 24 4 24 8 18 14 22 3 10
split_gain=59.8972 14.3056 10.1074 19.1433 13.352 36.5115 40.7386 46.6056 43.9964 32.5622 29.5384 24.7295 23.5717 24.1703 20.703 20.2584 17.3356 15.7629 19.2365 17.3419 20.9558 21.6024 14.645 13.519 19.7226 13.072 13.0569 12.7365 12.3282 12.1524
threshold=8.5000000000000018 2921.0000000000005 3.5000000000000004 0 0.98288335031014473 0.98709148487058662 0.98669855369505977 1 0.98319418329702579 3560.5000000000005 -5.6820212325819108 10.499997013577467 0.98457744703947425 -0.034795663877029231 12.595609180378496 92.250000000000014 0.9817169286488151 0.97914701287347372 0.97921551927623873 12.425000000000002 0.99296808310479767 2.5000000000000004 -0.12342506517198103 2.5000000000000004 46.685478735091635 10.455719795806123 0.98783305920081477 34.350000000000001 91.395000000000024 12.600069412386997
decision_type=2 2 2 1 2 2 2 1 2 2 10 10 2 8 8 10 2 2 2 2 2 2 10 2 10 8 2 10 8 10
left_child=2 -2 4 -4 15 6 7 11 9 -9 -8 12 22 23 -7 16 -1 -16 -19 20 21 -20 -6 24 29 -5 -21 -10 -26 -14
right_child=1 -3 3 25 5 14 10 8 27 -11 -12 -13 13 -15 17 -17 -18 18 19 26 -22 -23 -24 -25 28 -27 -28 -29 -30 -31
leaf_value=-0.0085420091320254857 0.051843878239591502 -0.019440227264494563 -0.018323989376759393 0.08211291288607471 -0.041479238994377658 0.041759383856481508 0.096105382719136101 0.15420392277301737 -0.043742801766178792 -0.022478736403990427 -0.012831224259585529 0.10892470733663545 0.062637774891076983 -0.022781554260310762 -0.054714160955245783 0.035852985493374089 -0.037722143335546882 0.086023203483001631 -0.03693687156087172 0.024748227944036028 0.10088104553584482 0.063531257350614947 0.054257612701622542 -0.0009293664713062547 -0.00066416315360612451 0.015734658639858769 -0.037998780353231704 0.046997603277090329 0.085347968519265446 0.15621789324773466
leaf_weight=484.6997532621026 63.35749077051878 7.3843869864940634 39.217841314151883 7.1125752404332152 16.711201267316941 13.169579677283762 23.273398060351614 4.6322681829333288 61.335717789828777 4.4415832757949829 8.0767248272895795 8.8007515799254161 10.218623600900175 11.150711115449665 27.87563911639154 22.479001421481371 56.054463788866997 3.7382667250931254 15.908010739833122 8.8238526098430139 4.8057927638292304 6.8330504409968844 4.2315601594746104 7.8964903429150572 11.515549056231977 100.92800035886467 63.032856404781342 3.3243605718016616 5.5139299072325221 7.1563262566924086
leaf_count=7206 806 48 540 62 235 94 206 44 946 82 97 98 85 141 512 172 773 35 226 81 20 65 44 72 131 1077 1001 47 47 62
internal_value=4.2533e-05 0.0442356 -0.0029945 0.00910409 -0.00499152 0.00294897 0.0174093 0.00683138 -0.0209751 0.0740728 0.068511 0.030322 0.0237237 0.041127 -0.0159231 -0.00967557 -0.0116309 -0.0219936 -0.01271 -0.0172428 0.0160721 -0.00534456 -0.0205441 0.0581106 0.071305 0.0190687 -0.0300597 -0.0384329 0.0303746 0.107585
internal_weight=1113.7 70.7419 1042.96 147.258 895.699 332.466 188.279 156.929 73.7339 9.07385 31.3501 83.1951 74.3944 53.4516 144.187 563.233 540.754 131.017 103.142 99.4036 27.5469 22.7411 20.9428 42.3009 34.4044 108.041 71.8567 64.6601 17.0295 17.3749
internal_count=15055 854 14201 1679 12522 4371 2337 2034 1119 126 303 915 817 538 2034 8151 7979 1940 1428 1393 311 291 279 397 325 1139 1082 993 178 147
cat_boundaries=0 1 2
cat_threshold=261 82
is_linear=0
shrinkage=0.05


Tree=49
num_leaves=31
num_cat=0
split_feature=25 24 5 23 23 12 15 7 14 1 21 23 19 14 23 23 23 23 22 1 0 23 23 18 12 1 13 15 12 0
split_gain=56.2863 14.6514 14.393 13.2665 28.9232 11.7193 12.7135 10.8869 15.7519 12.0687 10.151 12.2447 12.9936 35.5529 23.5326 18.5898 14.0453 12.072 15.9058 14.612 12.7882 12.3178 8.90067 13.9727 8.80753 8.84831 35.3291 11.3988 11.266 11.6412
threshold=4.5000000000000009 2921.0000000000005 0.7571928872978777 96.392906820248058 96.283947780700075 12.365 0.95130478125043727 39.114109643157981 0.98011768748367833 0.15614010718296853 18.226976975812629 94.40259759391418 22.500000000000004 0.97267899122752777 90.293421845574471 90.308222213439535 91.899999999999991 93.357746442865405 34.45000000000001 0.99971874559983809 3570.5000000000005 90.946022622556939 93.992518712759747 10.503169210014478 13.925000000000002 0.99748075572392059 -0.0034992244540682921 0.96975482417650627 13.905000000000003 3558.5000000000005
decision_type=2 2 10 10 10 2 2 8 2 2 10 10 8 2 8 8 8 10 8 2 2 10 10 8 2 2 2 2 2 2
left_child=2 -2 3 4 5 6 -1 8 -8 -9 11 12 13 16 -14 -16 -7 18 19 -17 22 24 -19 -24 25 -20 -27 28 -28 -30
right_child=1 -3 -4 -5 -6 10 7 9 -10 -11 -12 -13 14 -15 15 17 -18 20 21 -21 -22 -23 23 -25 -26 26 27 -29 29 -31
leaf_value=-0.036978195410938164 0.05085125124048584 -0.026148240926421103 0.053074160576874731 -0.026853741794892628 0.10317724629295809 0.11529014965089164 0.042338528917399372 -0.015389337358536754 -0.042371526999391174 0.046046867853332688 0.055027190769773443 -0.035966312930226195 -0.038466910122374937 -0.036003722999962344 0.085481671848161772 -0.043395858133918233 0.0152512005731001 0.084704535293497196 -0.0037604413070619494 0.040447106239786867 -0.025744189867695184 0.062193662799074692 0.068335588073947948 -0.040459537537726797 -0.027698764812217821 0.073210257607292731 -0.04772122197447401 -0.038208532445335286 0.071177502740773418 -0.0045927013394031768
leaf_weight=9.2594325207173807 63.040656022727489 6.2278752475976935 10.491364531219004 55.057594584301114 5.51359013095498 8.944227933883667 8.366791598498823 9.2979848794639093 12.298189938068388 42.02753884345293 6.1797669827938071 29.228764433413744 47.518432134762406 10.926371421664951 4.9497851617634288 39.468308312818408 5.9535966217517862 8.7765367366373592 603.25372141972184 5.1628764495253554 6.8722544703632584 6.272092677652835 4.9625917170196745 4.9163597486913213 33.928566295653582 17.817958477884531 4.9750350005924728 17.905717425048351 8.4413639120757598 10.702691357582806
leaf_count=73 833 40 91 1222 70 86 59 65 94 287 39 648 998 248 33 878 97 79 7574 78 113 62 78 87 489 117 69 255 57 132
internal_value=0.000343818 0.0436547 -0.00258153 -0.00319997 -0.0018366 -0.00254031 0.0155203 0.0226867 -0.00770314 0.0348359 -0.00420999 -0.00468744 -0.00357315 0.030686 -0.00468015 -0.0025709 0.0787858 -0.00324405 -0.00441419 -0.0330232 0.0299134 -0.00255435 0.0506831 0.0154504 -0.00322524 -0.00193319 0.0162458 -0.00904664 0.013262 0.0306922
internal_weight=1108.74 69.2685 1039.47 1028.98 973.921 968.407 81.2499 71.9905 20.665 51.3255 887.157 880.977 851.748 25.8242 825.924 778.406 14.8978 773.456 747.928 44.6312 25.5277 703.297 18.6555 9.87895 697.025 663.096 59.8428 42.0248 24.1191 19.1441
internal_count=15051 873 14178 14087 12865 12795 578 505 153 352 12217 12178 11530 431 11099 10101 183 10068 9711 956 357 8755 244 165 8693 8204 630 513 258 189
is_linear=0
shrinkage=0.05


Tree=50
num_leaves=31
num_cat=3
split_feature=25 17 3 24 22 38 37 18 3 1 7 23 17 0 1 10 17 24 10 12 10 16 2 37 15 12 12 15 5 7
split_gain=47.6098 21.6217 12.7102 12.7813 15.5027 16.8532 13.4569 21.2037 13.9207 12.7978 12.6891 17.5113 12.3532 11.3904 11.085 10.8435 10.1394 10.9218 9.95464 25.9992 44.0463 18.2332 14.944 14.608 11.7428 14.5433 11.3876 13.4737 11.1418 12.2922
threshold=5.5000000000000009 0.00076409108364781106 93.155000000000015 3.5000000000000004 34.655000000000008 0 1 10.460191220550891 90.845000000000013 0.39346792341996567 39.61285714609037 93.197457627118624 -0.0041249744734378228 3558.5000000000005 0.80320050594205272 12.598547610957857 0.0012429365239272738 1.5000000000000002 12.595609180378496 13.830000000000002 12.150491341943971 0.97735925336872753 82.054721752715366 2 0.96811216035474423 12.355000000000002 13.905000000000003 0.97508921765406031 0.052184319473708836 40.489339514622806
decision_type=2 2 10 2 10 1 1 8 8 2 8 8 2 2 2 8 2 2 10 2 10 10 8 1 2 2 2 2 10 10
left_child=2 -2 3 4 5 -1 7 -5 15 -10 -9 -12 -7 -13 -15 -8 18 -18 19 20 -14 24 28 26 25 -22 -21 -28 29 -20
right_child=1 -3 -4 6 -6 12 8 10 9 -11 11 13 16 14 -16 -17 17 -19 22 23 21 -23 -24 -25 -26 -27 27 -29 -30 -31
leaf_value=-0.037193397796788229 0.04834934785922413 -0.063836844400387838 0.04480767415534978 0.092248088736002376 0.045891713737803236 0.062185837054609172 0.055519336788216571 -0.0046922930402196741 0.023659747775947673 -0.043732451400185966 -0.034837039227314993 0.081403571243630291 0.095472096223739422 0.039117563601350387 -0.0095358015361013213 -0.0040987744660684377 -0.011262537361408854 0.090809428024542477 -0.0048260466258711323 -0.045224218371337541 0.04297797269504721 0.048595622805633718 -0.015737722161904309 -0.024575606058870356 -0.034218997224360385 -0.040879917236585059 0.061989463954543314 -0.012335184133022634 0.071643988453898438 0.033177484868640736
leaf_weight=40.731794999912381 63.66493034362793 3.7537435665726653 13.434801280498503 7.9875836819410315 13.524156756699083 5.878919541835784 9.6001795791089517 58.816448386758566 8.284160163253544 31.721139432862401 9.4742209482938033 10.343089770525692 16.609000615775585 40.08703538775444 15.899681599810718 26.762550937011838 4.5105476509779674 4.665515398606658 210.08891101181507 4.7370286062359837 14.62445690482855 16.904032729566097 335.8807945586741 62.657879212871194 23.982623178511858 6.8027333915233603 14.623874355107548 9.5318591780960542 4.4004438258707514 22.663579065352678
leaf_count=991 844 33 105 70 90 44 81 612 96 481 140 72 85 353 163 287 74 53 2781 65 82 132 5638 1018 237 110 110 186 45 208
internal_value=0.000853206 0.0412613 -0.00179012 -0.00243966 -0.00532801 -0.00625091 0.00825712 0.01662 -0.00843091 -0.0295404 0.012711 0.0260995 -0.00454265 0.0351916 0.0253756 0.0127058 -0.00514565 0.0444592 -0.00581675 0.00476949 0.0256357 0.00580773 -0.0089689 -0.0133012 -0.0108242 0.015719 0.0145177 0.0333365 0.00064363 -0.000999463
internal_weight=1112.65 67.4187 1045.23 1031.79 812.818 799.294 218.976 142.608 76.368 40.0053 134.62 75.804 758.562 66.3298 55.9867 36.3627 752.683 9.17606 743.507 170.473 78.9228 62.3138 573.034 91.5506 45.4098 21.4272 28.8928 24.1557 237.153 232.752
internal_count=15286 877 14409 14304 11949 11859 2355 1410 945 577 1340 728 10868 588 516 368 10824 127 10697 2025 646 561 8672 1379 429 192 361 296 3034 2989
cat_boundaries=0 1 2 3
cat_threshold=2 122 257
is_linear=0
shrinkage=0.05


Tree=51
num_leaves=31
num_cat=1
split_feature=24 6 17 3 12 9 27 38 12 21 4 10 10 15 8 8 12 1 5 1 13 10 24 8 17 1 0 8 10 6
split_gain=31.8169 22.9453 19.1091 14.9583 14.814 13.6654 13.4134 16.0521 11.6295 10.1041 10.0399 12.6431 17.4356 23.3775 16.3271 18.8565 16.1974 15.0833 18.8983 11.7157 29.0501 36.0388 15.8526 14.8567 16.9549 24.1034 13.4143 16.3312 11.7786 19.0256
threshold=4.5000000000000009 140.512866252517 -0.0041249744734378228 93.155000000000015 11.085000000000003 41.698550894781782 1.0000000180025095e-35 0 12.235000000000001 3.8255569170402111 -7.2911164086425995 12.601870892428343 12.600003803630491 0.98133058781591365 50.68764280622964 48.879481802265822 12.435 0.45180729228858746 -0.088627772750110287 0.90615793943314904 -0.055069617709619018 12.488542901673357 2.5000000000000004 53.033041424830067 -3.0632399567209655e-06 0.50631668050538192 3560.5000000000005 49.876985444475537 12.601919900948729 -25.845047074259053
decision_type=2 10 2 10 2 8 2 1 2 10 8 10 10 2 10 10 2 2 8 2 2 10 2 10 2 2 2 10 10 10
left_child=2 4 -1 6 -2 -3 7 -4 -9 10 11 12 13 -10 15 17 -17 -14 -19 22 21 -21 28 24 -24 -26 27 -22 -12 -30
right_child=1 5 3 -5 -6 -7 -8 8 9 -11 19 -13 14 -15 -16 16 -18 18 -20 20 26 -23 23 -25 25 -27 -28 -29 29 -31
leaf_value=0.065296831552844312 -0.019723206113867367 -0.057117844742072849 -0.033248717804357168 0.055496431838409035 0.030531791897357059 0.011676217004828869 0.062280639963301 0.02721265902641248 -0.01259004821281441 0.035731311675448137 -0.024785896438103514 -0.04108333110102496 0.0019064870783176966 0.052723606824527307 -0.043944543474553732 0.10816959287602634 0.007568729271859787 0.016861670281627588 0.11504730637987655 0.097463001260106541 -0.0059627681706425689 0.00073689225394652218 -0.021836837170063836 0.080081362651355001 0.067318368233756393 -0.010164801073284631 -0.022188030621846933 0.061926715746247675 0.055208768510254629 -0.028438962817924074
leaf_weight=9.0865756496787053 15.516082961112259 13.402624640613796 47.177324336022139 9.4729110375046712 154.14648279733956 13.909460827708243 6.4331459254026404 28.648160226643085 132.18482085689902 14.183821465820072 228.6676563154906 14.703328263014553 56.174105286598206 14.281316913664339 8.0365264378488046 10.613601401448252 6.3477621339261523 15.198233690112827 6.5531685985624817 14.723014444112776 34.033580176532269 24.889431860297918 48.736073609441519 4.8395209275186053 15.943762324750422 24.083946283906698 82.520683160051703 10.906624324619768 11.706845367327334 13.691954068839548
leaf_count=68 116 106 1115 82 1818 125 31 188 1684 114 3941 236 642 135 106 105 84 228 74 69 436 366 694 33 206 385 1437 96 173 242
internal_value=0.000867938 0.0190054 -0.00314578 -0.00392163 0.0258472 -0.0229076 -0.00462729 -0.00519372 -0.00354445 -0.00468843 -0.00546941 0.00245041 0.00517087 -0.00590724 0.0208408 0.0267289 0.0730374 0.0158517 0.0501991 -0.00952961 0.00134924 0.0382023 -0.0147463 0.00282455 -0.00223281 0.0215867 -0.0103122 0.0115028 -0.0212055 0.0107469
internal_weight=1090.81 196.975 893.838 884.751 169.663 27.3121 875.278 868.845 821.668 793.02 778.836 264.093 249.39 146.466 102.923 94.8869 16.9614 77.9255 21.7514 514.743 167.073 39.6124 347.67 93.6033 88.7638 40.0277 127.461 44.9402 254.066 25.3988
internal_count=15135 2165 12970 12902 1934 231 12820 12789 11674 11486 11372 3294 3058 1819 1239 1133 189 944 302 8078 2404 435 5674 1318 1285 591 1969 532 4356 415
cat_boundaries=0 1
cat_threshold=2
is_linear=0
shrinkage=0.05


Tree=52
num_leaves=31
num_cat=2
split_feature=25 24 5 9 21 23 23 16 38 16 8 15 14 15 2 15 1 18 0 15 7 37 20 8 0 7 15 8 8 0
split_gain=42.6525 18.7659 9.81587 9.54766 8.51429 11.5291 9.61768 27.1806 13.0754 14.3644 13.4219 12.358 38.7901 21.8275 20.2722 19.9077 20.8007 19.1751 18.2203 17.3859 22.6422 16.7793 22.4234 14.0277 13.4262 13.0206 12.8046 11.6628 20.8213 21.1958
threshold=8.5000000000000018 2921.0000000000005 0.7571928872978777 45.402249188896711 18.226976975812629 88.409706400535271 88.699198210922717 0.96192492299632149 0 0.93355155108255727 48.947395331348524 0.95817873819485044 0.97036759109969672 0.96654123400657743 76.174865985755972 0.96692631599711065 0.40887392931744443 10.545542489536736 3569.5000000000005 0.96422356974965451 40.387506895218273 1 10.760169491525424 53.033041424830067 3564.5000000000005 39.605282116379023 0.96391174929425227 50.461836168999504 48.81536487265236 3561.5000000000005
decision_type=2 2 10 10 10 8 8 10 1 8 8 2 2 2 10 2 2 8 2 2 10 1 8 10 2 10 2 10 10 2
left_child=2 -2 3 4 5 -1 7 -7 10 -10 -8 14 17 19 21 16 -15 -13 25 20 26 22 -11 -20 -18 -17 -14 28 -27 -30
right_child=1 -3 -4 -5 -6 6 8 -9 9 11 -12 12 13 15 -16 18 24 -19 23 -21 -22 -23 -24 -25 -26 27 -28 -29 29 -31
leaf_value=-0.047284673299694074 0.05049949491653638 -0.032150197811593804 0.048154670835970019 0.039749343790803991 0.05272520565720934 0.11409076493047961 -0.050696412509966815 -0.042606970657139212 0.038062348680644828 -0.0088469121550089607 0.0030732757689587789 0.12027303634185096 -0.023379453279309483 0.11167367553607373 -0.043505087236182044 -0.0036079306532442062 0.05745070568669252 0.028759947752885592 -0.024860775439567096 -0.048874602329728289 0.082425210364165974 -0.017455292538997986 0.074988430065809283 0.067090273563596522 -0.045845530248987708 0.0068276402547649958 0.050582093575706671 -0.01463135372387969 0.076372841130296187 0.0037285729241113607
leaf_weight=14.068999832496045 53.444374099373817 7.1682127416133872 8.4864609986543638 11.930606842041014 5.6928829550743094 5.0667577534913999 27.861993923783302 4.3443957176059484 20.447470312938094 17.014283811673526 19.229794029146433 5.880566928535699 63.161433449015021 7.0263492390513447 46.651986688375473 314.15624365769327 5.1022421978414041 42.063055127859116 95.15099672973156 41.971062380820513 5.2737460397183886 59.600472811609507 13.711486890912054 3.3914736881852141 5.5004377812147141 98.949446015059948 5.500870030373334 29.617888286709785 25.412308517843485 16.372658830136061
leaf_count=344 789 46 80 77 40 65 686 107 159 381 354 42 1061 53 820 4104 62 375 1627 752 42 921 121 31 103 1055 53 323 215 194
internal_value=-3.67709e-05 0.0403619 -0.00247786 -0.00295044 -0.00350005 -0.00387529 -0.00320348 0.0446111 -0.00371335 -0.00238484 -0.0291324 -0.00334339 -0.00085667 -0.00379305 -0.017116 5.39572e-05 0.0509363 0.0422126 -0.00156909 -0.0235598 -0.008729 -0.00315935 0.0226196 -0.021054 0.00453017 0.00242907 -0.016813 0.0135183 0.0195039 0.048661
internal_weight=1079.25 60.6126 1018.64 1010.15 998.221 992.528 978.459 9.41115 969.048 921.956 47.0918 901.509 764.531 716.587 136.978 600.68 17.629 47.9436 583.051 115.907 73.936 90.3262 30.7258 98.5425 10.6027 484.509 68.6623 170.352 140.734 41.785
internal_count=15082 835 14247 14167 14090 14050 13706 172 13534 12494 1040 12335 10092 9675 2243 7767 218 417 7549 1908 1156 1423 502 1658 165 5891 1114 1787 1464 409
cat_boundaries=0 1 2
cat_threshold=2 88
is_linear=0
shrinkage=0.05


Tree=53
num_leaves=31
num_cat=1
split_feature=25 17 23 23 5 36 12 18 8 15 5 3 4 23 23 10 12 1 13 10 32 37 7 1 22 4 14 16 4 15
split_gain=41.7331 18.2485 10.5014 20.8842 9.65001 8.86036 12.5791 13.6247 11.4045 11.0346 14.0375 11.7202 10.0431 8.76881 14.6767 10.5777 8.25925 8.8983 17.6994 26.9785 11.9534 11.5051 12.724 12.5452 11.0337 11.0486 10.7027 10.7543 10.5227 10.0463
threshold=8.5000000000000018 0.00079392275692666736 96.392906820248058 96.283947780700075 0.7571928872978777 3.5000000000000004 12.405000000000003 10.461830071955417 46.233804101475918 0.982669205213765 -0.091075461085136186 91.395000000000024 -12.02859967281392 98.850000000000065 99.049999999999926 12.511248868168332 13.935 0.90615793943314904 -0.055069617709619018 12.61108154282943 1.0000000180025095e-35 0 39.467813119629874 0.97027063466192776 34.050000000000004 -7.0777612203809932 0.98138511762168534 0.9809132525615526 -3.8457464630826226 0.96949569475832498
decision_type=2 2 10 10 10 2 2 8 10 2 8 8 8 10 10 10 2 2 2 8 2 1 8 2 8 10 2 10 10 2
left_child=2 -2 3 4 5 16 8 -8 -7 10 -9 12 -12 15 -15 -4 17 20 19 -19 24 22 -20 28 -1 -26 -24 -28 -23 -27
right_child=1 -3 13 -5 -6 6 7 9 -10 -11 11 -13 -14 14 -16 -17 -18 18 21 -21 -22 23 26 -25 25 29 27 -29 -30 -31
leaf_value=-0.028194891503348501 0.047157217947989355 -0.05938022149453337 0.0082958064225503118 0.084654353114260159 0.046936398787542521 0.0045674635479280397 0.056755168188394302 -0.032135503004154797 0.074289011771002209 0.043762182041389777 -0.03109521931294348 -0.018429265828721265 0.038174769375913152 0.056646819504663048 -0.041958283634715182 -0.050502682320194107 -0.045484419481720287 0.0043612867886583312 -0.022954151184748781 0.090920038322402474 0.049032435912337476 -0.0183810332910062 0.076229084799417549 -0.025486647246507815 -0.00036991432726371233 -0.030522139833320402 -0.035966276912449968 0.051774400251200552 0.053384242706488165 -0.0062415684203405257
leaf_weight=55.647796740755439 56.640202220529318 3.4823301285505286 9.9119364880025369 6.0274005495011798 9.0284804329276067 11.033705808222296 9.4973423946648818 36.888437755405903 11.867833875119684 10.333017921075223 5.6031340882182121 25.294467091560364 27.730583101511002 6.9854803904890996 6.1939985565841198 29.108637047931552 11.047161526978014 24.633297385647893 9.5223225727677328 13.284589461982248 8.6332571581006032 8.8228405732661503 11.320174299180509 59.70912261493504 398.12361712381244 66.627527862787247 5.9272759240120632 6.0833866689354181 9.9837578143924457 117.00363266095519
leaf_count=1184 829 30 205 76 83 116 95 453 83 100 58 373 264 48 121 862 212 335 127 65 47 158 77 959 5340 1002 110 83 117 1525
internal_value=-6.34475e-06 0.040116 -0.00242754 -0.00122753 -0.00185844 -0.00237396 0.00927797 0.00241555 0.0422944 -0.0029456 -0.00839953 0.00682345 0.0259645 -0.0240515 0.0106142 -0.0357327 -0.00438065 -0.00375331 0.00721486 0.0362442 -0.00629508 -0.0029034 0.0185896 -0.0127516 -0.00712009 -0.00505926 0.0434323 0.00903795 0.0204884 -0.015169
internal_weight=1072 60.1225 1011.87 959.674 953.647 944.618 138.249 115.347 22.9015 105.85 95.5166 58.6282 33.3337 52.2001 13.1795 39.0206 806.37 795.323 149.287 37.9179 646.036 111.369 32.8532 78.5157 637.403 581.755 23.3308 12.0107 18.8066 183.631
internal_count=15137 859 14278 13042 12966 12883 1542 1343 199 1248 1148 695 322 1236 169 1067 11341 11129 2031 400 9098 1631 397 1234 9051 7867 270 193 275 2527
cat_boundaries=0 1
cat_threshold=257
is_linear=0
shrinkage=0.05


Tree=54
num_leaves=31
num_cat=0
split_feature=25 6 5 32 8 8 22 6 20 14 0 13 1 2 0 15 14 14 19 7 15 14 24 1 15 15 15 15 6 0
split_gain=43.7946 10.9863 10.0212 10.2923 9.4857 12.4557 13.4165 10.3807 10.1526 31.3192 10.9576 9.79615 24.8624 9.61203 8.39862 8.11021 12.8843 13.2848 12.9544 9.30943 9.29824 24.7029 17.415 22.0668 16.1314 20.1071 17.2223 24.6878 14.4822 16.0797
threshold=8.5000000000000018 307.65620489671716 0.37249102616780821 1.0000000180025095e-35 50.325911600263986 50.020096583302141 34.050000000000004 0.37902046082716939 10.760169491525424 0.9673209029202966 3572.5000000000005 -0.044658922926563517 0.99915907496596235 90.115672629647477 3569.5000000000005 0.9211745042671623 0.96320701882332316 0.96344470391998327 23.500000000000004 38.973750430704449 0.95817873819485044 0.9705411525344968 1.5000000000000002 0.53611579824356104 0.96654123400657743 0.96684830716429648 0.96422356974965451 0.96391174929425227 -29.046126745917231 3561.5000000000005
decision_type=2 10 10 2 10 10 8 10 10 2 2 2 2 10 2 2 2 2 8 10 2 2 2 2 2 2 2 2 8 2
left_child=2 -2 3 4 5 6 11 -7 10 -10 15 12 -1 14 -6 19 18 -18 -17 -8 -19 22 -22 -24 26 -26 27 -23 29 -27
right_child=1 -3 -4 -5 13 7 8 -9 9 -11 -12 -13 -14 -15 -16 16 17 20 -20 -21 21 24 23 -25 25 28 -28 -29 -30 -31
leaf_value=-0.012950463468722107 0.049160903523590871 -0.022139418660170274 0.03824505189303911 0.04078578256898506 -0.029969271400457527 -0.011110799866919159 0.054881917610276734 0.076822700949845377 0.097324882544150781 -0.017702671423291079 -0.021927873231960812 -0.027430249779501481 0.1055522841989677 0.048869059979957968 0.013996256013831865 0.035236382914527381 0.070598646600733034 -0.022225171194916293 -0.044348209156835468 -0.0086222656987291046 0.00094847553978384127 -0.016013832076011349 -0.0064590827566814672 0.098429468005675813 0.065238669047106942 0.07299275573245094 -0.048610032057990783 0.083425161939625236 -0.0010861441912895604 -0.007874617399448277
leaf_weight=29.681244375184178 52.165407404303551 5.4428693503141394 14.021233826875685 12.305482909083365 68.895535683259368 4.9787619765847912 13.188305485993626 8.0389488879591209 9.3466862775385398 13.236508954316376 58.306167235597968 83.831637926399708 4.1740576587617388 3.9765006043016902 12.249942384660242 5.4444947503507128 5.7954000160098067 41.6652468200773 27.51296915486455 9.3238932751119119 17.094104781746864 44.903951477259398 6.9955955445766476 15.714666306972502 11.55531690828502 13.210428096354009 32.754911817610264 6.224945690482854 424.14923358149827 10.520411990582941
leaf_count=609 829 36 109 66 931 76 118 106 61 112 975 1949 31 32 197 90 70 714 504 107 169 720 70 104 120 123 604 56 5395 132
internal_value=0.000141975 0.0421616 -0.00229625 -0.00290532 -0.00349329 -0.00197021 -0.00270823 0.0447982 -0.000286913 0.0320129 -0.00130849 -0.0183521 0.004269 -0.0193455 -0.0232425 0.000473267 -0.000548508 0.00106544 -0.0305505 0.0293323 0.000308676 0.00195405 0.0394745 0.0672102 -0.000862224 0.00283179 -0.0208895 -0.00253901 0.00107995 0.0382736
internal_weight=1066.7 57.6083 1009.1 995.075 982.77 897.648 884.63 13.0177 766.943 22.5832 744.36 117.687 33.8553 85.122 81.1455 686.054 663.542 630.584 32.9575 22.5122 624.789 583.124 39.8044 22.7103 543.319 459.435 83.8838 51.1289 447.88 23.7308
internal_count=15215 865 14350 14241 14175 13015 12833 182 10244 173 10071 2589 640 1160 1128 9096 8871 8277 594 225 8207 7493 343 174 7150 5770 1380 776 5650 255
is_linear=0
shrinkage=0.05


Tree=55
num_leaves=31
num_cat=2
split_feature=25 32 5 12 12 22 8 17 1 12 22 18 14 15 37 0 15 15 20 10 8 8 15 14 7 17 1 37 14 14
split_gain=42.7332 12.919 12.5564 10.1478 20.4707 10.7899 11.1823 14.9975 12.6106 14.789 11.1671 9.76318 9.6068 32.2878 24.9319 17.6914 18.1011 24.394 16.7306 14.7121 16.5421 13.6094 13.5967 22.1131 13.0705 12.7733 11.5866 16.2558 29.8816 25.7847
threshold=39.500000000000007 1.0000000180025095e-35 0.7571928872978777 12.105000000000002 11.155000000000003 34.050000000000004 48.182769605577811 -0.00081165478051281148 0.99944001118880077 13.845000000000001 32.550000000000004 10.441074268154185 0.97036759109969672 0.95862254746452957 0 3567.5000000000005 0.96659272483738246 0.96692631599711065 10.63233976232223 12.599903901478484 44.361319062312127 52.136838742841412 0.96422356974965451 0.97526886445104688 39.504475530657388 0.00052075116047287399 0.57529823344942266 1 0.98288335031014473 0.98592062083869647
decision_type=2 2 10 2 2 8 8 2 2 2 10 10 2 2 1 2 2 2 8 10 8 10 2 2 10 2 2 1 2 2
left_child=1 2 3 4 -1 6 -5 -8 11 -10 -11 -9 13 14 18 16 22 -18 -7 -16 -21 -17 23 -14 26 -26 27 28 -19 -30
right_child=-2 -3 -4 5 -6 12 7 8 9 10 -12 -13 15 -15 19 21 17 24 -20 20 -22 -23 -24 -25 25 -27 -28 -29 29 -31
leaf_value=-0.02293795509384379 0.044750919172083181 0.037755680528688405 0.05284380360137382 -0.046962186594589436 0.04756448396145635 0.0026507981012493312 0.053761295824891565 0.038048598335068073 0.096584616691284653 -0.045372586868180825 0.045271356466814544 -0.031873128048413683 -0.021535420913343088 0.044997383337345355 -0.04124215665089357 -0.02530584125312639 0.078052264244822533 -0.018595780609299364 0.063978016740169411 0.070966459232126827 -0.013645589572251449 0.042462943235602298 -0.048515980160336175 0.063581870282700806 0.01356507966395748 -0.049799261314003029 -0.019197523148250975 -0.016072244849695248 0.083929275035602879 0.0087021330452998567
leaf_weight=16.49419804662466 47.108901340514421 17.663397166877985 8.5492628253996354 28.030598370358348 24.459268506616354 28.750163529068232 7.1824952252209178 4.5853399503976098 3.7666661739349356 6.9579126406460983 4.9471376407891512 62.725486697629094 44.163328193128109 40.712977025657892 46.090145606547594 139.70096977986395 9.2937283329665643 31.222952205687761 17.231034614145756 5.8336470238864413 36.343227837234735 6.9350291155278674 31.764055596664548 8.1922252699732763 166.09330599755049 7.3815738894045344 110.61039491556585 57.169282263144851 20.739259175956249 24.47587888687849
leaf_count=131 728 155 90 719 201 528 93 66 23 217 89 1514 672 325 719 2446 87 398 157 49 578 72 568 68 1765 93 1565 681 192 280
internal_value=-0.0013 -0.00347273 -0.00423765 -0.00478239 0.0192994 -0.00583873 -0.0199127 -0.0110806 -0.0172663 0.0221063 -0.00711629 -0.0266227 -0.00381956 0.00656686 -0.00533436 -0.00658815 -0.00217978 0.00201281 0.0218536 -0.0198123 -0.000569996 -0.0218349 -0.0232347 -0.00727483 0.000138539 0.0105989 -0.00730466 0.00261063 0.0165494 0.0442767
internal_weight=1065.17 1018.06 1000.4 991.852 40.9535 950.899 118.196 90.165 82.9825 15.6717 11.9051 67.3108 832.703 174.961 134.248 657.742 511.106 426.986 45.9812 88.267 42.1769 146.636 84.1196 52.3556 417.693 173.475 244.218 133.607 76.4381 45.2151
internal_count=15269 14541 14386 14296 332 13964 2721 2002 1909 329 306 1580 11243 2356 2031 8887 6369 5061 685 1346 627 2518 1308 740 4974 1858 3116 1551 870 472
cat_boundaries=0 1 2
cat_threshold=204 81
is_linear=0
shrinkage=0.05


Tree=56
num_leaves=31
num_cat=2
split_feature=25 24 9 5 3 6 15 14 14 14 21 37 10 12 19 14 15 14 7 15 15 10 20 37 1 1 19 6 23 13
split_gain=33.5452 11.3052 11.0776 10.2262 12.0416 9.83006 12.3543 11.9364 11.736 29.2026 22.1853 15.7571 20.5465 21.9045 15.7558 21.9961 18.9428 14.6502 15.2401 19.8257 19.455 19.1583 14.4749 14.0103 13.1201 12.3345 11.6204 10.6668 10.4588 10.2422
threshold=39.500000000000007 2994.5000000000005 45.402249188896711 -0.016136281946728569 92.750000000000014 -0.21913769857092577 0.9676266968686692 0.98319418329702579 0.97036759109969672 0.96965274316813754 0.02842926215479441 0 12.488542901673357 13.885000000000003 24.500000000000004 0.98098376923597064 0.96684830716429648 0.99012500603607234 38.570288172752122 0.96878076158201754 0.96968131776382671 12.600820773063058 10.549883109292812 1 0.56572304437155629 0.52138546492877214 22.500000000000004 55.399240819857646 98.009257054029504 -1.573543140260137
decision_type=2 2 10 8 10 8 2 2 2 2 10 1 10 2 10 2 2 2 10 2 2 8 8 1 2 2 8 10 8 2
left_child=2 -2 3 -1 5 6 -5 29 9 10 23 12 13 25 27 -16 -17 18 21 -20 -21 -13 -11 -7 -12 -10 -25 -14 -18 -8
right_child=1 -3 -4 4 -6 8 7 -9 11 22 24 17 14 -15 15 16 28 -19 19 20 -22 -23 -24 26 -26 -27 -28 -29 -30 -31
leaf_value=-0.0072296767234792895 0.051181147259813986 -0.018467201310655459 0.041080806489214687 -0.013301523047858442 0.054642071081377336 0.011529924318473704 0.1127999451354085 0.0078750579045655574 -0.0048615313489999588 0.12728302058682495 -0.0034791776069840216 0.0097223346910621077 -0.042956268267419745 -0.019808144439109002 -0.04761699535151237 0.097748435227222957 -0.012989564217190823 0.046371528638601833 -0.034500061182600905 0.066869471040310421 -0.0027757692433706153 0.090766758724965257 0.03019873761012622 0.028985567844726213 0.052744872230269926 0.068540867748095161 -0.040251717620464089 0.017308115228293623 0.056654705943674513 0.028864407131243993
leaf_weight=409.17270875163376 41.597336575388908 6.2304569259285918 14.754394531249998 13.969860594719647 10.104052904993294 38.640161782503128 7.0137148536741725 13.774681815877555 8.3059776090085524 6.3443668484687832 16.010551791638136 37.951892215758562 80.006546793505549 25.816600268706679 17.036449486389756 5.4477723911404601 22.863413183018569 19.040104974061251 43.858796201646328 10.555018082261084 75.336524378508329 8.1203537750989181 9.8507923819124681 6.3283678814768782 27.88082043454051 16.551100734621286 41.604635074734688 7.5431475341320029 5.9666410721838465 8.3790468759834784
leaf_count=5614 718 43 136 221 107 481 69 143 65 47 284 439 1728 550 398 47 504 162 673 92 920 73 82 93 380 112 784 78 66 88
internal_value=0.00144112 0.0419158 -0.000518527 -0.00117702 0.00306663 0.00206564 0.0247386 0.0427951 0.00018091 0.0121664 0.00406183 -0.00441158 -0.0142078 0.0121249 -0.0248508 -0.00275 0.020267 0.00558126 0.00124239 -0.00754756 0.00645385 0.0256314 0.0734214 -0.0106214 0.032615 0.0447741 -0.0254949 -0.0376272 0.00284001 0.0716577
internal_weight=1056.06 47.8278 1008.23 993.474 584.301 574.197 43.1373 29.1674 531.06 146.66 130.465 384.4 189.538 50.6737 138.864 51.3143 34.2778 194.863 175.823 129.75 85.8915 46.0722 16.1952 86.5732 43.8914 24.8571 47.933 87.5497 28.8301 15.3928
internal_count=15197 761 14436 14300 8686 8579 521 300 8058 2151 2022 5907 3548 727 2821 1015 617 2359 2197 1685 1012 512 129 1358 664 177 877 1806 570 157
cat_boundaries=0 1 2
cat_threshold=460 58
is_linear=0
shrinkage=0.05


Tree=57
num_leaves=31
num_cat=1
split_feature=25 24 3 23 23 16 23 22 23 14 37 2 10 14 3 14 14 12 8 3 6 8 14 14 16 0 14 14 6 14
split_gain=36.6216 17.277 8.89928 8.48617 11.9454 26.0676 10.9413 12.9632 12.6318 37.2544 12.3952 26.7403 22.2676 18.0675 30.833 28.5184 26.4849 16.8401 22.4872 18.1689 19.1754 16.7911 16.2751 48.899 16.2231 15.6725 15.5887 25.4114 13.9648 13.6195
threshold=5.5000000000000009 2921.0000000000005 93.155000000000015 88.409706400535271 88.600000000000051 0.96192492299632149 90.293421845574471 30.710000000000004 91.050000000000026 0.98098376923597064 0 89.239636232826754 12.598170208828726 0.98672949724077563 90.710000000000022 0.98734437518378393 0.98984555639797045 12.425000000000002 53.033041424830067 91.250000000000014 60.169620130917579 46.132942058643913 0.98319418329702579 0.98296565299084226 0.98464190914619143 3566.5000000000005 0.96811329968372328 0.96320701882332316 145.10807891433893 0.97217027792300004
decision_type=2 2 10 8 8 10 8 10 8 2 1 10 10 2 8 2 2 2 10 8 10 10 2 2 8 2 2 2 10 2
left_child=2 -2 3 -1 5 -5 7 -6 9 -8 11 17 24 22 15 -15 -17 25 19 21 -21 26 23 -14 -12 28 27 -19 29 -10
right_child=1 -3 -4 4 6 -7 8 -9 10 -11 12 -13 13 14 -16 16 -18 18 -20 20 -22 -23 -24 -25 -26 -27 -28 -29 -30 -31
leaf_value=-0.03968799803706493 0.050338725308323798 -0.031898044277536453 0.039073442864117777 0.11378830010471204 0.052344045840847953 -0.041546431488866373 -0.035189677183393865 -0.038787564553176175 0.00068737008048029645 0.090610896225414073 0.013103187405794163 -0.028820165676170479 -0.022315552860547684 0.13445019073458228 -0.019733177752231278 -0.041082444395144933 0.064083504904579813 -0.043710065412439679 0.064801059664376298 0.005973293772529701 0.11895434356464359 -0.036981822222191402 -0.051806932983213982 0.11383150847431162 -0.041500047224879731 -0.0018105495014379834 -0.012519979236793819 0.09842269874548569 -0.011652555927468777 0.051082384082013932
leaf_weight=14.098229879513381 47.661075081676245 6.6590502113103858 12.052862752228974 5.4988196697086078 3.529919918626546 3.92134153470397 9.8854124620556849 33.196118742227554 16.826024958863854 12.171401556581257 130.49576571583748 55.315247863531113 164.17922102101147 5.8528929054737118 48.709039190784097 10.056255623698236 12.173308402299879 4.1516622193157655 11.840234372764824 132.22576084919274 2.8714997470378867 56.006579736247659 41.418099030852318 5.886152194812893 14.196008602157233 48.018681351095438 43.186477670446038 7.8664552308619022 14.437230776995419 65.510615900158882
leaf_count=355 850 44 104 64 35 108 168 640 248 79 1590 777 2623 36 695 133 92 83 107 2268 30 867 690 71 259 668 529 65 153 703
internal_value=0.00027652 0.039863 -0.00194349 -0.00249088 -0.00190353 0.0513452 -0.00248497 -0.0288732 -0.0013934 0.0351488 -0.00233616 0.00339382 -0.00828204 -0.0164872 0.00424763 0.0450906 0.0167878 0.00796054 0.000287283 -0.00306343 0.00923111 -0.0179478 -0.0240007 -0.0169655 0.00749787 0.0215453 0.00167721 0.0497369 0.0330343 0.0409157
internal_weight=1039.9 54.3201 985.577 973.524 959.426 9.42016 950.006 36.726 913.28 22.0568 891.223 458.256 432.967 288.275 76.7915 28.0825 22.2296 402.941 258.149 246.308 135.097 111.211 211.483 170.065 144.692 144.793 55.2046 12.0181 96.7739 82.3366
internal_count=15134 894 14240 14136 13781 172 13609 675 12934 247 12687 6498 6189 4340 956 261 225 5721 3949 3842 2298 1544 3384 2694 1849 1772 677 148 1104 951
cat_boundaries=0 1
cat_threshold=114
is_linear=0
shrinkage=0.05


Tree=58
num_leaves=31
num_cat=1
split_feature=25 24 5 9 10 16 14 14 36 37 3 12 14 14 2 2 36 14 8 14 16 2 4 3 3 23 23 14 1 8
split_gain=31.1676 12.2373 9.98918 8.63124 8.15967 17.5322 10.678 31.5553 18.1261 17.4754 17.4063 16.6917 15.6774 35.6601 17.426 15.5161 15.4911 14.7785 11.9769 11.5274 36.1782 17.7639 17.5476 19.7024 15.5189 11.4189 21.5291 11.2252 15.8788 11.0711
threshold=39.500000000000007 2994.5000000000005 0.7571928872978777 48.800830390588722 12.595609180378496 0.98018059433891302 0.98709148487058662 0.98669855369505977 2.5000000000000004 0 91.750000000000014 12.425000000000002 0.98319418329702579 0.98296565299084226 89.326310326727892 83.652376042718132 3.5000000000000004 0.96965274316813754 43.994952895525067 0.98344565352296121 0.97720245374883041 90.22109751886596 -0.038512872857897999 77.895000000000024 76.240000000000023 96.309249293785427 96.283947780700075 0.99296808310479767 0.70047697654843011 46.662657771325406
decision_type=2 2 10 10 8 10 2 2 2 1 8 2 2 2 8 10 2 2 10 2 8 10 10 8 8 10 10 2 2 10
left_child=2 -2 3 4 5 -1 7 9 27 11 -10 -6 13 14 18 -9 19 -16 -13 21 22 24 23 -21 -11 26 -26 -8 -29 -25
right_child=1 -3 -4 -5 6 -7 8 15 10 16 -12 12 -14 -15 17 -17 -18 -19 -20 20 -22 -23 -24 29 25 -27 -28 28 -30 -31
leaf_value=0.0010625975054150405 0.051804236737578127 -0.019846627887024015 0.051046507139672875 0.043051506185160716 -0.040001305479564139 0.056843742585014248 -0.036788765422742668 0.066477191531880864 0.030463893663654446 0.030072569798135992 -0.032682577540606099 0.048765739644073935 -0.046011691909510072 0.10385938795707206 -0.037832758668528033 -0.019846017876254576 0.021130748497663925 0.062771040863284167 -0.019958477130318491 -0.037082275701037275 -0.021405339483079495 0.069112361413689108 -0.043001783334375571 0.084734906229392004 -0.011595305087252579 -0.048905422652690912 0.083931960578554551 0.063789055885763488 -0.039838101539371437 0.025019160880820429
leaf_weight=90.508407600224018 36.443864047527313 6.5377899557352057 7.6961179114878169 9.1691603064537031 56.652188207954168 15.691712714731691 80.997683746740222 22.654128363355998 29.780785102397203 22.440273215994239 15.947401933372019 5.8324312828481188 22.257620729506016 6.5824748910963526 4.1884494423866299 6.1731422916054717 77.296132935211062 12.94854745082557 97.952632755041122 4.721497453749179 40.222680283710361 6.4232020676136008 4.6044787280261508 24.107522893697023 273.5522378385067 18.868023220449686 5.0380148887634268 6.3962623625993711 6.4461663216352463 12.841723866760729
leaf_count=831 690 43 87 104 977 127 1439 206 291 295 284 53 396 71 72 88 866 137 1621 58 585 44 60 274 4522 536 68 53 112 132
internal_value=-0.000483164 0.0407022 -0.00231424 -0.00278476 -0.00326138 0.00975797 -0.00486938 -0.00242154 -0.0174834 -0.00457186 0.00821384 -0.0163341 -0.00825867 -0.00136161 -0.00789425 0.0479461 0.000722885 0.0374523 -0.0156678 -0.00312263 0.0130087 -0.00742525 0.0427417 0.0530018 -0.00917262 -0.0122241 -0.00957378 -0.0299603 0.0126538 0.0651869
internal_weight=1030.97 42.9817 987.991 980.295 971.126 106.2 864.926 725.357 139.568 696.53 45.7282 206.414 149.762 127.505 120.922 28.8273 490.116 17.137 103.785 412.82 86.4979 326.322 46.2752 41.6707 319.899 297.458 278.59 93.8401 12.8424 36.9492
internal_count=15122 733 14389 14302 14198 958 13240 11061 2179 10767 575 3327 2350 1954 1883 294 7440 209 1674 6574 1109 5465 524 464 5421 5126 4590 1604 165 406
cat_boundaries=0 1
cat_threshold=261
is_linear=0
shrinkage=0.05


Tree=59
num_leaves=31
num_cat=1
split_feature=25 24 9 14 8 26 3 12 36 10 10 3 37 0 10 13 16 15 14 22 16 8 8 16 6 10 12 15 1 14
split_gain=27.0778 13.0178 9.31828 8.51456 9.54293 8.45937 10.6657 8.14632 12.0892 9.4308 8.01588 15.2584 9.64953 11.6902 11.5574 9.27734 8.36054 20.0538 14.4718 27.0193 13.0284 20.0197 11.5377 20.7105 15.4642 15.0951 9.15311 9.03187 9.02073 9.61371
threshold=39.500000000000007 2994.5000000000005 39.825638062372924 0.99539921970112777 50.997241731209165 111.00000000000001 92.665000000000006 12.395000000000001 2.5000000000000004 12.599962675017574 12.59961330261474 82.605000000000004 0 3567.5000000000005 12.599962675017574 -1.074330970000539 0.92908345337922438 0.9545193712432255 0.9706649432321145 30.550000000000004 0.96967194172141935 52.136838742841412 47.176765420631391 0.97128140860890066 72.216142244040512 12.598086489133264 12.425000000000002 0.95862254746452957 0.27119594272352893 0.98783305920081477
decision_type=2 2 8 2 10 2 10 2 2 8 10 8 1 2 10 2 8 2 2 10 10 10 8 10 8 10 2 2 2 2
left_child=2 -2 3 4 5 6 7 8 -1 -9 16 -12 13 14 -13 -16 -4 -18 19 27 21 26 23 -22 25 -25 -20 -19 -24 -30
right_child=1 -3 10 -5 -6 -7 -8 9 -10 -11 11 12 -14 -15 15 -17 17 18 20 -21 22 -23 28 24 -26 -27 -28 -29 29 -31
leaf_value=-0.0071888483539596639 0.050353483091160889 -0.028634878374602126 0.04564926649067854 0.053393860648700879 -0.041999976699985613 -0.07420302233135008 0.046305364992705378 -0.021956503100903413 0.052821190092932672 -0.0023310369080796695 0.023342618769008696 -0.036687714399324833 -0.012037106588532026 -0.023411519850931505 0.072191658215849705 0.014043113515785076 -0.027016852803858321 -0.027039977585296415 0.0048936081572726227 0.10622081083884144 0.097349232440426064 0.07436920374460404 -0.025982507606243162 -0.00099766971136469314 -0.031198732397986425 0.060473683741277366 -0.037341927924986133 0.032446818239577312 0.017712586043046763 -0.015514291734353803
leaf_weight=22.402344333007932 36.009922221302986 5.4073984101414672 12.786029847338794 4.5420934259891501 19.786467492580414 3.6035398542881003 8.5166109278798086 105.76046320423484 12.231143919751046 144.11801291629672 44.252548715099692 4.7203661166131488 224.45494392700493 13.876612821593879 12.697262514382599 14.960906710475685 39.786278266459703 8.9828795995563286 19.233490707352757 9.8177661523222906 8.7948013711720687 4.863039504736661 19.905503109097481 18.381737798452377 11.712699288502334 20.784791676327586 36.288089891895652 16.969391919672489 88.496717013418674 27.914308357983828
leaf_count=219 708 36 99 44 293 28 74 1634 112 2217 467 63 3845 218 117 185 761 137 284 95 77 49 271 210 128 215 686 142 1190 498
internal_value=0.00049648 0.0396089 -0.0011941 -0.00816794 -0.00921707 -0.00689657 -0.00581931 -0.00753633 0.0148919 -0.0106919 0.00220618 -0.00355443 -0.00802097 0.0114368 0.0300523 0.0423254 0.00746461 0.00586104 0.0104155 0.0397657 0.00618186 -0.0139671 0.0124291 0.0305727 0.0173759 0.0323172 -0.0228832 0.0116173 0.00432181 0.00968081
internal_weight=1022.06 41.4173 980.641 320.961 316.419 296.632 293.029 284.512 34.6335 249.878 659.68 314.963 270.71 46.2551 32.3785 27.6582 344.718 331.931 292.145 35.77 256.375 60.3846 195.991 59.674 50.8792 39.1665 55.5216 25.9523 136.317 116.411
internal_count=15102 744 14358 4621 4577 4284 4256 4182 331 3851 9737 4895 4428 583 365 302 4842 4743 3982 374 3608 1019 2589 630 553 425 970 279 1959 1688
cat_boundaries=0 1
cat_threshold=16
is_linear=0
shrinkage=0.05


Tree=60
num_leaves=31
num_cat=1
split_feature=25 24 12 10 13 12 0 37 23 14 14 4 15 36 15 14 14 36 15 22 12 10 7 23 14 12 36 15 0 24
split_gain=25.2252 11.58 8.12813 10.1582 15.525 37.9047 12.1222 11.1136 19.2615 16.9863 30.7067 25.1453 18.3061 17.8393 17.6566 16.8123 29.0954 26.5709 21.5511 17.7352 19.0358 17.2805 15.9533 17.6591 18.7357 18.0849 15.898 15.0079 14.583 14.558
threshold=39.500000000000007 2994.5000000000005 13.935 12.595609180378496 -0.055069617709619018 12.465000000000002 3556.5000000000005 0 98.850000000000065 0.98683020286433087 0.98457744703947425 -0.038512872857897999 0.98179722317988294 2.5000000000000004 0.97290377209035539 0.98661692455752992 0.98709148487058662 2.5000000000000004 0.9626037769324296 33.850000000000001 12.425000000000002 12.59846599439935 39.622396607105593 91.113328178112539 0.96947652679287455 12.445000000000002 2.5000000000000004 0.96013377101021169 3554.5000000000005 296.50000000000006
decision_type=2 2 2 10 2 2 2 1 10 2 2 8 2 2 2 2 2 2 2 8 2 10 10 8 2 2 2 2 2 2
left_child=2 -2 3 4 5 -1 -6 9 15 10 14 13 -11 -12 29 18 26 -18 19 -9 21 -21 23 -22 25 -25 -17 -26 -20 -5
right_child=1 -3 -4 7 6 -7 -8 8 -10 12 11 -13 -14 -15 -16 16 17 -19 28 20 22 -23 -24 24 27 -27 -28 -29 -30 -31
leaf_value=0.0026690773334706627 0.049980902627070362 -0.021139319875641788 -0.040148696885339001 0.005021058238951704 0.030769477986374014 0.090859456310731723 -0.0058557818268187281 -0.049258712868371857 0.063256468869516178 -0.050875840187018732 0.069790860616181727 -0.040097001416791928 0.0243387067384036 -0.0010324555023579168 -0.048824474165953473 0.081960629999675211 -0.029275832701049789 0.028570965840778978 0.0076392139629408969 0.053078841537483004 -0.046802848025184321 -0.044486766696525737 -0.021744593296345278 -0.015402655768478614 0.12423354711743939 0.058427659359885267 -0.0084107400177462158 0.028069020198512259 -0.035488371505565185 -0.055100365261563901
leaf_weight=38.144360756501555 33.264783952385187 6.2862022221088401 12.633119435980914 239.1913644708693 26.184961296617985 16.946255067363381 132.72877079062164 15.563539655879138 7.8145009186118832 26.459828855469823 36.420882683247328 7.760955609381198 10.76284086704254 11.624392732977865 16.955187566578388 15.270819628611209 53.340259253978729 30.326726071536541 22.362360211089253 4.6657422352582243 5.3303075898438683 23.854175299406052 16.417449882254004 17.221654448658231 9.1972423568367976 14.443248307332395 6.6959038451313964 7.9737374186515799 141.35377835854888 9.5114108901470882
leaf_count=352 684 39 267 3583 255 104 1852 504 90 422 317 98 110 113 240 138 962 353 284 69 114 454 239 307 73 203 73 155 2565 131
internal_value=-0.000208244 0.0384346 -0.00181003 -0.00126682 0.00831819 0.0309333 0.000333808 -0.00400734 -0.00967732 0.00239863 0.00619446 0.039561 -0.02906 0.0529837 -0.000936857 -0.0115733 0.00537369 -0.00821833 -0.0180001 -0.00134426 0.00659729 -0.0272681 0.0204706 0.0334281 0.0429485 0.0190312 0.0552468 0.0835796 -0.0295869 0.00251031
internal_weight=1016.71 39.551 977.156 964.523 214.004 55.0906 158.914 750.518 391.831 358.687 321.464 55.8062 37.2227 48.0453 265.658 384.017 105.634 83.667 278.383 114.667 99.1036 28.5199 70.5836 54.1662 48.8359 31.6649 21.9667 17.171 163.716 248.703
internal_count=15150 723 14427 14160 2563 456 2107 11597 6583 5014 4482 528 532 430 3954 6493 1526 1315 4967 2118 1614 523 1091 852 738 510 211 228 2849 3714
cat_boundaries=0 1
cat_threshold=178
is_linear=0
shrinkage=0.05


Tree=61
num_leaves=31
num_cat=2
split_feature=25 24 9 5 12 12 21 36 38 8 8 15 2 11 14 14 14 15 8 14 14 15 14 37 14 18 15 3 15 8
split_gain=24.5505 10.8295 10.3858 8.58867 8.14714 18.1837 8.54987 9.60273 11.3657 12.5365 12.9926 8.32894 13.1902 11.2924 8.9847 21.4575 17.9429 14.8192 11.0738 10.6993 28.8811 10.0264 11.1868 24.2814 48.1211 19.3847 18.0137 37.4911 30.8024 15.0316
threshold=39.500000000000007 2994.5000000000005 45.402249188896711 0.37249102616780821 12.105000000000002 11.155000000000003 12.755856980571318 4.5000000000000009 0 50.079769842457715 50.767821490311654 0.98233263117454295 84.593447862294468 12.604554513109191 0.99012500603607234 0.99076032007309101 0.9882105370671892 0.98141230956929271 49.049098228296657 0.98693133284823309 0.98669855369505977 0.97715423266838386 0.98288335031014473 1 0.98319418329702579 10.50775725106053 0.97577962155430054 91.710000000000022 0.97107488109568363 44.514239098182081
decision_type=2 2 10 10 2 2 10 2 1 8 8 2 8 8 2 2 2 2 8 2 2 2 2 1 2 10 2 10 2 8
left_child=2 -2 3 4 5 -1 7 8 9 -6 -11 14 13 -13 16 18 17 19 -16 20 21 22 26 25 -25 -24 28 -28 29 -10
right_child=1 -3 -4 -5 6 -7 -8 -9 11 10 -12 12 -14 -15 15 -17 -18 -19 -20 -21 -22 -23 23 24 -26 -27 27 -29 -30 -31
leaf_value=-0.018497933450820098 0.051226279941404988 -0.015741055406637641 0.042206474976665728 0.03842443895409043 -0.044119358015996646 0.048541611745938622 0.037275527657278089 0.018041151953303362 0.030094203822171359 0.083710376885961946 -0.023782588686182438 0.04443930661702556 -0.041270082179303287 -0.029199277644919072 0.021273205186007161 -0.021537103170692202 -0.047013242734934957 0.065772687818785203 0.10229835871266957 -0.031654185918589331 0.051072973068100117 -0.029510454915515273 0.020102252292149937 0.074653018340325047 -0.053965182565627746 0.10232119714161035 -0.034053081119458942 0.16206542238948735 -0.038273294010344405 -0.0041596896204301277
leaf_weight=16.894537430256605 32.291034586727619 6.8835070282220832 13.020930744707583 12.528656680136917 32.576695419847965 22.740779921412468 12.210609262809156 49.071783388033509 33.934586688876152 3.5363675840198967 6.571505321189762 10.147541536018254 32.57027462311089 8.8352995663881284 9.8083960637450271 13.827128278091548 21.396324753761292 7.0813662204891434 7.4255686104297629 28.778605047613382 24.593306880444288 33.00555057823658 77.418404942378402 8.5970324575901014 29.601400082930923 7.0299751982092848 4.3926992490887624 3.7809902690351009 64.175229735672474 384.11837735213339
leaf_count=135 697 44 130 118 914 195 81 539 347 63 185 89 616 129 82 231 449 91 64 457 219 636 860 99 497 74 84 24 979 6086
internal_value=0.00105151 0.0393603 -0.000518934 -0.00113748 -0.00169665 0.020214 -0.00266734 -0.00324856 -0.00449272 -0.0293401 0.0179756 -0.00314963 -0.022401 0.0104192 -0.00181422 0.0240952 -0.00295136 -0.0015524 0.0598801 -0.00232697 -0.00102323 -0.00308224 -0.00161365 0.0118326 -0.0190039 0.0251238 -0.00499371 0.0644446 -0.00630161 -0.00131402
internal_weight=1018.84 39.1745 979.67 966.649 954.12 39.6353 914.485 902.274 853.203 42.6846 10.1079 810.518 51.5531 18.9828 758.965 31.0611 727.904 706.508 17.234 699.426 670.648 646.054 613.049 122.647 38.1984 84.4484 490.402 8.17369 482.228 418.053
internal_count=15214 741 14473 14343 14225 330 13895 13814 13275 1162 248 12113 834 218 11279 377 10902 10453 146 10362 9905 9686 9050 1530 596 934 7520 108 7412 6433
cat_boundaries=0 1 2
cat_threshold=2 82
is_linear=0
shrinkage=0.05


Tree=62
num_leaves=31
num_cat=2
split_feature=25 17 23 23 16 12 23 9 24 37 12 3 3 10 14 15 15 14 15 23 37 10 15 7 4 13 22 16 16 17
split_gain=27.6673 8.04315 7.69838 18.1304 18.7376 24.9805 17.9972 9.65065 7.7551 13.3009 16.6035 24.1139 21.9724 18.6908 17.9917 22.978 14.1945 13.5205 11.5505 11.1084 11.9574 11.8234 10.1001 14.8855 9.88185 8.468 8.33036 10.2265 10.5211 8.82754
threshold=29.500000000000004 0.00071125031735320098 96.392906820248058 95.566068973634714 0.94442523349137308 12.415000000000001 94.40259759391418 41.05260695455658 1.5000000000000002 0 12.425000000000002 91.155000000000015 91.290000000000006 12.598170208828726 0.98661692455752992 0.97489284977279889 0.96659272483738246 0.97882309514810062 0.97127736521039088 93.018594632768369 1 12.595301237689698 0.9667079777601465 38.850619487312017 -3.3285614721121477 -0.84109820900850163 31.950000000000003 0.95221724017400999 0.95387575198208985 -0.0018888023144180723
decision_type=2 2 10 10 10 2 10 10 2 1 2 8 8 10 2 2 2 2 2 10 1 10 2 10 10 2 10 10 10 2
left_child=2 -2 3 6 -5 -6 8 -7 9 10 11 14 -12 -14 15 18 -15 -18 22 20 21 -10 23 -1 -19 -21 27 29 -29 -22
right_child=1 -3 -4 4 5 7 -8 -9 19 -11 12 -13 13 16 -16 -17 17 24 -20 25 26 -23 -24 -25 -26 -27 -28 28 -30 -31
leaf_value=-0.02838819939048285 0.047223489164317657 -0.033597861728566103 -0.020920787689744768 0.12059168842223474 0.10885294915785591 -0.046657650539731241 -0.052286521722712691 0.055798133189046389 0.015725882467643153 -0.015260775102763149 -0.030950968550780434 -0.023771570678154146 -0.023191636198762369 -0.025396780218417438 -0.030431036946135987 0.11922367147128293 0.12879151808395831 0.0066721960908959349 -0.026687762977881446 -0.023446437443557053 0.014495574032232986 -0.050141515453380761 0.090654221894825193 0.066786249356796806 0.077802048888534925 0.046509923120331489 0.025964875461112098 0.066527447148539184 0.0026077252332426743 -0.047131205391807256
leaf_weight=7.2650653459131771 36.125220742076635 2.6570619679987422 47.774718753993511 4.9577303268015411 3.9357157573103896 9.1146563757210952 16.1841537412256 2.0648460742086163 9.0233203619718569 181.81272094324231 51.072046121582389 17.873491693288088 18.538730407133698 6.1348483879119184 6.3487168811261645 9.7961803227663022 4.2630477137863663 12.556891862303024 6.0003357268869868 4.6698449291288879 7.8608324751257923 22.585090328007936 7.739140272140502 7.3459163270890713 7.2155596315860704 22.100891010835767 37.478667503222823 5.5418952181935301 416.1701118145138 17.729046383872628
leaf_count=104 736 34 1252 35 43 255 427 14 109 3202 798 251 311 108 83 63 52 198 76 72 75 609 65 78 92 260 533 56 4943 296
internal_value=0.000111452 0.0409809 -0.00156111 -0.000537913 0.0453096 0.0146665 -0.0016057 -0.0247065 -0.000623273 -0.00648753 0.00406883 0.0243504 -0.00832041 0.0155533 0.0437783 0.0565908 0.0393411 0.0562193 0.031624 0.00309544 0.00143592 -0.0240555 0.0477514 0.0206753 0.0351254 0.033902 0.00356588 0.00171492 0.00360312 -0.0283672
internal_weight=1009.94 38.7823 971.154 923.379 20.0729 15.1152 903.307 11.1795 887.122 343.963 162.15 62.3688 99.7811 48.7091 44.4954 38.1466 30.1703 24.0355 28.3505 543.16 516.389 31.6084 22.3501 14.611 19.7725 26.7707 484.781 447.302 421.712 25.5899
internal_count=15230 770 14460 13208 347 312 12861 269 12434 5481 2279 720 1559 761 469 386 450 342 323 6953 6621 718 247 182 290 332 5903 5370 4999 371
cat_boundaries=0 1 2
cat_threshold=274 68
is_linear=0
shrinkage=0.05


Tree=63
num_leaves=31
num_cat=0
split_feature=25 32 8 10 14 14 8 14 4 0 12 12 22 36 15 24 15 16 0 16 3 12 14 21 14 36 14 15 15 14
split_gain=25.0236 8.56647 9.69927 17.1715 17.9265 16.0958 13.8698 16.1585 11.6077 9.85354 9.58201 18.3988 11.545 10.4242 10.2448 8.95387 8.65547 9.92743 8.46847 17.2651 16.9389 12.9762 11.1745 20.1516 13.2822 19.7503 15.1724 26.0777 18.1991 15.3591
threshold=29.500000000000004 1.0000000180025095e-35 50.325911600263986 12.599680339119766 0.98117528196116133 0.98263585845412404 50.020096583302141 0.96927925814480298 -11.371304758242049 3560.5000000000005 12.115 11.155000000000003 32.550000000000004 5.5000000000000009 0.9211745042671623 309.50000000000006 0.97726373157522228 0.98348182984746879 3569.5000000000005 0.96309399049394451 88.050000000000011 12.445000000000002 0.96947652679287455 0.048326323231663547 0.97036759109969672 1.5000000000000002 0.97526886445104688 0.96422356974965451 0.96659272483738246 0.9772441112394491
decision_type=2 2 10 10 2 2 10 2 10 2 2 2 8 2 2 2 2 8 2 10 8 2 2 10 2 2 2 2 2 2
left_child=1 2 6 4 8 -6 10 -8 -4 -9 11 -1 13 -12 -14 18 -7 -18 22 20 -20 -22 23 -16 25 -24 -26 -28 -29 -30
right_child=-2 -3 3 -5 5 16 7 9 -10 -11 12 -13 14 -15 15 -17 17 -19 19 -21 21 -23 24 -25 26 -27 27 28 29 -31
leaf_value=-0.015831334114686402 0.04020176469086309 0.035062397781064125 0.027929412361258583 -0.044589425641920935 0.081756212620938476 -0.042774075912701853 0.12103388034113922 0.065451687756848384 -0.05574949940865799 -0.023402409571185882 -0.027699988301792496 0.052215857441170258 0.028206855171794748 0.059796382274001442 -0.027700593493388499 -0.061950690510166641 0.061318227610420543 -0.018730317632784148 0.074770423885835408 -0.025385608679492036 -0.027598129724873868 0.032486807178445404 -0.02822899721259825 0.037226819219067599 -0.022272286227526267 0.069307106955685954 0.089115369966918281 -0.04215479631841694 0.057915212364191074 0.0041410298935025836
leaf_weight=16.933596752583981 36.922946512699127 15.007712997496126 4.9326815064996508 34.296025361865759 8.0815424770116824 6.3810881879180696 3.9455772656947365 4.0763415526598674 14.696132112294434 7.2007965371012688 58.66886967420578 21.82841932028532 28.693543616682291 2.6864449772983781 64.892986547201872 5.1271936260163775 7.0526519622653696 6.7681775670498618 7.8750223293900481 87.268479607999325 20.473680689930916 14.456685725599526 6.788780082017186 13.688665715977548 54.671955805271864 16.140915639698505 8.1239651776850206 19.632819442078471 12.767066970467566 383.55732399225235
leaf_count=129 764 131 64 584 65 80 44 48 233 111 1632 190 305 29 1134 54 60 81 50 1763 400 204 77 174 952 122 72 413 130 4969
internal_value=0.000367407 -0.00121031 -0.00182496 -0.0181251 0.00134265 0.0264664 -0.000246652 0.0455484 -0.0343866 0.0114307 -0.00112527 0.0228382 -0.0023053 -0.0229714 -0.00057285 -0.00176481 0.00153546 0.0234989 -0.00124391 -0.012723 0.0130827 -0.00251862 0.00134674 -0.0160648 0.00410055 0.0404568 0.00227858 0.0054886 0.00364549 0.0060147
internal_weight=993.638 956.715 941.707 82.2083 47.9123 28.2835 859.499 15.2227 19.6288 11.2771 844.276 38.762 805.514 61.3553 744.159 715.466 20.2019 13.8208 710.338 130.074 42.8054 34.9304 580.264 78.5817 501.683 22.9297 478.753 424.081 415.957 396.324
internal_count=15064 14300 14169 1167 583 286 13002 203 297 159 12799 319 12480 1661 10819 10514 221 141 10460 2417 654 604 8043 1308 6735 199 6536 5584 5512 5099
is_linear=0
shrinkage=0.05


Tree=64
num_leaves=31
num_cat=2
split_feature=25 6 23 23 16 23 23 14 16 12 10 37 19 7 12 1 14 37 17 3 23 23 23 23 14 3 14 8 8 3
split_gain=23.3652 12.7836 6.81348 8.97369 21.0472 9.14117 14.5934 31.2355 11.4627 10.5658 11.5073 17.1067 15.0756 10.7815 11.8678 21.985 15.4401 12.1273 11.1753 10.7749 10.6761 12.5491 20.3563 8.27313 8.04283 10.0257 10.0202 9.56793 16.409 15.0299
threshold=4.5000000000000009 307.65620489671716 88.409706400535271 88.600000000000051 0.95835735262550847 90.217927495291846 91.050000000000026 0.98098376923597064 0.93355155108255727 13.925000000000002 12.574831259649676 0 44.500000000000007 39.114109643157981 13.845000000000001 0.9225588250113369 0.98058274635915166 1 -0.00036262335328512437 90.550000000000011 98.850000000000065 96.472784174297118 95.566068973634714 92.48844666177915 0.99296808310479767 91.710000000000022 0.99183991986392417 47.176765420631391 48.011420435119483 91.450000000000017
decision_type=2 10 8 8 8 8 8 2 8 2 10 1 10 8 2 2 2 1 2 8 10 10 10 10 2 10 2 10 10 10
left_child=2 -2 -1 4 -4 -5 7 -7 23 10 13 12 -12 -10 15 18 17 -16 -15 -20 21 22 24 -8 26 -26 27 -13 -29 -30
right_child=1 -3 3 5 -6 6 8 -9 9 -11 11 20 -14 14 16 -17 -18 -19 19 -21 -22 -23 -24 -25 25 -27 -28 28 29 -31
leaf_value=-0.036522969954102577 0.046255946913171253 -0.033770589049423316 0.095367929804331619 -0.026612070698974206 -0.041317081848914743 -0.031016244639208837 0.062716409264689174 0.086680439896202735 -0.014935282999317593 -0.028454261487526264 -0.04948748299059294 0.0026194816246916494 0.05323391001379979 -0.032967905701419074 -0.021106573343391964 0.079172761175232031 -0.031078611712517624 0.035456963361380503 -0.017109727958206696 0.046245564342318579 0.05145816026773678 -0.048178037401220696 0.080839155233018628 -0.00099678440549494742 0.067034747141609854 -0.0051967898123486548 -0.050959776907729473 -0.036207478795719804 -0.011896870826491986 0.020165209555210072
leaf_weight=12.963689707219599 36.530659966170788 5.0205112621188155 6.160586912184951 34.876081366091967 3.8994557317346343 8.9078944604843873 10.655476640909912 12.653055623173712 29.034068375825882 37.300868578255177 36.370295204222202 341.24397237040102 3.1331106796860686 9.2251555994153005 7.8177098743617535 17.631126873195171 20.698268260806799 20.514254832640294 8.9945070222020167 21.209596142172813 8.2245205845683795 13.831393487751482 6.3939043041318646 8.997362341731785 8.1683876216411608 9.8131990469992143 9.9886118546128255 48.041488967835903 142.62027607858181 48.05507412366569
leaf_count=351 832 36 68 700 121 167 71 80 319 705 1136 4800 18 66 141 100 390 224 66 172 97 484 106 111 55 89 147 812 2081 576
internal_value=-0.000226784 0.0360202 -0.00185277 -0.00133326 0.043441 -0.00186695 -0.000867959 0.0388347 -0.00189776 -0.00279063 -0.00157669 -0.00424246 -0.032262 0.0116905 0.0190487 0.0343447 0.000916853 0.0245542 0.012837 0.0274352 -0.00191899 -0.00272904 -0.00162913 0.0349116 -0.00262782 0.0294183 -0.00365272 -0.00275164 -0.0104085 -0.00375336
internal_weight=988.975 41.5512 947.423 934.46 10.06 924.4 889.524 21.561 867.963 848.31 811.009 675.884 39.5034 135.125 106.091 57.0604 49.0302 28.332 39.4293 30.2041 636.381 628.156 614.325 19.6528 607.931 17.9816 589.949 579.961 238.717 190.675
internal_count=15121 868 14253 13902 189 13713 13013 247 12766 12584 11879 10401 1154 1478 1159 404 755 365 304 238 9247 9150 8666 182 8560 144 8416 8269 3469 2657
cat_boundaries=0 1 2
cat_threshold=388 194
is_linear=0
shrinkage=0.05


Tree=65
num_leaves=31
num_cat=2
split_feature=25 12 12 10 12 10 37 16 22 15 16 15 8 37 3 12 3 14 4 15 15 3 14 14 3 14 15 15 11 1
split_gain=19.0485 11.2262 6.9446 7.41887 10.0247 23.321 12.7114 17.5722 12.1119 11.2619 10.4725 11.7409 9.19935 9.09855 18.9435 17.5261 18.0713 29.2763 40.0743 37.0274 22.0596 17.7035 17.2346 17.0403 17.0038 21.3495 16.9326 21.2594 20.9717 16.8432
threshold=39.500000000000007 11.115 13.935 12.595609180378496 13.845000000000001 1.0000000180025095e-35 0 0.97709739865245293 32.850000000000001 0.97670650871396336 0.971834736654556 0.95487075896103502 48.055020073259683 1 92.050000000000011 12.415000000000001 90.710000000000022 0.98288335031014473 -9.070374714400339 0.9727752253675831 0.96205555676197052 91.050000000000011 0.98693133284823309 0.97252514322474404 89.450000000000017 0.98669855369505977 0.97489284977279889 0.9749742671549414 12.596550974186879 0.55974138187226108
decision_type=2 2 2 10 2 10 1 8 8 2 10 2 10 1 10 2 10 2 10 2 2 10 2 2 8 2 2 2 10 2
left_child=2 -2 3 4 5 -1 7 12 -9 10 11 -7 -6 14 22 21 17 20 19 -19 23 -15 26 29 25 -21 -5 -28 -29 -17
right_child=1 -3 -4 13 6 9 -8 8 -10 -11 -12 -13 -14 15 -16 16 -18 18 -20 24 -22 -23 -24 -25 -26 -27 27 28 -30 -31
leaf_value=0.079923536303144346 -0.051925911140501192 0.045882225296482497 -0.036504389898031613 -0.0005443032534865951 0.015912392941489033 -0.026916995973745396 -0.019884522726482484 0.044587860083683539 -0.037237381256995578 0.039549589181836459 -0.024312715705544986 0.02492522364094707 0.077068216896995306 -0.045490068760784409 0.056589804693640167 -0.024473422514092163 -0.018308182985243112 0.098342402664426634 0.10921252548085908 -0.034229094823093546 -0.033808656210149175 0.022216775622169734 -0.034293680353982552 0.075837725107842271 -0.023214820582541928 0.074559027467209646 0.11819242626770238 0.062062293623147018 -0.012760588580558186 0.029303435319630519
leaf_weight=12.238079883158205 2.4106383807957164 30.279335714876652 12.508046450093387 270.26563720032573 14.539571860805156 13.413647281005977 48.610101342201233 5.1664875522255924 16.535404870286584 23.274997644126415 26.947230387479067 45.11273012496531 10.594016291201113 49.305799402296543 14.761959828436373 31.098263956606388 124.16259102895856 9.6759790889918786 12.26586816087365 6.3946832604706314 51.333460573107004 11.301209863275288 31.220260851085186 7.4979065880179396 35.838347001001239 11.244354728609322 5.3130721375346175 14.87767309322953 22.17402046173811 25.64898937009275
leaf_count=65 20 702 279 4047 151 163 891 91 328 204 272 377 78 971 119 591 2006 68 110 83 1082 189 493 115 810 79 26 146 214 421
internal_value=0.000386003 0.0373424 -0.000905524 -0.000399357 0.00771499 0.0172152 -0.00438111 0.0131888 -0.0166516 0.00949435 0.000947398 0.0127909 0.0436527 -0.00279801 0.00290902 -0.00809999 -0.0035352 0.00611366 0.0301406 0.01332 -0.00968882 -0.0327093 0.000531378 0.00980631 -0.00358647 0.0353996 0.00410737 0.0331109 0.0181251 -8.0479e-05
internal_weight=996.01 32.69 963.32 950.812 216.432 120.987 95.4456 46.8355 21.7019 108.749 85.4736 58.5264 25.1336 734.38 358.613 375.767 315.16 190.998 75.4192 63.1534 115.579 60.607 343.851 64.2452 53.4774 17.639 312.63 42.3648 37.0517 56.7473
internal_count=15191 722 14469 14190 2620 1081 1539 648 419 1016 812 540 229 11570 5045 6525 5365 3359 1150 1040 2209 1160 4926 1127 972 162 4433 386 360 1012
cat_boundaries=0 1 2
cat_threshold=265 178
is_linear=0
shrinkage=0.05


Tree=66
num_leaves=31
num_cat=1
split_feature=25 6 12 5 13 19 16 16 16 10 21 17 2 12 36 14 14 14 11 6 15 14 12 0 15 15 20 17 15 37
split_gain=20.3399 16.1749 7.21875 6.77559 7.69491 6.85883 23.9554 10.9943 13.0095 10.5534 9.28025 10.8038 9.63702 6.83716 17.1479 11.8113 14.1243 23.6895 9.25921 11.4092 9.89491 12.4833 8.85081 8.28276 9.71141 16.5381 16.0924 9.80738 11.0981 26.5614
threshold=7.5000000000000009 307.65620489671716 13.935 0.37249102616780821 0.11843221001236999 22.500000000000004 0.95125650662112593 0.95370883633078762 0.95387575198208985 12.6004821769522 0.080693632875225102 -0.0041249744734378228 62.506814132925328 12.405000000000003 2.5000000000000004 0.97011015308752113 0.98561231548280681 0.98647649114281444 12.580256906292616 68.711291169610561 0.96654123400657743 0.98337992348091807 12.085000000000003 3563.5000000000005 0.95862254746452957 0.9595007108629513 10.668038114719883 -0.0015981530410068513 0.96866209738830567 0
decision_type=2 10 2 10 2 8 10 10 10 10 10 2 8 2 2 2 2 2 8 10 2 2 2 2 2 2 10 2 2 1
left_child=2 -2 3 5 -5 6 9 10 -9 -1 11 -7 -13 14 15 -10 22 -18 -16 20 -20 -22 -17 24 26 -26 -15 -27 29 -29
right_child=1 -3 -4 4 -6 7 -8 8 13 -11 -12 12 -14 23 18 16 17 -19 19 -21 21 -23 -24 -25 25 27 -28 28 -30 -31
leaf_value=0.028886139617722739 0.047113703241762998 -0.040038242422011747 -0.039639953347698521 -0.008400947164744179 0.064993755375974266 0.019391874916202246 -0.014200384809806369 0.072026856702745778 0.038673316935514582 0.11583150120365278 0.0081045031669040365 0.033135652733101886 -0.042695039313877234 -0.034811349563881856 -0.0054050339014378012 0.011786016440963405 0.087692493762750248 -0.017624040574353444 0.0048678203682952607 -0.015213865755132786 0.10246430720639535 0.016232002541783828 -0.03661691025978156 -0.0091490249430876882 0.057227743523798627 0.068680208064718973 0.075074762022220215 -0.028443606564797441 0.0072799887693169767 0.025929398971960938
leaf_weight=9.6329135932028276 34.548380080610514 5.4744328260421744 11.220917433500288 5.981087312102316 7.1696359030902386 9.3717162497341615 21.847383117303252 5.13362818583846 12.95598043873906 5.4817038960754862 22.766135206446052 3.8295980039983979 51.563353110104799 29.813518181443214 10.54118952155113 11.77092945948243 7.5320589356124428 13.578120009973643 6.2340786121785667 5.5273193418979636 13.947080291807653 6.4326243232935658 39.640180328860879 305.24334469810128 13.373065214604138 4.4682948850095263 2.7913962323218575 63.223273368552327 211.34858835861087 23.51990738324821
leaf_count=122 846 39 271 56 62 91 550 57 127 71 390 47 1220 568 77 94 67 183 87 58 102 100 524 5268 105 31 20 1006 2532 344
internal_value=4.65688e-05 0.0345074 -0.00146231 -0.000956726 0.0333783 -0.00148809 0.0193216 -0.0023886 -0.0005089 0.0656503 -0.0190942 -0.0286329 -0.0369579 -0.0010765 0.00943882 -0.00354548 -0.0115113 0.0222193 0.0349276 0.0479193 0.0611073 0.0772784 -0.0255213 -0.00314907 0.00211673 0.00482089 -0.0234496 0.00232363 0.00110267 -0.0138597
internal_weight=975.962 40.0228 935.939 924.718 13.1507 911.567 36.962 874.605 787.075 15.1146 87.5308 64.7647 55.393 781.941 128.16 85.4773 72.5213 21.1102 42.6823 32.1411 26.6138 20.3797 51.4111 653.781 348.538 315.933 32.6049 302.56 298.092 86.7432
internal_count=15115 885 14230 13959 118 13841 743 13098 11350 193 1748 1358 1267 11293 1419 995 868 250 424 347 289 202 618 9874 4606 4018 588 3913 3882 1350
cat_boundaries=0 1
cat_threshold=67
is_linear=0
shrinkage=0.05


Tree=67
num_leaves=31
num_cat=0
split_feature=25 6 23 23 12 16 23 19 16 14 15 24 2 36 6 23 23 14 15 23 7 24 0 26 8 12 15 14 15 15
split_gain=15.024 10.766 7.8328 15.2355 18.4031 22.8093 15.343 11.1631 19.9889 11.5367 11.6991 13.7442 11.086 9.56319 9.28743 8.12035 11.0047 9.04019 11.1001 8.01488 7.95022 10.4029 12.2818 8.97365 9.42312 8.96969 8.74298 20.5987 11.1148 13.2961
threshold=29.500000000000004 335.40977163830041 96.309249293785427 95.566068973634714 12.415000000000001 0.94358811075426174 94.40259759391418 22.500000000000004 0.964707504176195 0.96222929767275922 0.94831027899112885 4.5000000000000009 78.104560714342696 1.5000000000000002 140.512866252517 90.293421845574471 90.308222213439535 0.97192396591188002 0.9537648542448075 91.984004643158656 39.519873863809345 1.5000000000000002 3559.5000000000005 35.500000000000007 49.733170653512694 13.925000000000002 0.96684830716429648 0.98142252310424449 0.97560067699649611 0.97664534841580197
decision_type=2 10 10 10 2 8 10 8 10 2 2 2 8 2 8 8 8 2 2 10 8 2 2 2 10 2 2 2 2 2
left_child=2 -2 3 6 -5 -6 7 8 19 12 11 -11 13 14 -9 17 -17 18 -12 -1 23 22 26 24 -18 -23 -22 -28 -29 -30
right_child=1 -3 -4 4 5 -7 -8 9 -10 10 15 -13 -14 -15 -16 16 20 -19 -20 -21 21 25 -24 -25 -26 -27 27 28 29 -31
leaf_value=0.085406476692280908 0.045871251326733496 -0.028776301910829829 -0.019587964267264522 0.11558350880534159 0.10235206113850717 -0.02901020947488421 -0.050219407743257199 0.064309441182198335 -0.023408962734078234 0.091095589298475166 -0.032618239991826517 -0.013122429251975754 -0.034914493277528109 -0.029483670542441488 -0.02167022765967918 0.067230077170043784 0.00018893679801783891 -0.039586503688651201 0.08004700382180388 0.01158287966531695 -0.021625738157340688 0.015660178284069751 -0.014361981459965268 -0.066739279679168054 -0.028187180581950022 -0.024650831123118635 0.072617096840603509 -0.043090991569226599 0.083544684035063196 -0.012047155751203395
leaf_weight=11.789265554398304 28.822920341044664 5.0570278465747824 43.853244869038463 5.3270535524934557 3.7488679178059074 9.9428196884691715 13.472827812656758 8.2698657009750622 9.6895879060029966 6.8302074968814832 3.7074293922632959 4.9323486741632223 40.717982903122902 8.5209287814795953 4.1372762415558091 5.518324088305234 314.31843811459839 21.726648142561316 3.215168796479702 5.6528946515172711 10.805293615907429 226.72623674012721 93.053910775110126 4.5175548493862143 31.258226221427321 13.811937686055897 14.377618081867693 8.919362600892784 4.9153682664036742 8.9029640518128854
leaf_count=104 752 33 1223 51 28 257 415 105 255 80 85 53 814 128 46 31 4398 647 22 108 188 2584 1571 46 469 205 117 122 43 128
internal_value=0.00199886 0.0342236 0.000805637 0.00182131 0.0449532 0.0114761 0.000838936 0.00168998 0.0326718 0.000650606 0.00231086 0.0497902 -0.0199926 0.0093078 0.0361609 0.00151757 0.00254624 -0.0241424 0.0232075 0.0634061 0.00196724 0.00695179 -0.00381731 -0.00346896 -0.00245167 0.013253 0.0165337 0.0279189 -0.00221336 0.0252994
internal_weight=976.54 33.8799 942.66 898.806 19.0187 13.6917 879.788 866.315 27.1317 839.183 777.537 11.7626 61.6461 20.9281 12.4071 765.774 737.125 28.6492 6.9226 17.4422 731.607 381.513 140.975 350.094 345.577 240.538 47.9206 37.1153 22.7377 13.8183
internal_count=15108 785 14323 13100 336 285 12764 12349 467 11882 10789 133 1093 279 151 10656 9902 754 107 212 9871 4958 2169 4913 4867 2789 598 410 293 171
is_linear=0
shrinkage=0.05


Tree=68
num_leaves=31
num_cat=0
split_feature=25 17 5 1 2 14 16 14 21 2 10 12 10 14 15 14 8 12 2 12 14 16 7 22 8 8 15 14 15 8
split_gain=18.8229 16.0797 6.98357 7.28159 13.5594 11.226 21.3788 14.1226 18.8347 10.7878 9.50249 18.6361 28.3233 18.2872 9.39146 9.41968 10.206 14.3354 9.35689 8.86259 8.60296 8.51168 7.70688 7.77672 7.59199 31.0707 10.2973 9.4289 16.6767 20.5199
threshold=4.5000000000000009 0.00089792333874152508 0.7571928872978777 0.57529823344942266 84.206426655301073 0.9706649432321145 0.96976715405836644 0.96965274316813754 -0.025719455157910225 89.396174740532516 12.599757128403692 13.885000000000003 12.599163182205514 0.98240585289708904 0.9819698138917593 0.9903181651112628 46.617153271290697 12.405000000000003 89.348796370092344 12.455000000000002 0.98319418329702579 0.93588480236972327 39.596652294608099 34.45000000000001 46.066617748277899 46.224255965834551 0.59704482234658074 0.97526886445104688 0.96497704192418221 47.154787384133769
decision_type=2 2 10 2 8 2 10 2 10 10 10 2 8 2 2 2 8 2 10 2 2 10 10 10 10 10 2 2 2 10
left_child=2 -2 3 19 -5 7 -7 8 9 21 11 12 14 18 15 16 20 -18 -13 24 -8 -6 23 -12 26 -26 -1 -27 -29 -30
right_child=1 -3 -4 4 5 6 10 -9 -10 -11 22 13 -14 -15 -16 -17 17 -19 -20 -21 -22 -23 -24 -25 25 27 -28 28 29 -31
leaf_value=0.073647145141805107 0.044203793218839806 -0.066635557981554822 0.044674339708039801 -0.019510784614099833 0.034572961870658628 -0.032405752416206288 0.090819175810888386 0.059050822768462324 0.032511581010454649 0.054896538221116432 -0.037141009290316905 -0.00022467609282969135 0.067453546741809853 -0.036410519476541163 -0.038097260596454567 0.071887472064424182 0.037757888415663465 -0.026249256618083416 0.067291826187617962 0.055005722218407216 -0.00078852699710680457 -0.037822564342745661 0.0089376081711722809 0.040774944215439216 0.085086208217009934 -0.012897718688462729 -0.004006623088262282 0.079653000167602406 0.0377684763993964 -0.0071483283132145045
leaf_weight=3.3388298023492089 35.481124918907881 2.7111095935106269 7.465999335050582 123.3982373662293 3.908765820786356 56.014505469240248 4.7358746938407403 14.323820818215607 33.252504728734493 3.4734577964991322 30.794187726452947 16.71375542879105 24.842366702854633 33.388819186016917 9.5667755194008333 5.1280687395483247 11.875875787809489 26.36511904373765 6.4009548611938945 7.1911202408373347 4.6020204573869705 28.50745715200901 19.868634974583983 2.7376230005174866 11.921629585325716 52.368204051628709 269.8043593224138 7.5544643066823474 36.314801311120391 79.065346771851182
leaf_count=28 871 25 88 2021 37 1168 46 113 532 25 689 254 236 725 155 48 104 412 36 79 59 616 260 35 115 914 4081 82 396 953
internal_value=0.000889633 0.0348363 -0.00053285 -0.000944491 -0.00540577 -0.000190829 -0.00544073 0.0156007 0.00588581 -0.0189961 0.0023506 0.00904038 0.0234405 -0.013183 0.00509418 0.0134972 0.00585361 -0.00591596 0.0204872 0.00344587 0.0499628 -0.0283197 -0.0154769 -0.0297832 0.00252301 0.0102511 -0.00279222 0.0047081 0.0122514 0.00719186
internal_weight=973.116 38.1922 934.924 927.458 459.899 336.501 253.035 83.466 69.1422 35.8897 197.02 143.62 87.1161 56.5035 62.2737 52.707 47.5789 38.241 23.1147 467.559 9.3379 32.4162 53.4004 33.5318 460.368 187.224 273.143 175.303 122.935 115.38
internal_count=15203 896 14307 14219 7571 5550 4227 1323 1210 678 3059 2075 1060 1015 824 669 621 516 290 6648 105 653 984 724 6569 2460 4109 2345 1431 1349
is_linear=0
shrinkage=0.05


Tree=69
num_leaves=31
num_cat=1
split_feature=25 24 14 3 14 0 32 10 13 10 37 14 1 36 15 14 14 8 8 8 19 3 22 18 3 15 0 15 13 2
split_gain=16.8813 10.757 6.71658 20.2814 13.8625 6.51189 6.48711 6.04551 18.1576 27.5547 11.1031 10.5937 9.9518 9.57913 7.56816 12.3873 7.25299 6.92898 17.2977 15.4986 12.9191 15.275 11.7323 12.5582 10.5565 13.957 10.2222 9.31497 9.02436 11.3708
threshold=18.500000000000004 2921.0000000000005 0.99296808310479767 92.155000000000015 0.99163465096054393 3563.5000000000005 1.5000000000000002 12.593698108572836 -0.015714944106426636 12.044284834888371 0 0.9867694361154572 0.99887750804581199 2.5000000000000004 0.97670650871396336 0.97750908248756285 0.96986597497728921 47.176765420631391 47.136297626987698 47.64883155369202 23.500000000000004 91.210000000000022 34.050000000000004 10.455719795806123 91.450000000000017 0.97654719227814424 3547.5000000000005 0.93644584160739031 -0.49755885655761523 89.264492687010602
decision_type=2 2 2 8 2 2 2 10 2 10 1 2 2 2 2 2 2 10 10 10 8 10 8 10 8 2 2 2 2 10
left_child=2 -2 4 5 6 -4 7 8 9 -1 11 -10 13 -12 15 16 -11 18 22 -19 21 -21 23 27 26 28 -22 -9 29 -26
right_child=1 -3 3 -5 -6 -7 -8 17 10 14 12 -13 -14 -15 -16 -17 -18 19 -20 20 24 -23 -24 -25 25 -27 -28 -29 -30 -31
leaf_value=0.076234133999342008 0.048566967141248904 -0.020590079774024328 0.088579645262337914 -0.037095340931031756 -0.050764742272905373 0.020877351025581983 0.039932169384291637 0.081423249472031001 0.019858178634974896 -0.015688962885114798 -0.019293282526867506 -0.026400567817174727 -0.038333023717756876 0.032087703200394037 0.047740237701264177 -0.041910405718043997 0.054605020895510059 -0.043301264079420733 0.077389883110002375 -0.022801683653942865 0.058468794623716486 0.1221096484890393 0.0015243674744702569 -0.033372046475253568 0.077657432825518458 -0.030919198547086871 -0.016782823703328894 -0.024715087243048994 0.0047370308022321181 -0.010809050434943551
leaf_weight=19.58872165158391 26.203942280262709 6.479721635580062 7.3755058497190493 7.8778340537101021 13.383173078298567 7.5717969313263893 8.4487310983240587 3.6644167341291896 61.912665981799364 5.9800397567451018 24.070264559239149 14.49206438474357 32.352013612166047 13.21470947563648 6.2729670293629161 13.44409362785518 7.2350483722984791 30.784495864994824 6.0640719123184672 2.7432794868946067 3.6920611280947915 3.1831808537244797 386.22252667509019 44.497906014323235 11.880082169547679 13.455903340131043 149.57734068576247 3.0581778474152088 21.556596084497869 4.7485651206225148
leaf_count=136 748 48 45 157 295 69 90 25 705 66 298 267 652 151 48 144 44 564 71 71 40 59 5779 1308 124 211 2420 95 275 64
internal_value=-0.000120376 0.034652 -0.00138055 0.024828 -0.00206784 0.0577437 -0.0012813 -0.00172002 0.00594231 0.0308587 -0.00316728 0.00961426 -0.0161967 -0.000720134 0.0024172 -0.00958786 0.0239299 -0.00394613 -0.000229259 -0.0107395 -0.00580322 0.0614244 -0.00147931 -0.0237237 -0.00803645 0.0113596 -0.0146029 0.0361917 0.0266669 0.0532144
internal_weight=961.032 32.6837 928.348 22.8251 905.523 14.9473 892.14 883.691 198.563 52.5209 146.042 76.4047 69.637 37.285 32.9321 26.6592 13.2151 685.129 443.507 241.622 210.837 5.92646 437.443 51.2205 204.911 51.6411 153.269 6.72259 38.1852 16.6286
internal_count=15069 796 14273 271 14002 114 13707 13617 2511 438 2073 972 1101 449 302 254 110 11106 7278 3828 3264 130 7207 1428 3134 674 2460 120 463 188
cat_boundaries=0 1
cat_threshold=329
is_linear=0
shrinkage=0.05


Tree=70
num_leaves=31
num_cat=0
split_feature=25 6 14 14 14 3 7 14 3 3 2 10 14 14 16 16 10 3 7 0 10 3 17 7 2 12 12 15 3 12
split_gain=13.9624 14.301 7.04399 24.7548 21.7281 20.6228 15.4865 20.8863 12.372 16.9782 12.0012 11.6317 15.0723 16.688 10.0204 19.1713 11.5809 11.3607 9.70602 9.30854 17.5232 16.0424 13.5116 13.4071 12.0705 11.0486 10.4193 9.9699 10.5793 10.277
threshold=5.5000000000000009 307.65620489671716 0.98709148487058662 0.98615072938150472 0.98959476025121196 90.750000000000014 39.918358651032015 0.9867694361154572 91.345000000000013 92.210000000000022 84.934860480694866 12.601719905692814 0.99048885574354129 0.99296808310479767 0.97720245374883041 0.97704414316587374 12.598519556466506 91.250000000000014 39.150085571148686 3556.5000000000005 12.597603630568846 91.450000000000017 -0.00020333843334069637 38.581485191680635 90.22109751886596 11.935 12.175000000000002 0.95976121846197648 91.050000000000011 12.435
decision_type=2 10 2 2 2 8 8 2 10 10 8 8 2 2 8 10 8 10 8 2 10 10 2 10 8 2 2 2 8 2
left_child=2 -2 3 14 -4 18 7 -5 -7 11 -9 12 -10 -14 15 19 -16 -17 -6 20 21 -1 27 -21 25 -25 -27 -22 29 -29
right_child=1 -3 4 6 5 8 -8 10 9 -11 -12 -13 13 -15 16 17 -18 -19 -20 23 22 -23 -24 24 -26 26 -28 28 -30 -31
leaf_value=0.066821732473724055 0.045686936715018799 -0.034009832817244172 -0.03450663690825588 -0.021762656558811249 -0.0080412443763988716 -0.035992178030120378 0.054615389542714304 0.085962127225909929 0.11897049184239339 -0.036409494358152744 -0.010547265689206047 -0.025270971113062764 -0.044734446228722718 0.061473318379162784 0.01740851781517521 0.0036768966319979655 -0.034786770703569524 0.091852345735158339 0.062132712043469387 0.0056948874718956198 -0.023591588561427863 -0.01694778877607761 -0.016083995206693399 0.037826520431578012 0.061113772428690649 -0.067760435215540316 -0.01173959823412473 0.094082683322147517 -0.0059426362613722739 0.0089533469340110066
leaf_weight=21.063681624829773 29.144457357004285 6.1489107757806769 56.063034984283149 22.811799133196473 6.4309821035712984 25.641455673612654 32.304138582199812 8.7709758728742564 4.8502226229757133 12.814771050587295 4.5072903893888006 5.9396164696663609 5.1690799593925467 8.4650191590189916 13.553566047921775 6.297465428709982 40.828896332532167 7.993596363812685 17.485836809501052 225.97761502396315 7.0109165599569705 7.2431183606386176 48.177155870944262 9.9658709987997991 4.8338341638445845 7.6061774492263785 287.71983303315938 9.4867500476539153 7.6603806111961594 5.7011291570961466
leaf_count=195 839 43 1059 301 78 565 358 80 39 205 65 113 100 54 159 79 723 65 128 3886 131 84 745 82 31 46 4617 83 98 67
internal_value=0.000827576 0.0312474 -0.000368977 0.00150528 -0.0105352 0.00516483 0.0300105 0.00710808 -0.00994619 0.00846054 0.0547578 0.0325091 0.0514198 0.0209016 -0.0012746 0.000447095 -0.0216989 0.0557787 0.0436982 -0.000868516 0.0125749 0.04554 0.000192294 -0.00355364 -0.0102894 -0.0116158 -0.0134062 0.0261239 0.0417286 0.0646545
internal_weight=957.668 35.2934 922.374 779.514 142.86 86.797 68.3942 36.0901 62.8802 37.2387 13.2783 24.4239 18.4843 13.6341 711.12 656.738 54.3825 14.2911 23.9168 642.446 106.343 28.3068 78.0363 536.103 310.126 305.292 295.326 29.8592 22.8483 15.1879
internal_count=15118 882 14236 11895 2341 1282 804 446 1076 511 145 306 193 154 11091 10209 882 144 206 10065 1403 279 1124 8662 4776 4745 4663 379 248 150
is_linear=0
shrinkage=0.05


Tree=71
num_leaves=31
num_cat=0
split_feature=25 17 21 27 27 9 24 6 15 15 8 1 15 0 2 16 8 12 8 2 7 8 8 8 15 8 8 12 16 15
split_gain=14.1286 16.0916 7.4107 7.25504 7.21039 6.73127 6.25262 11.1104 9.37475 12.3473 9.53358 13.8652 9.30332 14.5456 10.8404 10.6991 13.1603 12.9524 13.6011 10.6969 8.46138 8.3712 9.98013 15.0841 14.5089 12.5384 11.9193 11.3122 10.8307 17.3028
threshold=39.500000000000007 0.001766052094592616 0.02842926215479441 1.0000000180025095e-35 163.50000000000003 38.619206078226746 1.5000000000000002 234.57557316001245 0.94424926375121088 0.94222595905700268 47.782640605147556 0.99943938331064164 0.96744927729937913 3568.5000000000005 90.115672629647477 0.97935024974870177 47.35820474342885 12.415000000000001 47.154787384133769 78.803712682529138 39.888042145795559 53.033041424830067 49.529134089882341 48.79596707471012 0.96768684001405381 46.426979371197255 46.25645569770284 12.425000000000002 0.96398008589367945 0.95862254746452957
decision_type=2 2 8 2 2 8 2 10 2 2 8 2 2 2 10 8 10 2 10 10 8 10 10 10 2 10 10 2 10 2
left_child=2 -2 3 -1 5 -4 8 21 9 -7 12 -12 14 15 19 17 -17 -14 -19 -10 -13 22 23 25 -25 26 -8 -27 29 -24
right_child=1 -3 4 -5 -6 6 7 -9 10 -11 11 20 13 -15 -16 16 -18 18 -20 -21 -22 -23 28 24 -26 27 -28 -29 -30 -31
leaf_value=-0.014349642912670407 0.044927545641223136 -0.081175916119522323 -0.0089292620182690168 0.063808131617697258 -0.051891916787578624 0.0068256661193927598 0.011747355342365484 -0.029168484172374318 0.0056682954768529897 0.10889043056883801 -0.02070868531694367 -0.01533818278373046 -0.019421493244393295 -0.035283923301758328 0.061048877452003207 -0.036906035151118503 0.056782328406541231 0.051557187222716253 -0.029478049899400751 -0.049819599954624816 0.065486206211021761 0.03842263704398665 -0.036749123662739504 -0.0069604589601337426 0.064659559103076678 0.017740823332425531 0.064367466770908974 -0.015964213047126159 -0.026623491920834377 0.073165564459496457
leaf_weight=115.39628667850047 26.84309155121446 1.8692736625671376 131.49191548768431 2.0733678862452498 5.4052689149975768 10.755701638758181 160.73697058204561 19.003435144200921 15.52671089582145 3.170733304694294 108.13690779451281 4.8511241860687706 9.6215579919517022 12.144357811659573 3.1509499959647647 12.987861940637233 4.1511233933269969 43.082222457975149 5.2139451429247847 18.194256588816643 7.1366055468097338 21.926569387316704 5.6099448520690185 9.987530145794155 21.808415295556188 34.695160079747438 10.626364976167677 81.595827265642583 37.60663241147995 7.0520962402224541
leaf_count=2860 748 11 1969 18 63 190 2151 195 219 38 2077 71 120 241 16 226 37 430 85 375 84 229 114 144 199 389 112 1221 496 70
internal_value=0.000324896 0.034262 -0.000766581 -0.0124432 0.000949224 0.00137045 0.00340585 0.00723223 -0.00268595 0.0358018 -0.00501794 -0.015001 0.0046901 0.0135573 -0.0160848 0.0218199 -0.012335 0.0319648 0.0423883 -0.024843 0.034116 0.00906826 0.00722842 0.0104894 0.0426365 0.00680061 0.0153649 -0.00584287 -0.013295 0.0253422
internal_weight=951.852 28.7124 923.14 117.47 805.67 800.265 668.773 410.649 258.124 13.9264 244.198 120.125 124.073 87.2011 36.8719 75.0567 17.139 57.9177 48.2962 33.721 11.9877 391.646 369.719 319.45 31.7959 287.654 171.363 116.291 50.2687 12.662
internal_count=15198 759 14439 2878 11561 11498 9529 5320 4209 228 3981 2232 1749 1139 610 898 263 635 515 594 155 5125 4896 4216 343 3873 2263 1610 680 184
is_linear=0
shrinkage=0.05


Tree=72
num_leaves=31
num_cat=2
split_feature=25 24 9 21 5 24 12 10 12 10 37 3 14 1 3 0 10 16 19 14 6 3 8 14 8 37 17 12 3 14
split_gain=12.7816 9.85561 7.24471 6.49727 6.33612 5.78397 5.47205 6.43233 14.8342 24.5369 10.4272 9.57772 10.2988 9.04582 11.714 10.6976 22.2301 11.8236 13.9372 11.6663 10.5759 10.4735 13.992 22.1431 13.3062 9.1434 18.8649 14.0506 11.9641 23.0719
threshold=39.500000000000007 2994.5000000000005 45.402249188896711 18.226976975812629 0.37249102616780821 2452.0000000000005 13.935 12.574831259649676 13.845000000000001 12.548242310429353 0 91.655000000000015 0.9817169286488151 0.59584616430464943 91.345000000000013 3556.5000000000005 12.599599558803572 0.95125650662112593 23.500000000000004 0.95502464682590371 -21.909383830712226 90.710000000000022 49.106066424316928 0.98304676800296109 44.918617837168576 1 0.01672836872339456 12.415000000000001 90.750000000000014 0.98669855369505977
decision_type=2 2 10 10 10 2 2 10 2 8 1 10 2 2 8 2 10 10 8 2 8 10 10 2 10 1 2 2 8 2
left_child=2 -2 3 4 5 6 7 8 9 -1 11 12 -10 25 21 16 -16 18 19 -17 -19 22 -15 -24 -23 -9 27 -27 29 -29
right_child=1 -3 -4 -5 -6 -7 -8 13 10 -11 -12 -13 -14 14 15 17 -18 20 -20 -21 -22 24 23 -25 -26 26 -28 28 -30 -31
leaf_value=0.0067830878021754235 0.047518187555619644 -0.027062198575611499 0.037717384499877896 0.050013102849225249 0.031460456350694326 -0.050327365537671837 -0.03564317025136951 0.0075760647218501955 0.059531053445501962 0.068855171836571749 -0.018612556609156009 -0.046019236158846816 -0.0050922633269162021 -0.022047652216835141 0.085491071425414178 0.10770501778376758 -0.025050999485061388 0.058879485576644124 -0.0083528212678986562 -0.0045782910391513817 -0.015268108836652146 0.059549998744896651 -0.026313268340120124 0.11385352827615786 -0.036015595125000556 -0.034356281142360924 0.058194980193036309 -0.0065284228927889529 -0.018357782374138099 0.051547295046572898
leaf_weight=69.228562818840146 21.798132367432121 4.8022340610623351 10.9490112606436 5.0890987105667582 13.09309436753392 5.235014669597148 10.922383580356835 227.67124795448035 13.238884966820484 19.781431544572115 55.812266282737255 3.801644191145896 10.615060636773704 18.775118157267574 8.7448897771537322 5.8381080273538846 7.8623519456014028 4.0362522900104523 12.252610295079647 3.3769650310277939 121.26403394993395 2.9346808306872836 4.7789510358124954 4.9391674175858498 80.320105272345245 45.640679473057389 9.5829344596713764 60.740037923678756 68.128330715931952 22.706044249236584
leaf_count=587 721 35 124 42 120 52 280 2967 95 136 1083 49 227 341 74 66 138 52 245 80 2325 45 107 36 1583 917 102 948 1457 189
internal_value=3.06428e-05 0.0335613 -0.000966266 -0.00146906 -0.00181105 -0.00233049 -0.00199313 -0.00153656 0.00709756 0.0211896 -0.00800312 0.014682 0.0317257 -0.00364226 -0.0107188 -0.00214969 0.0347068 -0.00652676 0.0269615 0.0701375 -0.0124323 -0.0231165 0.00298839 0.0489015 -0.0319802 0.000853187 -0.00659626 -0.010355 -0.0029502 0.00969752
internal_weight=953.959 26.6004 927.359 916.41 911.321 898.228 892.993 882.07 172.478 89.01 83.4679 27.6556 23.8539 709.593 275.123 163.375 16.6072 146.768 21.4677 9.21507 125.3 111.748 28.4932 9.71812 83.2548 434.469 206.798 197.215 151.574 83.4461
internal_count=15223 756 14467 14343 14301 14181 14129 13849 2177 723 1454 371 322 11672 5092 2980 212 2768 391 146 2377 2112 484 143 1628 6580 3613 3511 2594 1137
cat_boundaries=0 1 2
cat_threshold=257 178
is_linear=0
shrinkage=0.05


Tree=73
num_leaves=31
num_cat=1
split_feature=25 12 23 14 14 24 15 15 14 23 19 10 37 6 10 15 15 7 15 15 6 18 14 16 6 8 14 24 1 6
split_gain=13.1268 10.4656 6.25132 10.5848 17.7736 12.044 8.4442 8.65655 27.1939 20.8461 14.4631 13.8466 19.9641 16.3493 12.4578 11.8355 25.7072 21.5836 18.9895 11.7576 10.6377 13.2479 19.0747 16.5434 12.5429 20.2307 10.394 19.1672 14.8256 9.74267
threshold=39.500000000000007 11.105000000000002 90.293421845574471 0.97192396591188002 0.95259221796884663 1.5000000000000002 0.9259651230140683 0.95817873819485044 0.97036759109969672 91.050000000000026 28.500000000000004 12.599962675017574 0 62.652826101356418 12.602373110197982 0.9667079777601465 0.96422356974965451 40.405358484507147 0.96310375624717692 0.96692631599711065 103.65746247147587 10.527441141772091 0.98344565352296121 0.97850046158756132 58.888705858687523 47.35820474342885 0.96783160873987206 1.5000000000000002 0.62053958312691537 55.399240819857646
decision_type=2 2 8 2 2 2 2 2 2 8 10 10 1 8 10 2 2 10 2 2 8 10 2 10 10 10 2 2 2 8
left_child=2 -2 3 4 -1 -6 -4 10 26 -10 11 -8 13 -13 15 16 17 18 -11 -17 24 -22 -23 -24 -21 -26 -9 -28 -29 -20
right_child=1 -3 6 -5 5 -7 7 8 9 14 -12 12 -14 -15 -16 19 -18 -19 29 20 21 22 23 -25 25 -27 27 28 -30 -31
leaf_value=-0.039520200185992123 -0.060340064953621576 0.044277054233868886 0.023592344710970298 -0.042130742620248178 -0.022330073315426618 0.06350063503727757 -0.033730301779332457 0.084790098872725386 0.052890869974463212 -0.025824857333652081 0.042709664511583582 -0.021991204687570431 -0.02194049246146448 0.074953841789482431 -0.034511211680744606 0.058744743184106288 -0.048493050022061765 0.072852267860191042 0.0059245568018762148 0.0022396414231652252 -0.018109619606534198 -0.044273044831446347 0.12028902222256047 0.0058330284659281403 0.059673378668980606 -0.024232147881638286 -0.022135955276565908 0.0027966348347903749 0.076110728087240495 0.089360803973816849
leaf_weight=13.083817580714824 1.7784086223691726 23.794915204867721 36.498618479818106 22.743640591390431 5.5023785084486034 11.275935389101504 61.940238865092397 8.327411621809004 16.297298241406679 41.254540266469121 9.7143607884645444 5.6131685338914394 29.125121708028018 13.853498302400114 28.431580254808068 7.9306306429207316 38.294999634847045 8.4339599795639497 8.8082552347332221 349.27545227576047 109.14727031346411 5.4417800810188082 5.2499300669878703 6.5973911127075553 22.477097811177373 9.6943780034780485 13.793935682624577 11.261494690552356 17.113886758685112 4.9791032727807751
leaf_count=214 12 743 396 739 117 133 1439 42 118 867 102 112 778 190 631 85 853 73 141 4485 1819 158 51 110 217 116 168 112 104 67
internal_value=0.000358347 0.0350049 -0.000639347 -0.0172109 0.00251881 0.03568 0.000381803 -0.000662184 0.00143674 -0.00128264 -0.0130136 -0.01825 0.00176502 0.031769 -0.00272892 -0.00121235 -0.0167076 0.00292319 -0.00890067 0.00187131 0.000869537 -0.0116435 0.0279356 0.0619673 0.00503678 0.0344214 0.0364362 0.0251446 0.0480999 0.0400617
internal_weight=947.734 25.5733 922.161 52.6058 29.8621 16.7783 869.555 833.057 712.81 662.314 120.246 110.532 48.5918 19.4667 646.016 617.585 101.771 63.4759 55.0419 515.814 507.883 126.436 17.2891 11.8473 381.447 32.1715 50.4967 42.1693 28.3754 13.7874
internal_count=15192 755 14437 1203 464 250 13234 12838 10217 9791 2621 2519 1080 302 9673 9042 2001 1148 1075 7041 6956 2138 319 161 4818 333 426 384 216 208
cat_boundaries=0 1
cat_threshold=80
is_linear=0
shrinkage=0.05


Tree=74
num_leaves=31
num_cat=2
split_feature=25 7 23 23 16 23 22 16 23 15 14 23 10 23 37 8 22 8 15 19 16 12 15 10 12 37 3 36 3 10
split_gain=13.136 7.94894 6.47252 6.12948 13.6413 7.75196 11.4086 7.92963 10.2411 7.61163 28.5725 17.027 18.2529 13.1676 12.9784 12.7612 17.3923 14.7355 12.3359 12.0151 10.7745 10.3015 8.91455 8.65751 8.07347 7.99192 21.4721 20.0747 20.1533 15.0531
threshold=39.500000000000007 38.280693455898636 88.409706400535271 88.600000000000051 0.96192492299632149 90.293421845574471 30.710000000000004 0.93355155108255727 92.48844666177915 0.95862254746452957 0.96833956125524379 91.050000000000026 12.602322445576208 93.303207757130394 0 50.190364299764639 34.150000000000013 44.361319062312127 0.60191750796794097 28.500000000000004 0.95040540836675225 12.445000000000002 0.95876536167256299 12.600349854726135 12.395000000000001 1 92.050000000000011 2.5000000000000004 91.790000000000006 12.598623060723027
decision_type=2 8 8 8 10 8 10 8 10 2 2 8 10 8 1 10 8 10 2 10 10 2 2 10 2 1 10 2 8 10
left_child=2 -2 -1 4 -4 6 -5 8 -7 14 -11 23 13 -13 15 16 -9 21 -16 24 -17 -18 -15 -12 -20 26 -24 29 -29 -27
right_child=1 -3 3 5 -6 7 -8 9 -10 10 11 12 -14 22 18 20 17 -19 19 -21 -22 -23 25 -25 -26 27 -28 28 -30 -31
leaf_value=-0.035450030593624192 -0.035831877080411259 0.045297237466511799 0.077451637095179438 0.05033892860719176 -0.039055079878193927 0.058144890890620596 -0.034306703851836262 -0.043573414881302397 -0.01062808471212091 0.085249017838635296 0.014475814704712943 -0.036652263063539699 -0.037989157869194157 0.061031501537877855 0.031822066577076279 0.12618081362328401 0.017756232885404583 -0.011614065834747748 0.00017194619105981171 0.045279023281060364 -0.0032074029514978179 0.09204150887645976 0.0030210051254442251 0.085177408514118258 -0.043271326654433034 -0.0029717944964293697 0.059484396683869269 0.0463701204244217 -0.018168547901633369 -0.045325387108457453
leaf_weight=11.92726711835712 2.7093243300914791 22.532109104096889 6.1912975832819921 3.6825741194188586 3.1023258361965418 12.220047634094955 29.350026549771428 15.014571394771336 8.7133080251514894 9.1669084914028627 9.7536179982125777 21.060795362107456 29.934388116933405 5.47231701016426 8.0183882620185596 2.9732532221823922 12.52458591386676 20.551476288586855 13.025849388912318 4.0805537700653067 2.622558519244194 7.0881586354225865 476.79655042476952 7.5840153172612181 58.547204689122736 42.762353260070086 16.461151292547584 25.16925804130733 21.721312996931374 40.469719784334302
leaf_count=353 29 719 63 39 117 83 664 500 118 47 83 646 660 39 74 45 161 331 155 45 61 79 6340 35 1460 706 118 251 348 817
internal_value=0.000670337 0.0355555 -0.000317928 0.00017874 0.0385444 -0.000257466 -0.0236683 0.000655745 0.0303394 -0.000109362 0.00203277 0.000818069 -0.000463639 0.00132046 -0.0105265 0.00733144 0.000649394 0.0178381 -0.0217303 -0.0305822 0.0742485 0.0477662 0.00264837 0.0483613 -0.0354715 0.00203893 0.00492227 -0.0085672 0.0167185 -0.0238589
internal_weight=951.227 25.2414 925.986 914.059 9.29362 904.765 33.0326 871.732 20.9334 850.799 706.352 697.185 679.848 649.913 144.447 60.7746 55.1788 40.1642 83.672 75.6536 5.59581 19.6127 628.853 17.3376 71.5731 623.38 493.258 130.123 46.8906 83.2321
internal_count=15186 748 14438 14085 180 13905 703 13202 201 13001 10090 10043 9925 9265 2911 1177 1071 571 1734 1660 106 240 8619 118 1615 8580 6458 2122 599 1523
cat_boundaries=0 1 2
cat_threshold=120 115
is_linear=0
shrinkage=0.05


Tree=75
num_leaves=31
num_cat=1
split_feature=25 29 21 23 23 16 23 22 16 23 15 14 23 23 10 23 37 4 20 7 36 3 10 0 7 9 10 7 14 14
split_gain=14.697 7.0042 6.54105 6.72483 9.00263 13.8211 7.27893 8.75426 8.09786 10.7074 9.76239 24.4569 15.9113 12.7343 9.97685 9.91499 9.54969 10.2874 11.3186 9.0521 8.86008 8.79169 12.4846 8.24179 16.4764 9.54067 8.86147 7.78827 7.36163 7.20337
threshold=39.500000000000007 1797.5000000000002 18.226976975812629 88.409706400535271 88.699198210922717 0.95835735262550847 90.293421845574471 30.710000000000004 0.93355155108255727 92.48844666177915 0.95862254746452957 0.96875622723444288 91.050000000000026 93.357746442865405 12.602075370011093 94.399999999999991 0 -8.1051568552499038 10.760169491525424 38.522562771642562 2.5000000000000004 91.155000000000015 12.599962675017574 3567.5000000000005 40.688143937527464 41.147616742090712 12.548242310429353 39.725045379568407 0.91884310509122546 0.98181040120012664
decision_type=2 2 10 8 8 8 8 10 8 10 2 2 8 8 10 8 1 10 8 8 2 8 10 2 10 10 10 8 2 2
left_child=2 -2 3 -1 5 -5 7 -6 9 -8 16 -12 -13 -14 15 20 17 18 -10 28 -15 22 -20 -17 25 26 29 -27 -18 -25
right_child=1 -3 -4 4 6 -7 8 -9 10 -11 11 12 13 14 -16 23 19 -19 21 -21 -22 -23 -24 24 -26 27 -28 -29 -30 -31
leaf_value=-0.03980685415931013 0.044850506321638867 -0.046914710330456688 0.050060324100296184 0.077735943454305401 0.042168744055015452 -0.038615736923954508 0.062426078167771099 -0.035253099524801566 -0.012565533938813765 -0.0087629541810372302 0.07257379298916998 0.044035604654860019 -0.040126860724199673 0.0023872509204091071 -0.026808385330011276 0.0024481797637258117 0.069061089294188485 -0.033869129573135308 -0.031592228743172898 -0.031278920598061338 0.071723300452635794 0.093044219539050607 0.056065411995428228 0.032136789550194521 0.058299184714861868 0.074391517464334075 -0.029053984232517267 -0.015337616852747264 -0.0090403929190182534 -0.018120226954463622
leaf_weight=10.652519091032444 22.135765023529533 1.4792633727192868 5.0599443055689326 7.1586082205176327 3.336112909018996 2.9869795702397832 10.325335055589678 27.196983938105404 15.418735173530875 9.4918758273124677 10.535204358398913 18.210726402699947 20.333840506151319 9.4497993215918559 34.079469605349004 479.04694628436118 3.094940558075904 11.119248224422334 6.0823658909648683 76.789830550551414 8.1259243004024011 5.3117494527250519 8.8134125471115095 11.634211655706169 6.8413537833839646 4.0728078093379709 79.801992993801832 4.0799226146191367 10.780983158387242 15.395822259597479
leaf_count=354 724 16 43 73 36 117 73 629 319 120 61 123 669 177 728 6023 22 235 77 1823 60 46 87 153 75 51 1677 63 237 269
internal_value=-0.000697671 0.0374299 -0.00172123 -0.00206373 -0.00157304 0.0430894 -0.00213036 -0.0257248 -0.00126259 0.0295456 -0.00202457 0.000369005 -0.00083501 -0.00211296 -0.000868797 0.000601568 -0.0141603 0.00514219 0.0193142 -0.0221991 0.0365793 0.0430846 0.0205366 -0.00050982 -0.0120666 -0.0167197 -0.0207609 0.0327181 0.0118511 0.00388608
internal_weight=938.843 23.615 915.228 910.168 899.515 10.1456 889.37 30.5331 858.836 19.8172 839.019 701.608 691.073 672.862 652.528 618.449 137.411 46.7455 35.6263 90.6658 17.5757 20.2075 14.8958 600.873 121.826 114.985 106.832 8.15273 13.8759 27.03
internal_count=15160 740 14420 14377 14023 190 13833 665 13168 193 12975 10129 10068 9945 9276 8548 2846 764 529 2082 237 210 164 8311 2288 2213 2099 114 259 422
cat_boundaries=0 1
cat_threshold=88
is_linear=0
shrinkage=0.05


Tree=76
num_leaves=31
num_cat=1
split_feature=7 21 29 5 12 12 12 16 23 23 23 10 16 18 12 12 12 1 37 17 10 12 3 24 24 3 16 4 3 10
split_gain=10.3305 10.3401 9.19811 8.01229 7.68773 10.5875 15.0687 6.96983 6.05016 9.14154 12.9342 10.3496 9.79887 12.2409 8.7926 7.80835 7.69985 6.70838 9.58121 11.5514 12.64 13.8972 10.0857 10.0412 10.1811 9.69252 11.6434 9.19878 9.16886 9.07619
threshold=43.696509592239622 15.340489220419911 2488.5000000000005 0.7571928872978777 11.015000000000002 12.105000000000002 11.135000000000003 0.910999767058708 94.40259759391418 98.850000000000065 99.049999999999926 12.601597265009337 0.95428042739155017 10.501071077495689 12.175000000000002 12.405000000000003 12.225000000000003 0.58055004220968776 0 0.01672836872339456 12.597233748237604 12.415000000000001 91.210000000000022 296.50000000000006 4.5000000000000009 90.750000000000014 0.9608701028565193 -6.9993461425097063 91.950000000000017 12.600543592940772
decision_type=10 10 2 10 2 2 2 8 10 10 8 8 8 10 2 2 2 2 1 2 10 2 10 2 2 8 10 8 10 10
left_child=1 2 3 4 -1 6 -6 -7 14 11 -11 15 13 -13 -9 -10 -16 18 23 20 27 22 -22 24 28 26 -23 -20 -18 -28
right_child=-2 -3 -4 -5 5 7 -8 8 9 10 -12 12 -14 -15 16 -17 17 -19 19 -21 21 25 -24 -25 -26 -27 29 -29 -30 -31
leaf_value=-0.069504299305009801 0.041213756475251842 0.042546285190708764 -0.075396415673116057 0.044313086246650715 -0.014255090746673266 0.037000933905816796 0.046119011510288334 -0.053399818721819606 0.015439432024606278 0.060841179652677185 -0.042032872242299547 -0.035038555570336617 -0.025124136914491585 0.097267931825849877 0.041432302039404317 -0.05018513281376407 0.0061661875513122208 -0.0064301355271649541 0.077361750454373948 0.044771637767426646 -0.050822523834131744 -0.037632549832807227 0.020682182497095754 -0.055445759343432238 0.044426828418164963 -0.021755261028185771 0.0017957018365287677 -0.0083042190960944048 0.06699677255697635 0.041295475742749492
leaf_weight=3.1011479273438445 14.162980746477841 12.806526226922868 3.1416887566447249 8.7746540270745736 16.103059325367212 10.2383517883718 26.064751775935292 7.0569664388895026 4.8225126415491095 6.8834853656589958 4.1037114039063463 2.0700119268149111 8.514894881285727 3.9071565559133887 9.5991164147853834 30.468070142902434 185.19074843451381 358.74951202049851 6.0799186863005161 9.7008917238563281 29.891271834261715 11.58150441944599 5.2997920839115968 4.6924104541540137 20.764985028654337 48.691408419981599 44.016823179088533 5.3061317559331638 5.427286695688962 20.790767551399767
leaf_count=20 335 213 29 156 145 176 362 46 144 47 112 77 338 85 69 1115 2343 6120 48 92 646 276 84 65 172 978 546 56 30 229
internal_value=0.000281476 -0.000397262 -0.00105412 -0.000710408 -0.00120403 -0.000886881 0.0232672 -0.00211999 -0.00264423 -0.0177033 0.0221167 -0.0267541 0.00843572 0.0529929 -0.00143876 -0.0410391 -0.000890905 -0.00148217 0.00298911 -0.00540169 -0.00879288 -0.0124852 -0.03978 0.00982063 0.0119861 -0.00455127 0.00655419 0.0399924 0.00823876 0.0149025
internal_weight=928.003 913.84 901.033 897.891 889.117 886.016 42.1678 843.848 833.609 60.7698 10.9872 49.7826 14.4921 5.97717 772.84 35.2906 765.783 756.183 397.434 181.359 171.658 160.272 35.1911 216.075 211.383 125.081 76.3891 11.3861 190.618 64.8076
internal_count=15154 14819 14606 14577 14421 14401 507 13894 13718 1918 159 1759 500 162 11800 1259 11754 11685 5565 2955 2863 2759 730 2610 2545 2029 1051 104 2373 775
cat_boundaries=0 1
cat_threshold=178
is_linear=0
shrinkage=0.05


Tree=77
num_leaves=31
num_cat=1
split_feature=25 17 9 26 12 27 24 6 10 17 15 4 15 0 2 15 8 8 0 8 37 6 7 10 10 19 17 8 0 15
split_gain=11.203 6.97783 6.06347 5.43112 5.23674 5.06176 4.75215 12.8615 9.30654 14.1801 7.92885 16.2248 12.2529 8.90487 8.75223 7.54443 6.84329 13.8451 8.78026 8.20039 10.4243 13.8024 15.6272 12.4293 10.1571 9.44088 10.0937 10.7193 10.5747 6.84402
threshold=39.500000000000007 0.0010447569793698469 45.402249188896711 145.50000000000003 13.935 348.50000000000006 1.5000000000000002 234.57557316001245 12.602373110197982 0.00094763990384571617 0.97914701287347372 -15.6358408219611 0.97751067929944735 3565.5000000000005 89.120727952177319 0.97726373157522228 50.709612079288597 53.541427504805547 3573.5000000000005 48.158764428440399 0 2.9312336082429118 39.928286336782669 12.59846599439935 12.451679650341728 21.500000000000004 -0.0006693968106594926 44.17807277789462 3560.5000000000005 0.97198591392664679
decision_type=2 2 10 2 2 2 2 10 10 2 2 8 2 2 10 2 10 10 2 8 1 10 10 10 10 10 2 10 2 2
left_child=2 -2 3 4 5 6 -1 8 10 -10 12 -12 15 14 -13 16 18 -18 19 25 21 -21 23 -23 -22 26 -8 28 -28 -19
right_child=1 -3 -4 -5 -6 -7 7 -9 9 -11 11 13 -14 -15 -16 -17 17 29 -20 20 24 22 -24 -25 -26 -27 27 -29 -30 -31
leaf_value=-0.00378782696488527 0.043975917652670657 -0.046597074561406715 0.034234605359923169 -0.047834443023914625 -0.034217214714706311 -0.049823812750049767 0.03733022588245357 -0.033844359219637341 -0.036976771409993697 0.07201634827993543 0.092999135946560854 0.038606886709902186 -0.038415646188098451 -0.0073382265774275509 -0.019979635112880558 0.05790064527707809 -0.047541967227344661 -0.016000381793550348 -0.022110750680855381 0.015270886969262588 0.02714167526703154 0.013020782965048364 -0.015357249943043386 0.097124603745558702 -0.025868702309129341 -0.043650063601197178 -0.014545766506253666 -0.0059595200538699088 0.06723649268516417 0.062659762099990815
leaf_weight=340.93802493624389 20.224871654063467 1.5492321588098992 11.941691376268862 4.9534291680902234 9.9892546990886313 3.9655676670372477 18.87699668854475 20.790991948917508 22.479910671710972 2.4790040310472241 6.2471988871693611 34.847918683663011 15.261435046792029 28.604792687110603 7.0973735582083455 5.8601651564240447 15.649556843563916 4.6447004880756122 23.639768091030419 102.44273133389652 12.567821433767675 6.492522116750485 5.8986146096140137 15.252268742769955 26.279866673052311 10.111817812547086 5.8433833904564372 119.87571321800351 9.526263199746607 4.8255625497549772
leaf_count=6253 715 16 130 42 272 49 197 238 510 32 36 344 315 486 89 63 259 74 447 1579 166 77 78 170 361 352 61 1567 84 35
internal_value=0.0011368 0.0357685 0.000257614 -0.000238727 8.29977e-05 0.000515414 0.00080295 0.00378238 0.00539593 -0.023794 0.00696055 0.0215808 0.00412828 0.0140454 0.0284593 0.0058971 0.00495005 -0.0197873 0.00674204 0.00884931 0.0165496 0.0223252 0.0548158 0.0736896 -0.00676945 0.000876494 0.0040604 -0.00082318 0.0371545 0.0262373
internal_weight=919.158 21.7741 897.384 885.443 880.489 870.5 866.534 525.596 504.805 24.9589 479.846 76.7973 403.049 70.5501 41.9453 387.788 381.928 25.1198 356.808 333.168 168.934 130.086 27.6434 21.7448 38.8477 164.234 154.122 135.245 15.3696 9.47026
internal_count=15097 731 14366 14236 14194 13922 13873 7620 7382 542 6840 955 5885 919 433 5570 5507 368 5139 4692 2431 1904 325 247 527 2261 1909 1712 145 109
cat_boundaries=0 1
cat_threshold=241
is_linear=0
shrinkage=0.05


Tree=78
num_leaves=31
num_cat=2
split_feature=7 21 29 25 23 37 27 14 14 2 14 3 16 14 10 14 8 3 23 37 14 15 14 14 2 14 15 4 12 6
split_gain=11.1627 8.4541 7.65659 7.76942 7.51053 6.71252 6.06909 5.86217 22.311 19.6586 17.9485 20.5477 10.5008 12.8248 12.5752 7.948 15.9572 7.66733 7.23306 8.18164 28.3216 22.4904 23.8079 21.5667 15.4266 15.2437 17.1683 23.4076 15.5879 16.6108
threshold=43.696509592239622 15.340489220419911 2472.5000000000005 183.50000000000003 88.409706400535271 0 317.50000000000006 0.98709148487058662 0.9867694361154572 83.652376042718132 0.98959476025121196 92.155000000000015 0.98190629859576517 0.99296808310479767 12.595609180378496 0.99012500603607234 45.64689529145398 92.105000000000004 88.699198210922717 1 0.98319418329702579 0.97582233197995649 0.98296565299084226 0.98344565352296121 89.154208043971678 0.97882309514810062 0.96878076158201754 -7.2911164086425995 12.395000000000001 58.888705858687523
decision_type=10 10 2 2 8 1 2 2 2 8 2 8 10 2 8 2 10 10 8 1 2 2 2 2 10 2 2 8 2 8
left_child=1 2 3 4 -1 -6 7 8 18 -10 17 12 -12 14 -14 16 -16 -9 -7 23 21 22 24 25 -21 26 28 -28 -20 -30
right_child=-2 -3 -4 -5 5 6 -8 10 9 -11 11 -13 13 -15 15 -17 -18 -19 19 20 -22 -23 -24 -25 -26 -27 27 -29 29 -31
leaf_value=-0.045983922742325767 0.045873320265270877 0.040576013585259939 -0.067207713014032208 0.047417249807587797 -0.026618513666600438 0.049041653295428193 -0.056375963945004132 -0.040167526774396778 0.08725361906682122 -0.0059435511047799556 0.057965165771895845 -0.04033437109448005 0.062470875251352302 0.04322725032232539 0.098584650286489439 -0.033436132249522299 -0.041354044699780101 0.011326698209700425 0.03629994205020963 -0.0094066588931822539 -0.03929124287873887 0.085056038225693825 0.079109912842897492 0.025939561655171597 0.027161325807638005 -0.016992493340737835 0.13076575194037618 -0.004069870313077162 -0.018252126969009325 0.013273861584150157
leaf_weight=7.8545473311096421 12.79769987426698 12.009652720764278 3.2205559322610489 7.6628514006733885 11.596950582228601 6.8978898162022224 3.5859766043722621 41.82560608536005 13.432510998100044 9.1088545657694322 12.812970917671917 17.643896779045463 4.3435417637228957 16.786506125703454 2.8391895201057222 24.154023222625256 3.484221663326025 8.2383183483034355 28.926181634888053 200.7580688232556 50.203439249657094 6.8097975440323344 7.9026419688016167 97.757121541537344 32.668979327194393 98.792207399383187 5.3755087591707706 6.3827865272760373 84.743935894221067 80.525347731076181
leaf_count=331 307 205 30 255 532 119 47 884 98 140 104 452 30 133 33 375 77 112 284 3385 904 66 74 1150 364 1585 55 92 1483 1440
internal_value=0.00123789 0.000559266 -2.15247e-05 0.000295644 -0.000165186 0.000296766 0.000983164 0.00129807 0.0030535 0.0509404 -0.00835442 0.00605976 0.0191888 0.00864266 -0.0087712 -0.0205865 0.0263599 -0.031638 0.0014586 0.000921072 -0.00525845 0.00154605 -0.00115169 0.00549721 -0.0041948 -0.000943926 0.00679918 0.0629905 0.0030916 -0.00290404
internal_weight=921.142 908.344 896.334 893.114 885.451 877.596 866 862.414 730.285 22.5414 132.128 82.0643 64.4205 51.6075 34.821 30.4774 6.32341 50.0639 707.744 700.846 298.343 248.139 241.33 402.503 233.427 304.746 205.954 11.7583 194.195 165.269
internal_count=15146 14839 14634 14604 14349 14018 13486 13439 11239 238 2200 1204 752 648 515 485 110 996 11001 10882 4793 3889 3823 6089 3749 4939 3354 147 3207 2923
cat_boundaries=0 1 2
cat_threshold=4 338
is_linear=0
shrinkage=0.05


Tree=79
num_leaves=31
num_cat=2
split_feature=29 25 12 27 27 8 8 8 10 24 8 12 14 8 0 38 3 0 8 14 14 4 12 8 10 16 0 1 37 3
split_gain=7.61708 11.4184 8.26664 6.02742 5.72112 7.95658 13.979 16.7934 15.4684 12.5397 12.4136 13.8319 12.7796 12.8721 11.373 9.84131 9.12646 9.38867 8.53828 8.42052 12.245 13.2821 11.1033 14.5369 11.7784 11.3607 11.0229 13.6984 15.239 15.3663
threshold=2488.5000000000005 7.5000000000000009 11.095000000000001 17.500000000000004 1.0000000180025095e-35 50.325911600263986 49.70766889956554 49.529134089882341 12.598904561040559 2.5000000000000004 48.926529432275778 12.425000000000002 0.98296565299084226 49.106066424316928 3562.5000000000005 0 91.550000000000011 3572.5000000000005 49.083716262394958 0.97036759109969672 0.96976142672529164 -1.0000000180025095e-35 12.445000000000002 45.155903658501138 12.602253792146744 0.97545185908311693 3568.5000000000005 0.54268464251241266 1 91.550000000000011
decision_type=2 2 2 2 2 10 10 10 8 2 10 2 2 10 2 1 10 2 10 2 2 8 2 8 10 8 2 2 1 10
left_child=1 3 -3 4 5 6 7 10 -8 14 15 18 -13 -14 -10 -1 17 -7 -12 20 22 -22 25 -24 -25 -17 27 -21 -29 -30
right_child=-2 2 -4 -5 -6 16 8 -9 9 -11 11 12 13 -15 -16 19 -18 -19 -20 26 21 -23 23 24 -26 -27 -28 28 29 -31
leaf_value=-0.030122768623134732 -0.065564126708786877 -0.057804779773234373 0.042291512512430754 -0.046735958903590669 0.03381041154339489 -0.031482864921074327 -0.027073570549274423 -0.052836566828506716 0.092986613663936887 -0.0066836953762656392 0.096653183727088629 -0.019466791119104626 -0.019150898056074644 0.070567151113665419 0.0048977995942407699 -0.0077570647943596849 0.015380537095400611 0.043253371477955459 0.024591405294223455 0.010045607466912809 -0.00048690485095824985 0.085372010125888506 0.10021374152011034 0.0034847253438337507 0.076974122023558328 0.07825388236517157 -0.015831543843829808 0.013563674473202026 -0.027963749424041586 0.0094030253331686409
leaf_weight=25.326178443618119 3.2301728725433341 1.3926728647202278 23.232334416359663 5.6355715356767169 12.166630366817115 49.453763976693153 7.5407069101929656 13.411623761057852 13.992851167917257 6.7532403394579879 7.673552909865978 20.215827559120953 5.6996308509260407 10.085148835554717 5.0021595247089854 87.772869591601193 17.439985951408744 3.7209588643163434 9.6028300598263723 226.39839399140328 7.7237262167036533 9.7689939457923192 4.8006962165236464 35.236955305561423 5.4741993192583314 3.0151422973722211 111.88254679553211 51.804438604041934 97.541652971878648 37.594326505437493
leaf_count=889 31 10 854 76 68 856 116 207 146 102 54 343 72 94 113 1460 221 66 103 2777 79 60 24 589 76 34 2506 766 1806 549
internal_value=0.00138095 0.00168781 0.0345957 0.000742392 0.0010963 0.000603302 0.00202289 0.000632855 0.033261 0.0512823 0.00164779 0.0246883 0.00651177 0.0389605 0.0711944 -0.000127543 -0.0153686 -0.0255512 0.0601358 0.00103388 0.0112837 0.0494856 0.00605619 0.0259274 0.0149749 -0.00407914 -0.00198316 0.00179448 -0.00819851 -0.016373
internal_weight=920.59 917.36 24.625 892.735 887.099 874.932 804.318 771.029 33.289 25.7483 757.617 53.277 36.0006 15.7848 18.995 704.34 70.6147 53.1747 17.2764 679.014 153.793 17.4927 136.3 45.5119 40.7112 90.788 525.221 413.339 186.94 135.136
internal_count=15147 15116 864 14252 14176 14108 12965 12488 477 361 12281 666 509 166 259 11615 1143 922 157 10726 2322 139 2183 689 665 1494 8404 5898 3121 2355
cat_boundaries=0 1 2
cat_threshold=2 272
is_linear=0
shrinkage=0.05


Tree=80
num_leaves=31
num_cat=1
split_feature=21 7 6 2 12 7 6 14 3 13 24 15 14 12 14 8 37 12 6 22 17 12 6 17 23 13 0 1 14 14
split_gain=8.41928 8.64561 7.653 8.03046 16.3287 16.2192 13.3307 9.52604 9.28943 8.82457 7.69925 9.52803 21.3897 9.57631 14.4009 12.6332 11.5899 10.3432 10.3285 11.6693 9.49437 9.51732 9.3858 9.27395 9.00611 8.88491 8.78259 9.00546 9.43452 11.7737
threshold=15.340489220419911 43.696509592239622 127.90897067951347 76.902951308804674 12.425000000000002 38.791207078471352 -1.513871011178153 0.98011768748367833 93.155000000000015 -0.29438700110262944 1.5000000000000002 0.96659272483738246 0.97731739614984947 12.465000000000002 0.98263585845412404 48.091542275434811 0 12.475000000000003 -29.046126745917231 34.350000000000001 0.0027026414818809509 11.935 5.8488461894683708 -0.0014271422253310569 98.850000000000065 -0.068217295881392803 3573.5000000000005 0.53342674589107586 0.99539921970112777 0.99048885574354129
decision_type=10 10 10 8 2 10 10 2 10 2 2 2 2 2 2 10 1 2 8 10 2 2 10 2 10 2 2 2 2 2
left_child=1 2 3 4 5 -1 -7 -8 10 -6 11 -5 -13 15 17 16 18 -15 -14 24 21 23 -18 -12 -20 -16 27 -23 29 -29
right_child=-2 -3 -4 8 9 6 7 -9 -10 -11 20 12 13 14 25 -17 22 -19 19 -21 -22 26 -24 -25 -26 -27 -28 28 -30 -31
leaf_value=-0.0054298251373068561 0.039281417667472569 0.038994004942658388 -0.01525842298015735 -0.022662021922657129 0.023357387099404773 0.013930905696704377 0.10894856568896827 0.031113732572138727 0.043432258123330854 -0.017358629111190044 -0.022955543941109612 0.078955676050870741 0.053974105854400545 0.10160412807377101 0.034989772987232444 -0.04049131324608219 -0.0027993190108005529 0.020158573999800176 -0.040777018157005705 0.050832174128258883 -0.031367840581539082 0.015189557345296714 0.044521856615965118 0.05136212210600264 0.043112973064564908 -0.031641807266515297 -0.025492229243735065 -0.00039111693420122739 0.062016545980724438 -0.047682102709471125
leaf_weight=16.332211214117706 12.639024982228873 12.783962994813917 83.119840918108821 84.13021364249289 18.663666578009725 12.527508848346772 11.23474562354386 7.366360440850257 10.381480243057011 40.275251183658838 4.8156859725713757 6.7663976252079001 3.3127357251942158 4.997361488640311 6.1924139540642527 30.092153919860721 23.846456759609282 13.138867218047379 40.813900060020387 3.4929824098944655 19.383471349254251 116.46886398643255 17.539469569921494 17.215321933850646 2.6624327152967444 15.785196644254027 26.535779781639576 228.73676423728466 4.691216103732585 12.965913508087395
leaf_count=216 206 330 1008 2091 232 166 138 77 183 594 47 78 39 60 87 552 336 166 1015 80 265 1678 202 283 39 402 585 3681 38 259
internal_value=0.000292868 -0.000300108 -0.000912135 0.000594944 0.0133186 0.0348241 0.0554558 0.0812845 -0.00137223 -0.00429087 -0.00211511 -0.00902463 -0.00212781 -0.00598109 0.0149566 -0.0129447 -0.00356245 0.0467373 -0.0177211 -0.0274917 0.00195041 0.00359237 0.0144287 0.0348259 -0.0347859 -0.012162 0.00174059 0.00379668 -0.00162829 -0.00311401
internal_weight=908.908 896.269 883.485 800.365 106.4 47.4608 31.1286 18.6011 693.965 58.9389 683.584 252.771 168.64 161.874 40.1138 121.76 91.668 18.1362 50.2821 46.9693 430.813 411.43 41.3859 22.031 43.4763 21.9776 389.399 362.863 246.394 241.703
internal_count=15133 14927 14597 13589 1423 597 381 215 12166 826 11983 5147 3056 2978 715 2263 1711 226 1173 1134 6836 6571 538 330 1054 489 6241 5656 3978 3940
cat_boundaries=0 1
cat_threshold=329
is_linear=0
shrinkage=0.05


Tree=81
num_leaves=31
num_cat=2
split_feature=21 29 25 8 8 17 4 25 23 8 8 10 15 16 19 14 14 14 3 6 8 2 3 2 0 3 37 2 37 14
split_gain=8.50347 7.69032 8.14106 14.294 10.0036 10.667 9.04776 8.80188 7.27107 6.7418 9.43452 13.3987 6.68543 6.44927 6.65435 6.24109 17.9219 15.7121 17.0278 15.3514 9.78771 8.61391 7.48965 9.70573 7.23357 10.2434 9.6879 9.03999 8.77862 8.39239
threshold=15.340489220419911 2488.5000000000005 1.0000000180025095e-35 46.066617748277899 46.426979371197255 0.00016079288215156389 -7.2911164086425995 5.5000000000000009 90.293421845574471 48.457388314571887 49.529134089882341 12.599497314230897 0.9632397303652972 0.92908345337922438 22.500000000000004 0.98561231548280681 0.98709148487058662 0.98959476025121196 90.750000000000014 28.066015162716372 46.372606443707674 90.201064931986295 82.605000000000004 55.16250787986916 3556.5000000000005 90.050000000000011 0 74.984210760367077 1 0.96811329968372328
decision_type=10 2 2 8 8 2 10 2 8 10 10 10 2 8 10 2 2 2 8 8 10 10 8 10 2 8 1 10 1 2
left_child=1 2 8 -4 6 7 -5 9 -1 12 -11 -12 -6 14 -10 22 19 21 20 -17 -19 -18 23 -15 25 -24 -27 -28 29 -26
right_child=-2 -3 3 4 5 -7 -8 -9 13 10 11 -13 -14 15 -16 16 17 18 -20 -21 -22 -23 24 -25 28 26 27 -29 -30 -31
leaf_value=-0.026904451485698713 0.039925311140496418 -0.069671894930553369 -0.015590788097444836 0.089492626366495465 0.0096529256262725474 0.026567583134810998 0.01262304398260463 0.040821831156192645 0.066756874960962137 0.036522349669669711 0.020935422756091372 -0.046797320507665913 -0.021323228575552626 -0.0037924064095767964 -0.0048487901188451546 0.00050774366389356377 -0.045820743731343885 0.0057569293875382186 -0.012530466424315141 0.046156646822216811 0.07908978424975488 0.026691279845653105 -0.032730527283535329 0.041143457157533911 0.023616569513484859 0.032007666029824418 0.054873175823006076 -0.019743512216383659 -0.018191989662262761 -0.0075007197291755787
leaf_weight=29.617198102176189 12.337399803102015 2.9766220841556779 54.142182001844049 6.8516723709180942 25.241769740357995 64.034565005451441 8.2251713350415212 12.237959081307052 5.8634502850472909 21.35209477879107 17.043790586292747 11.290932228788732 51.965843773446977 34.344755517318845 5.9139912351965904 36.031428767368197 28.783272059634328 8.5495762042701262 36.601846877485514 36.722915448248386 9.1558362822979671 4.0789488069713107 12.476654659025369 17.362069062888622 26.926295446231961 24.6434928458184 3.8063331004232195 25.655232338234782 179.69331158418208 95.697834729216993
leaf_count=842 214 30 772 76 413 1089 109 476 47 236 173 179 979 450 61 450 649 93 679 390 59 45 209 135 518 285 52 378 3354 1762
internal_value=0.000294828 -0.000293917 1.45612e-05 0.00720756 0.0129087 0.00984997 0.0509501 0.00202114 -0.00314229 -0.0020108 0.0122107 -0.00673019 -0.0112021 -0.00191076 0.033235 -0.0026797 0.00570374 -0.0095509 0.00699782 0.0238625 0.0458797 -0.0362979 -0.00587325 0.0117905 -0.00837426 0.00646977 0.0159393 -0.00648836 -0.011654 -0.000492277
internal_weight=909.624 897.287 894.31 272.386 218.244 203.167 15.0768 139.132 621.924 126.894 49.6868 28.3347 77.2076 592.307 11.7774 580.53 159.924 87.1695 54.3073 72.7543 17.7054 32.8622 420.606 51.7068 368.899 66.5817 54.1051 29.4616 302.317 122.624
internal_count=15204 14990 14960 4502 3730 3545 185 2456 10458 1980 588 352 1392 9616 108 9508 2365 1525 831 840 152 694 7143 585 6558 924 715 430 5634 2280
cat_boundaries=0 1 2
cat_threshold=1 106
is_linear=0
shrinkage=0.05


Tree=82
num_leaves=31
num_cat=1
split_feature=25 12 5 23 23 16 21 26 3 14 3 16 2 14 14 14 14 15 15 3 8 37 14 14 23 14 19 14 23 10
split_gain=8.40473 8.40137 5.78453 5.30836 6.74338 12.9363 6.36857 4.79265 5.59267 4.59201 17.3483 11.0823 9.29796 8.91996 16.1965 22.8096 15.4934 14.6168 11.7198 21.5602 9.06815 7.76945 13.9464 26.7045 13.6794 13.8379 12.5523 11.4574 10.3855 10.3523
threshold=39.500000000000007 11.085000000000003 0.7571928872978777 88.409706400535271 88.600000000000051 0.96192492299632149 15.340489220419911 145.50000000000003 93.495000000000019 0.99296808310479767 92.155000000000015 0.98398661530219966 69.532978383363059 0.99012500603607234 0.98709148487058662 0.98669855369505977 0.99076032007309101 0.98141230956929271 0.97726373157522228 90.710000000000022 46.25645569770284 0 0.98319418329702579 0.98296565299084226 93.162364951927842 0.98344565352296121 23.500000000000004 0.97036759109969672 93.992518712759747 12.597719767041236
decision_type=2 2 10 8 8 10 10 2 10 2 8 8 8 2 2 2 2 2 2 8 8 1 2 2 10 2 10 2 10 10
left_child=2 -2 3 -1 5 -5 7 8 9 11 -11 13 -13 14 15 21 -15 -16 19 -17 -19 24 23 29 -6 26 27 -26 -28 -23
right_child=1 -3 -4 4 6 -7 -8 -9 -10 10 -12 12 -14 16 17 18 -18 20 -20 -21 -22 22 -24 -25 25 -27 28 -29 -30 -31
leaf_value=-0.035368915373839481 -0.062156574450500428 0.041935198100895632 0.042055164988043771 0.077876886367808595 -0.001487287437474035 -0.038274692866694673 0.044274154547503143 -0.044564738053966726 0.046291444327478046 0.050253678455449841 -0.044121629438819913 0.037501833174893473 -0.046924778233272013 0.053218801654381753 -0.046771032770086401 0.058198834630717816 -0.018480628411343829 0.053664193228674308 0.067775617183631162 -0.044380097776396649 -0.022371757023802796 0.0089361644766737715 -0.041745527916324632 0.072807940757061207 0.066372069777117348 0.073419489595566573 0.041980081218686065 -0.0090710362443147726 -0.026825821033379462 -0.016321396705470871
leaf_weight=9.9255972169339639 1.2742703594267393 17.910336593165994 6.9699968528002492 6.1040922403335554 384.12754337675869 2.8766744630411267 6.7748035192489615 5.3205283284187308 5.2428957298398009 14.604256426915528 6.1830902071669689 3.0726615227758911 20.535607595928013 18.264972932636741 34.266860527917743 9.8787197079509514 11.708477623760698 6.2281030956655714 16.745622076094151 8.7151977214962226 7.7016778672114024 56.370043713599443 28.419150740839541 9.5061175264418107 13.474056610837581 10.572717351838945 6.3302473630756166 7.3813362745568147 21.104803049005568 139.02161045093089
leaf_count=368 8 748 91 60 5587 116 47 41 38 111 146 26 478 155 807 70 196 84 129 137 151 792 630 96 214 123 82 210 590 2764
internal_value=0.000384861 0.0322844 -0.000348568 -0.000735976 -0.00029592 0.0405646 -0.000773925 -0.00118712 -0.000859487 -0.00121089 0.0214456 -0.00181551 -0.0348591 -0.000784978 -0.00185475 6.32526e-05 0.0255186 -0.0296006 0.0386545 0.0103077 0.0129418 -0.00200738 -0.00915151 -0.00489443 0.00193012 0.0242061 0.0121604 0.0404772 -0.0100318 -0.00902625
internal_weight=896.612 19.1846 877.427 870.457 860.532 8.98077 851.551 844.776 839.456 834.213 20.7873 813.426 23.6083 789.817 759.844 711.647 29.9735 48.1966 35.3395 18.5939 13.9298 676.308 233.317 204.898 442.991 58.8632 48.2904 20.8554 27.4351 195.392
internal_count=15095 756 14339 14248 13880 176 13704 13657 13616 13578 257 13321 504 12817 12466 11424 351 1042 336 207 235 11088 4282 3652 6806 1219 1096 424 672 3556
cat_boundaries=0 1
cat_threshold=122
is_linear=0
shrinkage=0.05


Tree=83
num_leaves=31
num_cat=0
split_feature=10 25 29 26 3 24 19 27 1 23 14 15 7 7 1 16 23 1 7 10 0 23 15 5 23 14 18 10 15 15
split_gain=9.25072 9.73898 9.71925 5.40075 10.4672 5.60022 7.78689 7.87222 6.28527 6.61179 7.94193 17.2517 13.2424 10.869 9.80908 8.24626 7.84389 7.70907 7.34364 6.52456 6.11869 6.09655 10.6881 5.74873 5.53981 15.6085 7.36334 7.95625 7.51246 21.717
threshold=11.32098351375465 39.500000000000007 3021.0000000000005 145.50000000000003 93.155000000000015 3.5000000000000004 25.500000000000004 163.50000000000003 0.9667229463976964 88.707309492499448 0.97526886445104688 0.96878076158201754 39.605282116379023 38.472638117011066 0.6282175149828565 0.97694711095287479 98.850000000000065 0.64135605062913525 38.3961304991997 12.598965057995068 3556.5000000000005 90.293421845574471 0.9259651230140683 -0.091075461085136186 91.050000000000026 0.97882309514810062 10.491986009727031 12.488542901673357 0.96422356974965451 0.9667079777601465
decision_type=8 2 2 2 10 2 10 2 2 8 2 2 10 10 2 8 8 2 8 10 2 8 2 8 8 2 8 8 2 2
left_child=-1 3 -3 4 5 21 7 8 9 -7 13 14 17 16 -12 -15 -11 -13 -18 -14 -10 -2 -23 -21 25 -24 27 -26 -28 -30
right_child=1 2 -4 -5 -6 6 -8 -9 20 10 11 12 19 15 -16 -17 18 -19 -20 23 -22 22 24 -25 26 -27 28 -29 29 -31
leaf_value=-0.053040680034920587 -0.024291883590909134 0.046391169864084161 -0.06504954693493642 -0.048423551634258211 0.050322919552563322 0.066990974715825533 -0.03398562069056274 -0.049716797304946686 0.035790878437031187 -0.0087282619338001615 0.074400933969427083 -0.036539701882259752 -0.0041776774801449259 -0.032046342183600467 0.0047877550125346082 0.040835076041802594 0.0030956699470596183 0.011047491349226699 0.070454067925119268 0.0086709795000943085 -0.031498370697084152 0.046027683795463417 -0.035256029203852686 0.065629744115272323 0.045992006450106981 0.057230528021556586 0.0067653284328484352 -0.035724467235819617 -0.048965821024245237 -0.0032401808510057121
leaf_weight=7.421685852110385 32.628589233383536 16.556440308690075 1.3222377598285664 5.0028229113668194 8.8868291135877353 4.7286526663228861 10.30075784306973 4.5785592682659617 3.4613493774086264 13.199724044650795 17.961446881294254 17.408105473965406 8.8929818440228718 27.142866573296491 7.0993855679407707 3.626209868118166 7.0964620430022451 15.153385488316415 8.7198199592530727 7.0695558954030275 13.997656824067233 10.179845780134199 6.4237929917871979 12.626104410737755 2.4636562243104008 11.256269205361603 150.03330434951931 27.710955144837499 26.773379987105727 402.59598131477833
leaf_count=57 965 729 6 39 105 48 211 65 36 205 141 240 91 441 96 44 68 187 56 78 251 98 139 89 19 67 2902 1022 655 5973
internal_value=-0.000884847 -0.000388034 0.0351403 -0.0011603 -0.000830209 -0.00142135 0.00630689 0.00889105 0.010771 0.0140716 0.0119135 0.0215371 0.00689856 -0.00208996 0.0556209 -0.0224421 0.0195204 -0.0147244 0.0422129 0.0311917 -0.0169417 -0.00353897 -0.00244031 0.0465918 -0.00329891 0.0235384 -0.00411457 -0.0277913 -0.00283576 -0.00619856
internal_weight=892.319 884.897 17.8787 867.018 862.016 853.129 183.063 172.762 168.184 150.725 145.996 86.211 61.1501 59.7851 25.0608 30.7691 29.016 32.5615 15.8163 28.5886 17.459 670.066 637.437 19.6957 627.257 17.6801 609.577 30.1746 579.403 429.369
internal_count=15123 15066 735 14331 14292 14187 2347 2136 2071 1784 1736 922 685 814 237 485 329 427 124 258 287 11840 10875 167 10777 206 10571 1041 9530 6628
is_linear=0
shrinkage=0.05


Tree=84
num_leaves=31
num_cat=1
split_feature=10 25 29 23 27 27 16 8 0 15 14 8 0 10 1 2 8 8 3 8 14 16 14 10 38 23 8 14 14 14
split_gain=8.04986 9.33211 6.59685 5.95166 5.70956 8.65891 7.46293 5.53431 8.86567 8.97602 13.456 7.11778 11.5344 14.3692 12.1806 14.8997 10.0865 9.50736 9.28364 9.00547 7.74886 7.58172 6.87772 6.79708 6.37506 14.0023 7.46894 6.08884 6.33126 10.6856
threshold=11.32098351375465 39.500000000000007 2472.5000000000005 88.409706400535271 163.50000000000003 1.0000000180025095e-35 0.97714756188400786 50.325911600263986 3572.5000000000005 0.9720824606895242 0.98250170156152172 48.79596707471012 3565.5000000000005 12.598965057995068 0.9225588250113369 81.843766273607287 48.643148214499504 48.576356919605892 90.105000000000004 49.119948933480003 0.97625373686109762 0.97657784505769285 0.9803373353596373 12.601043739425251 0 88.672630299814429 48.379302105082722 0.9394562295252995 0.96222929767275922 0.96811329968372328
decision_type=8 2 2 8 2 2 8 10 2 2 2 10 2 10 2 10 10 10 10 10 2 8 2 10 1 10 10 2 2 2
left_child=-1 3 -3 -2 5 7 -7 11 9 -9 -11 16 13 22 15 18 17 24 -15 -14 -19 -20 -13 -17 25 -5 27 -26 -29 -30
right_child=1 2 -4 4 -6 6 -8 8 -10 10 -12 12 19 14 -16 23 -18 20 21 -21 -22 -23 -24 -25 26 -27 -28 28 29 -31
leaf_value=-0.050495864655462533 -0.03727363067854416 0.045929614465816102 -0.05083381228801348 0.052748940410657322 -0.049456596913918502 0.061073939567822935 -0.012525534552438353 -0.03547151499852292 0.041607972659427186 0.073685946917253706 -0.013738726884013007 -0.021986356203331166 0.024185519450676863 0.0015770258478109587 0.10384430287525229 -0.035493235956364048 -0.040723469890386201 0.084172680776246206 0.097042118868281207 -0.031483819825488819 0.0054257613303695593 0.01848743689846935 0.019843667965405928 0.02597465565505221 0.026471817864353132 -0.04549459956382082 -0.033740398730238583 -0.020742016191873359 0.023819560015349038 -0.00058032666915579614
leaf_weight=6.7045142576098433 9.5239026350900513 15.538013158366086 1.144347896799444 3.6294589452445534 4.6683973595499983 9.7401256933808291 4.6342593133449563 34.844026120379567 5.7216345481574526 4.4034865982830551 22.756315534003079 17.69670395553112 10.115709888748826 5.843156615272167 5.9316948410123578 8.4560805568471569 14.277953783050178 5.0492240171879512 10.790812000632283 20.404780288226902 6.7676631528884172 4.90254756435752 19.713323641568422 7.6156863365322343 22.21379110775888 17.39512799680233 14.543666603043674 32.504477785900235 48.405624813400209 488.40443917736411
leaf_count=50 357 719 6 39 70 99 58 683 99 32 350 247 151 78 56 151 248 46 119 372 74 41 231 95 226 697 248 717 762 7889
internal_value=0.000390462 0.000836225 0.0367926 9.7637e-05 0.000558899 0.000892659 0.0380743 0.000205658 -0.0133864 -0.0190411 0.00254901 0.00142541 0.0130433 0.0228439 0.0420319 0.0298455 -0.000574158 0.000385305 0.0560921 -0.0128508 0.0430155 0.0750795 -1.14752e-06 -0.00655102 -0.000485216 -0.0269099 0.000474272 0.00137102 0.000346923 0.00166008
internal_weight=884.341 877.636 16.6824 860.954 851.43 846.762 14.3744 832.387 67.7255 62.0038 27.1598 764.662 111.47 80.95 43.54 37.6083 653.191 638.913 21.5365 30.5205 11.8169 15.6934 37.41 16.0718 627.097 21.0246 606.072 591.528 569.315 536.81
internal_count=15010 14960 725 14235 13878 13808 157 13651 1164 1065 382 12487 1541 1018 540 484 10946 10698 238 523 120 160 478 246 10578 736 9842 9594 9368 8651
cat_boundaries=0 1
cat_threshold=2
is_linear=0
shrinkage=0.05


Tree=85
num_leaves=31
num_cat=0
split_feature=29 25 12 26 3 0 19 23 14 22 8 13 22 10 27 15 8 8 14 21 2 10 14 24 1 6 12 12 14 14
split_gain=7.57941 7.98799 11.1388 4.80192 9.66371 5.58778 5.72287 13.9828 13.3006 5.59284 9.24051 9.26711 13.1065 10.7979 8.24052 5.96481 7.7208 5.5893 4.85546 9.73962 9.60702 6.65675 6.14159 5.98225 9.44856 8.59292 7.84176 8.66424 11.7755 14.7655
threshold=2426.0000000000005 39.500000000000007 11.075000000000001 145.50000000000003 93.155000000000015 3577.5000000000005 22.500000000000004 91.984004643158656 0.97267899122752777 34.050000000000004 49.31510570485748 -0.044658922926563517 33.95000000000001 12.599627275527334 1.0000000180025095e-35 0.9211745042671623 48.235628774265031 49.767582127573412 0.96268234818227205 0.067337219027557363 73.849333575070261 12.602847200858152 0.96811329968372328 1.5000000000000002 0.28049291883542404 234.57557316001245 12.435 12.415000000000001 0.97539275831785077 0.97924034090238843
decision_type=2 2 2 2 10 2 8 10 2 8 8 2 10 10 2 2 10 10 2 10 8 10 2 2 2 10 2 2 2 2
left_child=1 3 -3 4 5 6 7 8 -1 10 -8 12 13 -12 -13 16 -11 -9 19 20 -17 23 -23 24 26 -25 27 -20 -29 -30
right_child=-2 2 -4 -5 -6 -7 9 17 -10 15 11 14 -14 -15 -16 18 -18 -19 21 -21 -22 22 -24 25 -26 -27 -28 28 29 -31
leaf_value=0.080614655173700964 -0.066290533280607467 -0.073502077492747883 0.04574095649484481 -0.045531835833117415 0.04840127680682052 -0.039627562873518561 -0.047189510071112571 -0.024291096978987819 -0.014525189424940783 0.040398744387135706 0.078676468879284533 -0.024657552660652681 -0.04160556672987295 -0.017915715529805091 0.058033224933967724 0.019255891424184563 -0.025502686372187139 0.052572430536596028 -0.0056160394654333106 0.023515860922882534 -0.052659109814803921 0.039851475363694377 -0.03828222114212005 0.0055798834570730971 -0.011786041159014448 -0.030101549147548669 -0.022528151298355191 -0.036056331261882561 0.10314771283243168 0.023053492380659159
leaf_weight=10.682550227269532 3.452609439380466 1.3197441250085855 15.184927358292041 5.1670888774096957 8.6908176969736797 8.6602969570085389 16.407938476651907 14.484628410078587 4.9645044496282926 16.606823870912198 8.6206795340403932 37.36482341401279 4.561769410967826 3.6803147150203577 2.3272707499563685 5.5074937418103245 5.1804154440760604 1.8300331607460965 25.040677169337869 8.6175986733287555 18.620521020144224 2.0759742762893465 17.765068339183927 378.03500331286341 185.94692521728575 16.673009904101491 14.872833913192151 4.6982464194297782 6.8934319633990553 24.655425724573433
leaf_count=93 36 6 727 46 113 221 727 410 172 173 97 1166 105 117 16 81 70 35 338 120 484 37 463 4923 3425 186 225 81 59 269
internal_value=-0.00121953 -0.000887445 0.0325518 -0.00156733 -0.00124819 -0.00181559 -0.00137707 0.0190461 0.0513694 -0.00221146 -0.0153144 -0.00540738 0.0247257 0.050603 -0.0185021 -0.000884834 0.0242977 -0.0131309 -0.00169135 -0.0202019 -0.0361307 -0.00076708 -0.0285872 0.000115488 -0.00572776 0.00400039 0.00902465 0.0169204 0.0322221 0.0431854
internal_weight=878.589 875.137 16.5047 858.632 853.465 844.774 836.114 31.9617 15.6471 804.152 72.9628 56.5549 16.8628 12.301 39.6921 731.189 21.7872 16.3147 709.402 32.7456 24.128 676.657 19.841 656.816 262.108 394.708 76.1606 61.2878 36.2471 31.5489
internal_count=15021 14985 733 14252 14206 14093 13872 710 265 13162 2228 1501 319 214 1182 10934 243 445 10691 685 565 10006 500 9506 4397 5109 972 747 409 328
is_linear=0
shrinkage=0.05


Tree=86
num_leaves=31
num_cat=1
split_feature=21 7 37 27 23 23 16 24 25 8 7 4 10 26 8 3 1 15 8 24 36 15 10 16 15 24 8 8 15 16
split_gain=7.82335 6.54977 5.87025 5.7896 5.52932 7.91804 14.5763 5.42278 5.7931 5.27079 5.26123 11.4749 8.89522 6.85326 6.75821 6.61237 6.36167 8.12734 9.20292 9.09037 7.4196 9.78193 8.2455 7.87982 18.3407 7.59967 6.89836 10.1053 11.101 6.74454
threshold=12.755856980571318 43.696509592239622 0 339.00000000000006 88.409706400535271 88.699198210922717 0.96192492299632149 2330.5000000000005 29.500000000000004 54.905203060481348 39.376047816699845 -13.87611456980161 12.59834253397303 21.500000000000004 50.918036542936292 92.665000000000006 0.59584616430464943 0.97600304190198728 48.79596707471012 1.5000000000000002 2.5000000000000004 0.9819698138917593 12.600337883446429 0.98029335854679323 0.97489284977279889 1.0000000180025095e-35 46.487297418088176 45.69565556560331 0.96347371094791467 0.971834736654556
decision_type=10 10 1 2 8 8 10 2 2 10 8 8 10 2 10 10 2 2 10 2 2 2 10 10 2 2 10 8 2 10
left_child=1 2 -1 4 -4 6 -6 8 9 10 13 12 -12 14 15 16 20 29 -19 -20 22 -22 -7 24 25 -24 27 28 -27 -18
right_child=-2 -3 3 -5 5 7 -8 -9 -10 -11 11 -13 -14 -15 -16 -17 17 18 19 -21 21 -23 23 -25 -26 26 -28 -29 -30 -31
leaf_value=-0.025731355744552334 0.038180024927957738 0.036762512668499378 -0.043977564936195999 -0.055304105825226872 0.084182362099138236 -0.000632018719411389 -0.038429350817727498 -0.035919572922786684 0.04459360480996058 -0.032299898245495923 0.071108847973344352 0.0016277717417207212 0.016462064416172123 -0.058637979195388004 -0.044713137653548424 0.052023442165109658 -0.0099048850344566203 -0.0088835172494939225 -0.01862017223096327 0.072632148141971109 -0.022470478828576612 0.054162741696604046 -0.030846667587942623 -0.025675636740666141 0.085525179568355258 0.063544092104628344 -0.0079685966432172552 0.097242155886202358 -0.028460397985593935 -0.042239337736807298
leaf_weight=10.743018971756101 12.951545913703738 11.238276520743964 5.8148289276286951 3.6098302416503421 6.2417688500136119 82.684387241490185 2.9290408371016383 8.9855763558298332 6.603078073821961 10.893481533974407 8.0309443660080415 449.40494420006871 49.284079929813743 4.6329973507672539 8.3804017007350904 4.6434244867414227 43.041436843574047 29.745094820857048 3.5856866650283319 7.1580215096473694 38.730629798024893 3.6966698616743079 6.9582628738135091 5.9856529757380477 10.919756572693585 5.1033315472304874 9.7021200973540527 4.9142075050622216 6.1976367924362421 25.643898944370449
leaf_count=568 236 322 302 58 50 1112 125 106 357 159 66 7763 554 52 163 50 885 527 77 72 528 30 101 100 94 49 150 45 77 462
internal_value=0.00103299 0.000440529 -7.37179e-05 0.000573372 0.000882154 0.00124286 0.0450936 0.000707832 0.00114926 0.000745211 0.00122984 0.00433923 0.0252072 -0.00398923 -0.00294315 -0.00158054 -0.00263619 -0.0120502 0.00564065 0.0431847 0.00327548 -0.0147 0.00909985 0.0249583 0.0322973 0.0126146 0.0249955 0.0440363 0.0148755 -0.02241
internal_weight=888.454 875.502 864.264 853.521 849.911 844.097 9.17081 834.926 825.94 819.337 808.444 506.72 57.315 301.724 297.091 288.71 284.067 109.174 40.4888 10.7437 174.893 42.4273 132.465 49.781 43.7953 32.8756 25.9173 16.2152 11.301 68.6853
internal_count=15240 15004 14682 14114 14056 13754 175 13579 13473 13116 12957 8383 620 4574 4522 4359 4309 2023 676 149 2286 558 1728 616 516 422 321 171 126 1347
cat_boundaries=0 1
cat_threshold=4
is_linear=0
shrinkage=0.05


Tree=87
num_leaves=31
num_cat=0
split_feature=7 21 5 4 16 3 7 14 14 15 8 4 5 15 12 6 15 12 3 6 10 14 3 14 14 8 8 1 14 12
split_gain=7.52345 7.04596 5.77736 5.68257 9.97109 12.1546 8.94509 9.96266 17.2967 12.0479 8.171 8.00903 8.57417 8.00658 17.327 9.27074 7.86094 9.95008 8.92937 12.2542 9.44323 13.7104 8.06718 8.93242 20.0904 10.5882 12.0805 10.9797 15.8405 9.24241
threshold=43.696509592239622 18.226976975812629 0.7571928872978777 -7.6780218846181674 0.96996816340602365 92.250000000000014 40.489339514622806 0.98709148487058662 0.98669855369505977 0.97726373157522228 45.69565556560331 -8.2767201249923108 -0.17468424753378339 0.98179722317988294 12.425000000000002 122.98832630042227 0.97068140245381229 12.115 90.845000000000013 92.856961409101118 12.598229216372157 0.97988665476201342 34.210000000000008 0.98098376923597064 0.98126557545217319 43.994952895525067 42.997862461217814 0.55974138187226108 0.97036759109969672 12.445000000000002
decision_type=10 10 10 10 10 10 10 2 2 2 8 10 8 2 2 8 2 2 10 10 10 2 8 2 2 8 10 2 2 2
left_child=1 2 3 6 5 -5 7 8 11 10 -10 16 -13 -9 15 -15 18 -18 20 -20 21 -1 -22 25 -25 26 -24 -27 29 -29
right_child=-2 -3 -4 4 -6 -7 -8 13 9 -11 -12 12 -14 14 -16 -17 17 -19 19 -21 22 -23 23 24 -26 27 -28 28 -30 -31
leaf_value=0.026321325821584748 0.041106556696882977 0.048012887642332795 0.041119906127963755 -0.020793467063274632 0.0004981003726832172 0.045565273072333226 0.028230036263238691 -0.03627727554114777 0.049750076013178358 0.080250623825845427 -0.02852700697745815 -0.0050275901942549309 0.065468597929918604 0.066886435340061362 -0.048048678749408567 -0.0081497938160315329 0.038433311464349258 -0.016368979587029524 0.014678394386344988 0.099584005661070021 0.035711336985488597 -0.044277566321496431 -0.020874527188994175 0.096322756251792124 -0.01198337786135599 -0.025931669790504375 0.059125031319646894 -0.0078947311085922657 -0.03510412401625191 0.049937519893788737
leaf_weight=53.427419524639845 10.247158405371009 6.5591745609417549 7.270573833025991 118.14538574125618 227.86586362589151 6.3985878676176062 30.736250101588666 29.53572818916291 5.1543133333325395 10.985451765358446 6.3185412548482427 7.5380468489602208 8.6826116554439086 8.2997197825461644 9.5877738902345282 7.0350573863834134 8.0831024060025793 99.412335952743888 27.495961243286732 4.1463094064965835 10.397685792297123 6.9517505345866075 7.787663807161155 5.4700010512024191 12.115320268087087 93.093124105595052 9.6030278243124467 11.122345140203835 15.115897755138574 16.247361202724278
leaf_count=746 313 190 159 2465 3315 76 306 681 29 77 89 130 117 67 296 112 91 1667 454 49 134 144 100 70 254 1986 90 241 451 231
internal_value=0.000474411 -5.04629e-05 -0.000470416 -0.000870887 -0.00573365 -0.0170484 0.00253159 0.000807843 0.00343533 0.0451542 0.00780908 0.000965845 0.0343182 -0.0191124 0.00184444 0.0340709 -0.000542309 -0.0119319 0.00397001 0.0285141 0.000647519 0.017604 -0.00507607 -0.0077563 0.0250758 -0.011669 0.0241136 -0.0164018 0.00459585 0.0269861
internal_weight=880.83 870.582 864.023 856.753 352.41 124.544 504.343 473.607 419.148 22.4583 11.4729 396.69 16.2207 54.4583 24.9226 15.3348 380.469 107.495 272.974 31.6423 241.332 60.3792 180.952 170.555 17.5853 152.969 17.3907 135.579 42.4856 27.3697
internal_count=15130 14817 14627 14468 5856 2541 8612 8306 7150 195 118 6955 247 1156 475 179 6708 1758 4950 503 4447 890 3557 3423 324 3099 190 2909 923 472
is_linear=0
shrinkage=0.05


Tree=88
num_leaves=31
num_cat=1
split_feature=12 12 29 25 8 8 3 37 5 8 2 12 14 23 14 14 15 14 14 14 14 15 14 23 14 23 23 22 1 12
split_gain=7.5308 15.3025 6.86044 7.28162 5.54184 11.9106 13.5731 9.62121 10.9223 8.76029 13.8878 8.72992 11.6776 13.5137 10.5729 9.8793 16.0687 11.7811 8.48617 16.2067 9.98299 8.67312 10.8495 10.5344 12.1742 13.7243 22.5607 10.0499 9.16067 7.86789
threshold=11.085000000000003 11.935 2488.5000000000005 29.500000000000004 46.662657771325406 46.007662555253738 90.210000000000022 0 -1.0119102300311715 45.716860544585877 89.326310326727892 12.415000000000001 0.98561231548280681 90.308222213439535 0.98661692455752992 0.99040083656784494 0.98340242747674267 0.9870164538610251 0.98661692455752992 0.98531605020677515 0.98503153871488724 0.9727752253675831 0.98344565352296121 89.299873587570715 0.97267899122752777 91.113328178112539 91.910893532047538 31.050000000000004 0.57834878461159944 12.175000000000002
decision_type=2 2 2 2 10 10 10 1 8 10 8 2 2 8 2 2 2 2 2 2 2 2 2 10 2 10 10 10 2 2
left_child=-1 -2 3 4 5 9 -7 8 -8 11 -11 12 13 -3 -14 16 17 18 19 20 21 22 23 -13 25 -25 -27 -26 -28 -6
right_child=1 2 -4 -5 29 6 7 -9 -10 10 -12 15 14 -15 -16 -17 -18 -19 -20 -21 -22 -23 -24 24 27 26 28 -29 -30 -31
leaf_value=-0.030631159193966858 0.048250509286684541 0.04024219365608251 -0.065539156020300818 0.041905707208577704 -0.056991102282852195 0.06110224184735133 -0.031016164296392392 -0.0097833185591347446 0.04484581853447344 -0.04065952875384804 0.062663388296700054 0.021926041579532322 0.072812829750053862 -0.029243471755384373 -0.0040442672122524134 -0.042281756800173736 0.094523741482022888 -0.033367802010565072 0.041017090871744259 -0.038765598842110852 0.070173248009614608 -0.019928010865659249 0.074276747745833024 -0.042072503901216182 0.065395058621400257 0.10474683861560419 -0.026451417295937758 -0.038226352766223187 0.024140281654699957 -0.0028478154989271774
leaf_weight=17.308185452595353 16.35703653190285 7.0554089369252315 2.8767815958708516 9.8083054684102517 5.8357850387692443 16.311187487095594 4.9520820993930101 30.305263068526983 27.545930180698633 22.625599919818345 2.8610450644046059 87.836874396540225 5.8768752347677973 58.098042767494917 12.532543377950786 8.7896584691479784 4.3772813472896805 15.853889249265192 19.138990052044392 16.80894497781992 5.9095138795673838 22.218347230926156 5.8876621322706333 9.1053636604920012 1.6638549473136688 6.0419749654829493 12.608635286800562 25.377035685814917 25.286796032451093 378.21560416556895
leaf_count=144 318 123 28 572 42 170 80 517 348 397 58 1154 74 970 202 344 59 420 166 292 41 501 65 252 27 47 385 778 452 6223
internal_value=0.00110632 0.00177357 0.000825551 0.00112729 0.000601325 0.00432983 0.0218338 0.0108373 0.0251863 0.000598204 -0.0271329 0.00268632 -0.0113297 -0.0212244 0.0229783 0.00710037 0.00893868 0.00709697 0.00992216 0.00702725 0.0110112 0.0088806 0.0126562 0.0100687 -0.00304655 0.0108631 0.0225253 -0.0297457 0.00706003 -0.00381641
internal_weight=885.47 868.162 851.805 848.928 839.12 455.069 79.1145 62.8033 32.498 375.954 25.4866 350.468 83.5629 65.1535 18.4094 266.905 258.115 253.738 237.884 218.745 201.936 196.027 173.808 167.921 80.0837 53.0428 43.9374 27.0409 37.8954 384.051
internal_count=15249 15105 14787 14759 14187 7922 1115 945 428 6807 455 6352 1369 1093 276 4983 4639 4580 4160 3994 3702 3661 3160 3095 1941 1136 884 805 837 6265
cat_boundaries=0 1
cat_threshold=24
is_linear=0
shrinkage=0.05


Tree=89
num_leaves=31
num_cat=1
split_feature=9 6 25 2 7 15 5 6 7 14 14 37 6 6 14 0 7 11 3 8 13 10 5 16 12 8 3 3 3 0
split_gain=6.42967 6.35911 6.36793 6.18683 8.18111 9.46321 7.56039 9.42346 8.42546 7.28865 10.6499 6.47145 6.40373 10.0668 9.2733 7.69691 7.68819 6.9594 9.47881 7.66186 6.84973 8.61585 7.94235 6.6178 7.04294 6.54935 6.30031 13.7752 8.08016 6.78436
threshold=45.402249188896711 206.72943579828856 4.5000000000000009 75.707365578815526 39.389249377727531 0.87080774246073345 -0.091075461085136186 -0.1812568576890311 40.642347442481068 0.97862994651894419 0.98194585117720834 0 83.178338790167288 52.838198468212575 0.97539275831785077 3557.5000000000005 39.213356887565247 12.603112520122634 91.395000000000024 46.617153271290697 -0.031345633447385376 12.488542901673357 0.37249102616780821 0.95040540836675225 12.355000000000002 48.011420435119483 90.845000000000013 91.950000000000017 60.740000000000009 3559.5000000000005
decision_type=10 10 2 8 10 2 8 8 10 2 2 1 10 10 2 2 8 8 8 10 2 10 10 8 2 10 10 10 10 2
left_child=1 2 3 4 5 -1 11 9 12 -8 -11 -5 13 16 -15 -16 -9 26 19 -19 21 -20 23 -22 -25 -21 28 -28 29 -18
right_child=-2 -3 -4 6 -6 -7 7 8 -10 10 -12 -13 -14 14 15 -17 17 18 20 25 22 -23 -24 24 -26 -27 27 -29 -30 -31
leaf_value=0.059463062595148976 0.033786447493216479 -0.017621192317810414 0.034006176065959029 0.0018619919195284503 0.027588881425601165 -0.0064883726142539082 -0.0044266469643065758 -0.016433996408158711 -0.042685217002003693 0.083613295761865103 0.01432533275378794 -0.017360784811117923 -0.033277406163532419 -0.01599324286850827 -0.0059599053253259465 0.066247832825088532 -0.03826026417366904 0.062490093275920644 0.061562226132352231 -0.016117117094329315 0.023750042745668904 0.0015841986845906396 0.059135770557383685 0.029510934356851544 -0.014308952243355298 0.028675700556348299 -0.040166579120972545 0.023592871709582852 0.04052228547223876 0.00057784939346157058
leaf_weight=4.9734795521944752 12.403001744300125 53.643749332055449 12.538204864598809 71.266446745023131 41.666400963440537 59.815258176065981 13.40857413318008 65.47672382183373 10.850254832766948 8.2495330227538961 15.176551148295401 115.37549426127225 13.000021730549632 7.160495093092325 4.6957462877035168 13.928128011524676 11.740014800801871 10.910330062732099 9.0763306245207804 10.785835344344376 15.798839814960955 14.890620762482284 3.9636968448758116 9.223388094455002 93.190835701301694 26.848644058220088 29.139403501525521 11.020239781588314 10.257037234492598 95.538522550836205
leaf_count=41 277 621 644 1051 500 835 225 1212 141 73 182 2142 216 130 51 154 255 139 69 207 273 337 45 83 2134 427 495 116 123 1997
internal_value=-0.000580104 -0.00111218 1.59116e-06 -0.000574996 0.0105879 -0.000598745 -0.00230764 0.000878592 -0.00106161 0.0248803 0.0411494 -0.010876 1.85131e-05 0.00106682 0.0307828 0.0486657 -0.000835936 0.00210066 0.00840536 0.0273067 0.00198398 0.025854 -0.00287039 -0.00542807 -0.0101153 0.0157534 -0.00568697 -0.0225222 0.000206767 -0.00398649
internal_weight=876.012 863.609 809.965 797.427 106.455 64.7887 690.972 504.33 467.495 36.8347 23.4261 186.642 456.645 443.645 25.7844 18.6239 417.86 352.384 194.689 48.5448 146.144 23.967 122.177 118.213 102.414 37.6345 157.695 40.1596 117.536 107.279
internal_count=15195 14918 14297 13653 1376 876 12277 9084 8604 480 255 3193 8463 8247 335 205 7912 6700 3714 773 2941 406 2535 2490 2217 634 2986 611 2375 2252
cat_boundaries=0 1
cat_threshold=10
is_linear=0
shrinkage=0.05


Tree=90
num_leaves=31
num_cat=1
split_feature=12 25 17 27 27 14 38 3 16 14 21 14 15 14 14 0 14 15 1 6 8 15 16 0 8 6 14 6 14 8
split_gain=6.34214 6.45584 7.90649 4.72085 7.73453 7.74417 5.541 6.33975 6.28774 5.78064 5.31126 8.18854 6.11036 19.9387 15.8719 12.3975 9.2133 18.2898 17.8413 13.0066 12.7388 8.81425 8.51229 8.14959 8.93383 15.8321 9.79656 20.4439 9.05672 11.3566
threshold=11.015000000000002 39.500000000000007 0.01672836872339456 188.50000000000003 1.0000000180025095e-35 0.9857472467139462 0 91.345000000000013 0.92204335126727888 0.96268234818227205 3.8255569170402111 0.96760184404969529 0.95817873819485044 0.9705411525344968 0.97217027792300004 3563.5000000000005 0.97328571916181672 0.96654123400657743 0.43744740506474039 80.129176153343835 48.926529432275778 0.96422356974965451 0.97694711095287479 3568.5000000000005 46.835458669822351 103.65746247147587 0.9772441112394491 -7.3664050191774235 0.99076032007309101 45.827672320994473
decision_type=2 2 2 2 2 2 1 10 8 2 10 2 2 2 2 2 2 2 2 10 10 2 8 2 8 8 2 10 2 10
left_child=-1 3 -3 4 6 -6 7 -2 -8 -9 12 -12 15 -14 -15 -10 18 19 -16 -18 -20 -21 -17 24 25 28 27 -26 29 -19
right_child=1 2 -4 -5 5 -7 8 9 10 -11 11 -13 13 14 16 22 17 23 20 21 -22 -23 -24 -25 26 -27 -28 -29 -30 -31
leaf_value=-0.061921641848306397 -0.035307461422051274 0.044670202573388912 -0.057867470707972962 -0.048287674926039498 0.057229375477873691 -0.017795500462743617 0.045731237471492575 0.03024280976637253 -0.033072068245665602 -0.039907922633121443 0.072080262404867729 -0.0064721436186386582 0.030760920286606264 -0.050707077682924685 0.10998655742731896 -0.0041714014885629079 -0.040199157276365388 0.011914379019082317 -0.030594392437314367 0.064827389237596955 0.083792559118877119 -0.024323043016049824 0.056421308732502042 -0.011244060402040276 0.11709964496801897 -0.014330576020837383 -0.0030545714637406386 -0.012748641271462906 -0.026727424859529888 0.043530554742462285
leaf_weight=3.1207042150199404 22.282904774881899 13.128186904825268 1.2936280369758595 4.0998034663498393 10.171935655176638 4.4047925323247901 6.5000506862998 8.4866415681317431 40.994733534753323 3.2858808208256951 5.3504390828311426 6.6330609247088432 51.201409904286265 14.920015232637523 4.5274847755208603 74.452282641083002 43.62490538880229 65.027780432254076 8.3077607322484237 4.7380923293530923 2.2959098517894736 4.5932544991374016 5.2786230873316518 97.818033285439014 4.2670615883544087 37.343016469851136 253.24610471818596 6.7347714118659479 7.9409625381231299 50.957510881125927
leaf_count=21 822 740 6 66 114 54 72 163 886 196 39 77 478 324 61 1404 1080 743 235 38 47 83 57 2193 42 408 3834 90 129 551
internal_value=-3.88769e-05 0.000255998 0.0323167 -0.000325659 -3.6284e-05 0.0348714 -0.000689933 -0.0201452 0.000165848 0.0090712 -0.000266262 0.0314506 -0.000794359 0.001109 -0.00144142 -0.0110851 -0.000115086 -0.00115632 0.0371552 -0.0288742 -0.000740504 0.0228373 0.000489359 0.00169816 0.00469271 0.0139273 -0.00097437 0.0431737 0.0224889 0.0260581
internal_weight=867.028 863.907 14.4218 849.485 845.385 14.5767 830.809 34.0554 796.753 11.7725 790.253 11.9835 778.27 657.544 606.343 120.726 591.423 576.291 15.1312 52.9563 10.6037 9.33135 79.7309 523.335 425.517 161.269 264.248 11.0018 123.926 115.985
internal_count=15053 15032 746 14286 14220 168 14052 1181 12871 359 12799 116 12683 10336 9858 2347 9534 9191 343 1201 282 121 1461 7990 5797 1831 3966 132 1423 1294
cat_boundaries=0 1
cat_threshold=2
is_linear=0
shrinkage=0.05


Tree=91
num_leaves=31
num_cat=0
split_feature=21 12 12 7 19 3 23 15 10 24 12 36 10 22 1 13 10 12 1 0 10 1 36 3 17 4 12 12 10 15
split_gain=6.21071 5.57043 15.8316 5.49992 5.6026 8.12991 7.56073 8.11229 7.04065 10.1188 10.7311 9.84171 13.2429 7.25067 6.57618 6.47046 4.91539 5.05672 6.38621 10.3069 7.83793 7.69185 9.29153 8.96951 8.62771 15.9728 7.11464 6.84002 12.5901 8.81387
threshold=18.226976975812629 11.135000000000003 11.935 43.696509592239622 22.500000000000004 91.395000000000024 91.899999999999991 0.96267938123491092 12.602025045662792 2.5000000000000004 13.805000000000001 2.5000000000000004 12.599551296645652 32.655000000000008 0.49423185097833378 -1.9882824119637832 12.604896044982871 13.925000000000002 0.87864759157555306 3556.5000000000005 12.600515362180204 0.59862032769001228 1.5000000000000002 91.550000000000011 0.00027303610261259615 -7.8755242789062523 12.455000000000002 13.845000000000001 12.150491341943971 0.9632397303652972
decision_type=10 2 2 10 10 8 8 2 8 2 2 2 10 8 2 2 10 2 2 2 8 2 2 8 2 8 2 2 10 2
left_child=1 -1 -3 4 6 -6 7 -4 11 10 -10 12 15 -12 -13 -7 17 18 21 20 -20 26 -23 24 -24 -26 -8 28 -21 -29
right_child=-2 2 3 -5 5 8 16 -9 9 -11 13 14 -14 -15 -16 -17 -18 -19 19 27 -22 22 23 -25 25 -27 -28 29 -30 -31
leaf_value=-0.026559745618526732 0.047653466964403798 0.052410325789460914 0.055858505196288155 0.035494470043005343 -0.036649814162151427 0.06662378735672729 0.0029605223266206855 -0.020159588206546838 0.061742456621014775 -0.023243386669893569 -0.042177834518582841 0.032750013660613135 -0.04561087215273768 0.03624156719908915 -0.010094110620898614 -0.0070465297008769807 -0.041869822496729193 -0.018539441079059884 0.086100598561383704 0.066331611206035423 0.021512714267372154 -0.024925704414518926 -0.020937979737821182 0.025389019321610914 0.079357897594409602 -0.015654428386090723 0.049515151961962926 0.027485463941150413 0.005085285448690329 -0.030055317668203664
leaf_weight=17.14445364382118 6.1486433278769246 13.965846141800283 11.45836084987968 10.094427629373966 21.095503761433065 2.2909609880298367 357.84770599007607 4.2869630325585595 13.140358570031824 10.652559371665118 5.2649825941771242 16.356592021882534 30.108355661854148 4.5839926712214956 17.770775277167559 30.595186872407794 5.5696523189544669 28.764695259742439 6.3910549292340901 9.0907669216394407 15.707744840532539 57.663385597988963 44.664552960544825 25.185338255949318 5.9962856639176607 11.336649246513845 7.4066005740314713 8.5149113675579446 51.047519168816507 21.744180209003389
leaf_count=157 187 291 119 329 826 45 4749 168 189 281 248 304 1086 79 391 743 167 579 56 47 154 1194 707 334 81 210 75 146 830 416
internal_value=0.00123901 0.000854768 0.00143924 0.000524645 5.40476e-05 -0.00858801 0.00201488 0.0351933 -0.00381714 0.015598 0.0338146 -0.0106327 -0.0222247 -0.00570291 0.010788 -9.97498e-05 0.00116737 0.00159899 0.00255765 0.0132846 0.0431106 0.00017059 -0.00954048 0.000802695 -0.00942952 0.0197506 0.00403717 0.00560138 0.0152771 -0.013502
internal_weight=871.889 865.74 848.596 834.63 824.536 151.859 672.676 15.7453 130.764 33.6419 22.9893 97.1219 62.9945 9.84898 34.1274 32.8861 656.931 651.361 622.597 112.496 22.0988 510.101 144.846 87.1828 61.9975 17.3329 365.254 90.3974 60.1383 30.2591
internal_count=15188 15001 14844 14553 14224 4192 10032 287 3366 797 516 2569 1874 327 695 788 9745 9578 8999 1649 210 7350 2526 1332 998 291 4824 1439 877 562
is_linear=0
shrinkage=0.05


Tree=92
num_leaves=31
num_cat=1
split_feature=10 12 11 21 23 24 25 26 1 1 10 12 10 14 37 23 14 0 8 8 12 11 7 2 16 10 12 8 8 13
split_gain=7.44797 7.57288 10.1538 5.72599 5.18153 5.07304 5.3655 5.02434 5.43085 7.98852 7.96849 11.1286 26.1023 8.04631 11.602 10.0528 9.16724 7.91235 11.1363 23.1013 11.525 9.81385 9.25882 7.74774 8.8209 8.55348 8.46627 11.0677 14.4866 7.24324
threshold=11.32098351375465 11.935 12.597706838886658 18.226976975812629 88.481853959672705 2452.0000000000005 8.5000000000000018 145.50000000000003 0.57529823344942266 0.84247438619423431 12.602322445576208 13.845000000000001 12.602025045662792 0.98240585289708904 0 91.050000000000026 0.98011768748367833 3559.5000000000005 46.18510305509681 47.285144099535991 12.435 12.485005537731476 38.672191638503797 87.852629927487456 0.96996816340602365 12.599599558803572 12.455000000000002 46.662657771325406 49.106066424316928 -0.0039076908524171422
decision_type=8 2 10 10 8 2 2 2 2 2 10 2 8 2 1 8 2 2 10 8 2 10 10 8 10 8 2 10 10 2
left_child=-1 2 -2 4 -3 6 7 8 17 -10 11 12 23 14 29 -15 -16 18 -6 20 22 -21 -20 24 25 -11 -26 -28 -29 -13
right_child=1 3 -4 -5 5 -7 -8 -9 9 10 -12 13 -14 15 16 -17 -18 -19 19 21 -22 -23 -24 -25 26 -27 27 28 -30 -31
leaf_value=-0.050974195073271916 0.039551937709391638 -0.038860166284875437 -0.043280615625319332 0.046562825746631967 -0.022852438253310337 -0.057363813734854475 0.036348979238227927 -0.048871771986111701 -0.012255631778068793 -0.042752952971135717 -0.031197569782946168 0.039611837825606983 0.070661407820244576 0.036721293311070817 0.0047885647970713286 -0.040646330948605397 0.063738370285767884 0.0077517643893403243 0.0021985225216389495 0.019843785926437169 -0.013179488220443429 -0.037406374412344692 0.081134597760592508 -0.016202948371061211 -0.0011435661527608508 0.029879210780019413 0.10870523756942428 -0.02288368497499732 0.06617437243031675 -0.029436375310795883
leaf_weight=6.1631179163232437 21.692352470941845 7.9286581836640826 3.5635921023786059 5.3831904623657456 58.08585605956614 2.9120071958750477 8.8724806960672122 4.3850743044167748 182.33955246768892 9.472936207428571 15.390981866046785 3.4992194911465004 17.269777095876634 4.1970088342204717 14.975443816743793 25.014552845619619 11.040360022336243 303.38745022937655 5.0106738619506421 10.173491748981176 6.5432063601911059 22.764833102934062 14.023398295044897 28.516412598080933 13.950206808745859 5.7240052819252023 4.7869719322770861 7.735843954607847 8.9243012107908708 27.441125241108246
leaf_count=53 358 353 46 183 870 34 508 41 3604 210 438 62 130 57 199 672 103 4665 54 129 104 352 141 533 196 109 54 140 86 629
internal_value=-0.000201889 0.000223214 0.0266611 -0.000612627 -0.000976729 -0.000561743 -0.000288244 -0.000736839 -0.00041242 -0.00473467 0.00222035 0.0051925 0.0167865 -0.00781946 0.00319122 -0.0286829 0.0227992 0.00350311 -0.00752347 0.00782122 0.0426197 -0.0196601 0.0615018 0.00429044 0.0159313 -0.01524 0.0293649 0.0483759 0.0258676 -0.0157123
internal_weight=861.168 855.005 25.2559 829.749 824.366 816.437 813.525 804.653 800.268 380.279 197.939 182.548 96.3805 86.1677 56.9561 29.2116 26.0158 419.989 116.601 58.5156 25.5773 32.9383 19.0341 79.1107 50.5943 15.1969 35.3973 21.4471 16.6601 30.9403
internal_count=15113 15060 404 14656 14473 14120 14086 13578 13537 7222 3618 3180 1458 1722 993 729 302 6315 1650 780 299 481 195 1328 795 319 476 280 226 691
cat_boundaries=0 1
cat_threshold=242
is_linear=0
shrinkage=0.05


Tree=93
num_leaves=31
num_cat=1
split_feature=12 12 21 14 19 15 15 24 10 23 24 14 23 5 17 12 23 19 10 10 37 7 4 4 15 15 13 3 24 17
split_gain=6.20131 14.7552 6.284 5.74276 14.1111 11.4887 9.82725 8.56394 7.26642 6.96044 6.7939 6.26679 6.04222 6.11546 6.26266 6.09427 8.10447 5.3341 11.1924 6.38757 13.8135 13.5958 11.77 9.6493 10.6297 10.9177 9.27429 12.4989 11.048 11.9308
threshold=11.135000000000003 11.935 15.340489220419911 0.96181675366385466 22.500000000000004 0.94831027899112885 0.87080774246073345 5.5000000000000009 12.602847200858152 93.303207757130394 2142.5000000000005 0.96320701882332316 89.472355477628426 -31.261315494955674 0.0015152313510842174 13.925000000000002 91.231274976605846 24.500000000000004 12.599708983172766 12.600761913820207 0 38.725501339234391 -0.030963969570183141 -2.8989049553015707 0.97489284977279889 0.97107488109568363 -0.0013542488396765789 76.240000000000023 3.5000000000000004 -0.00043876232296118474
decision_type=2 2 10 2 8 2 2 2 10 8 2 2 8 8 2 2 8 8 10 8 1 8 10 8 2 2 2 8 2 2
left_child=-1 -2 3 4 9 7 10 -5 11 -3 -6 -7 -13 -14 15 17 -17 18 -15 20 21 -19 -23 24 25 -22 28 -28 29 -21
right_child=1 2 -4 5 6 8 -8 -9 -10 -11 -12 12 13 14 -16 16 -18 19 -20 26 23 22 -24 -25 -26 -27 27 -29 -30 -31
leaf_value=-0.029022281321256539 0.051902296297702502 0.051210675301702813 0.03883771028256839 0.067305069125778924 0.016966904444119975 -0.043589443054845252 -0.035095841480275641 -0.01786127527340501 -0.027907950305750613 -0.021469909565935388 -0.046379723919715184 -0.030909422723350372 -0.014747246182618008 0.0075048976864305512 -0.05361412052981588 0.059507396716794482 -0.02444782558034779 -0.018379302954681973 -0.041983100258089788 -0.029714814808009478 0.0037313938111275431 0.03078775547637061 -0.042510549056084618 -0.01725069376850415 0.016905485404990827 -0.028914453041933443 0.068966440957209704 -0.0019988413154116689 0.070495376266382484 0.027855947375925217
leaf_weight=15.999917617067693 13.264099640771745 10.522506913170215 9.6152998423203808 10.063401713967322 19.703985146246854 6.617531878873705 45.228013339452446 3.5383598217740646 20.617913560010493 3.9603635948151359 4.3268764698877922 12.671558546833692 46.020336073823273 31.129073949530721 3.6976242819800964 2.2259518830105689 29.078791556879878 19.730312296189368 16.833903484977782 9.8295323718339187 81.293469469994307 89.471893941983581 4.9767312882468095 81.289451034739614 81.173232422210276 36.264559359289706 5.7344809435307971 78.281398545019329 11.713160757906733 56.226418375968933
leaf_count=142 302 110 215 204 303 161 1200 53 592 104 54 620 632 783 56 23 708 244 678 158 1381 1223 77 1380 1020 576 47 1329 120 719
internal_value=0.000879295 0.00147904 0.000613658 0.00012002 -0.012209 0.00153272 -0.0216085 0.045444 0.000647288 0.031233 0.0041638 0.00152166 0.00201134 0.00266453 0.00393969 0.00435844 -0.0168208 0.00548223 -0.010367 0.00686564 0.00341487 0.0171782 0.0265206 -0.00275165 0.00309798 -0.00649821 0.015201 0.00359912 0.0275301 0.0189737
internal_weight=861.1 845.1 831.836 822.221 83.7417 738.479 69.2589 13.6018 724.877 14.4829 24.0309 704.259 697.642 684.97 638.95 635.252 31.3047 603.948 47.963 555.985 394.2 114.179 94.4486 280.021 198.731 117.558 161.785 84.0159 77.7691 66.056
internal_count=15214 15072 14770 14555 1771 12784 1557 257 12527 214 357 11935 11774 11154 10522 10466 731 9735 1461 8274 5901 1544 1300 4357 2977 1957 2373 1376 997 877
cat_boundaries=0 1
cat_threshold=66
is_linear=0
shrinkage=0.05


end of trees

feature_importances:
tyre_ratio_long=367
tyre_ratio_min_long=253
lv_min_long=207
rpm_resid_sd_max_long=169
soh_long=168
coolant_max_long=167
lv_rest_long=142
tyre_ratio_min_short=137
dtc_events_long=95
dtc_events_short=87
events_long=84
ignition_share_long=83
rpm_resid_sd_long=83
coolant_resid_slope_h=67
tyre_ratio_slope_h=66
coolant_mean_long=62
model_code=62
cell_delta_slope_h=61
coolant_resid_short=56
pack_temp_max_long=53
coolant_resid_long=48
dtc_other_long=45
lv_mean_slope_h=41
cell_delta_max_long=38
rpm_resid_sd_short=30
lv_rest_short=29
cell_delta_long=28
dtc_ignition_misfire_long=20
dtc_ignition_misfire_short=20
powertrain=17
cell_delta_short=16
dtc_tyre_slow_leak_long=10
dtc_cooling_failure_long=9

parameters:
[boosting: gbdt]
[objective: binary]
[metric: average_precision,binary_logloss]
[tree_learner: serial]
[device_type: cpu]
[data_sample_strategy: bagging]
[data: ]
[valid: ]
[num_iterations: 2000]
[learning_rate: 0.05]
[num_leaves: 31]
[num_threads: 2]
[seed: 7]
[deterministic: 1]
[force_col_wise: 1]
[force_row_wise: 0]
[histogram_pool_size: -1]
[max_depth: -1]
[min_data_in_leaf: 50]
[min_sum_hessian_in_leaf: 0.001]
[bagging_fraction: 0.8]
[pos_bagging_fraction: 1]
[neg_bagging_fraction: 1]
[bagging_freq: 1]
[bagging_seed: 17422]
[bagging_by_query: 0]
[feature_fraction: 0.9]
[feature_fraction_bynode: 1]
[feature_fraction_seed: 7040]
[extra_trees: 0]
[extra_seed: 6516]
[early_stopping_round: 0]
[early_stopping_min_delta: 0]
[first_metric_only: 0]
[max_delta_step: 0]
[lambda_l1: 0]
[lambda_l2: 1]
[linear_lambda: 0]
[min_gain_to_split: 0]
[drop_rate: 0.1]
[max_drop: 50]
[skip_drop: 0.5]
[xgboost_dart_mode: 0]
[uniform_drop: 0]
[drop_seed: 15215]
[top_rate: 0.2]
[other_rate: 0.1]
[min_data_per_group: 100]
[max_cat_threshold: 32]
[cat_l2: 10]
[cat_smooth: 10]
[max_cat_to_onehot: 4]
[top_k: 20]
[monotone_constraints: ]
[monotone_constraints_method: basic]
[monotone_penalty: 0]
[feature_contri: ]
[forcedsplits_filename: ]
[refit_decay_rate: 0.9]
[cegb_tradeoff: 1]
[cegb_penalty_split: 0]
[cegb_penalty_feature_lazy: ]
[cegb_penalty_feature_coupled: ]
[path_smooth: 0]
[interaction_constraints: ]
[verbosity: -1]
[saved_feature_importance_type: 0]
[use_quantized_grad: 0]
[num_grad_quant_bins: 4]
[quant_train_renew_leaf: 0]
[stochastic_rounding: 1]
[linear_tree: 0]
[max_bin: 255]
[max_bin_by_feature: ]
[min_data_in_bin: 3]
[bin_construct_sample_cnt: 200000]
[data_random_seed: 61]
[is_enable_sparse: 1]
[enable_bundle: 1]
[use_missing: 1]
[zero_as_missing: 0]
[feature_pre_filter: 1]
[pre_partition: 0]
[two_round: 0]
[header: 0]
[label_column: ]
[weight_column: ]
[group_column: ]
[ignore_column: ]
[categorical_feature: 37,38]
[forcedbins_filename: ]
[precise_float_parser: 0]
[parser_config_file: ]
[objective_seed: 15521]
[num_class: 1]
[is_unbalance: 0]
[scale_pos_weight: 1]
[sigmoid: 1]
[boost_from_average: 1]
[reg_sqrt: 0]
[alpha: 0.9]
[fair_c: 1]
[poisson_max_delta_step: 0.7]
[tweedie_variance_power: 1.5]
[lambdarank_truncation_level: 30]
[lambdarank_norm: 1]
[label_gain: ]
[lambdarank_position_bias_regularization: 0]
[eval_at: ]
[multi_error_top_k: 1]
[auc_mu_weights: ]
[num_machines: 1]
[local_listen_port: 12400]
[time_out: 120]
[machine_list_filename: ]
[machines: ]
[gpu_platform_id: -1]
[gpu_device_id: -1]
[gpu_device_id_list: ]
[gpu_use_dp: 0]
[num_gpu: 1]

end of parameters

pandas_categorical:null
