tree
version=v4
num_class=1
num_tree_per_iteration=1
label_index=0
max_feature_idx=37
objective=binary sigmoid:1
feature_names=ignition_share_long coolant_mean_long coolant_max_long coolant_resid_long coolant_resid_short coolant_resid_slope_h rpm_resid_sd_long rpm_resid_sd_max_long rpm_resid_sd_short lv_rest_long lv_rest_short lv_min_long lv_mean_slope_h tyre_ratio_long tyre_ratio_min_long tyre_ratio_min_short tyre_ratio_slope_h cell_delta_long cell_delta_max_long cell_delta_short cell_delta_slope_h pack_temp_max_long soh_long dtc_rate_long dtc_rate_short dtc_cooling_failure_rate_long dtc_ignition_misfire_rate_long dtc_lv_battery_failure_rate_long dtc_tyre_slow_leak_rate_long dtc_hv_battery_thermal_rate_long dtc_cooling_failure_rate_short dtc_ignition_misfire_rate_short dtc_lv_battery_failure_rate_short dtc_tyre_slow_leak_rate_short dtc_hv_battery_thermal_rate_short dtc_other_rate_long model_code powertrain
feature_infos=[0:1] [31.280000000000001:109.00318189877336] [33.719999999999999:121.61] [-56.724800000000002:18.758078239243151] [-56.724800000000002:29.024481114422304] [-310.96030150930136:646.1541016949144] [0:202.12870367919982] [0:255.30575553749608] [0:210.97624169267425] [11.228217027217392:12.656916666666667] [11.216530612244901:12.68] [10.98:13.960000000000001] [-3.5955276601858879:4.3458105065725645] [0.64258089078293223:0.99704954102889831] [0.57946611909650925:0.99231870229007646] [0.58412176059234888:0.9934389502320371] [-0.38646362516856958:0.59917280098334658] [10.373077618942682:136.11367166334938] [20:169] [10.187720631209819:146.87465337803889] [-209.74961913165984:55.504700233510761] [28.199999999999999:52.200000000000003] [83.751902071563094:99.5] [0:1] [0:1] [0:0.42215988779803648] [0:0.44509803921568625] [0:1] [0:0.91722783389450058] [0:0.98935872304676564] [0:1] [0:0.53728813559322031] [0:1] [0:1] [0:1] [0:0.0025252525252525255] -1:0:4:1:6:3:7:5:8:2 -1:0:2:1
tree_sizes=3333 3434 3463 3427 3436 3426 3445 3415 3434 3455 3452 3442 3458 3464 3458 3451 3454 3457 3472 3474 3454 3443 3463 3438 3459 3447 3476 3474 3474 3472 3465 3466 3468 3465 3450 3458 3465 3454 3453 3468 3445 3472 3471 3463 3477 3488 3451 3470 3489 3448 3485 3492 3465 3463 3495 3470 3458 3441 3482 3493 3459 3480 3466 3469 3444 3450 3469 3472 3484 3463

Tree=0
num_leaves=31
num_cat=0
split_feature=24 11 2 11 15 20 11 13 13 22 22 13 1 8 15 23 1 6 3 14 7 11 0 12 15 2 9 1 13 0
split_gain=4808.81 792.336 532.722 264.569 250.041 229.366 137.86 88.5284 76.6725 53.9169 46.0099 28.3218 73.154 27.896 24.5715 23.6537 36.7277 24.8657 22.0303 23.3177 36.6781 22.3818 29.1641 122.016 21.4113 20.8006 19.0113 18.1386 26.1679 15.6878
threshold=0.0067001863033377485 12.315000000000003 92.790000000000006 11.155000000000003 0.910999767058708 15.340489220554291 12.105000000000002 0.98535411606936851 0.9786299465189443 98.850000000000065 99.049999999999912 0.99296607222989886 85.003802499382246 44.236348203007154 0.92583425009167597 0.00028109628102706386 65.250152036595338 40.237052912359509 -2.5101588123782261 0.98133058781591365 47.154787384133769 13.925000000000002 0.99748075572392059 -0.0066461388775817141 0.96345287389977419 90.895000000000024 12.599708983172766 90.201064931986295 0.98783178966770724 0.59289427716707277
decision_type=2 2 10 2 8 10 2 2 2 8 8 2 10 10 10 2 8 10 10 2 8 2 2 2 10 10 10 10 2 2
left_child=1 3 4 -1 -3 9 -5 8 -8 14 -11 13 -13 15 -6 16 17 -12 19 29 26 22 25 -24 -25 -20 -21 -18 -29 -17
right_child=-2 2 -4 6 5 -7 7 -9 -10 10 11 12 -14 -15 -16 18 27 -19 21 20 -22 -23 23 24 -26 -27 -28 28 -30 -31
leaf_value=-1.6968126808095145 -1.3741323118326092 -1.4799392266093871 -1.4269261255388235 -1.386890511301808 -1.6588834697039303 -1.4531109483688414 -1.5423894024069824 -1.4206502324022952 -1.7347001003553955 -1.5850006019539495 -1.6910339380185537 -1.5311957055760514 -1.7099238729360866 -1.6251341620701403 -1.7266944765513008 -1.7039168536705833 -1.7237650079033267 -1.5901572022820831 -1.6368626842742544 -1.5766271265598788 -1.7270861556847898 -1.718802378417033 -1.4670171029638208 -1.6212323548662648 -1.7022104982269288 -1.705366108181378 -1.677652170854163 -1.6048926876918888 -1.733489265021428 -1.7228487517914954
leaf_weight=18.382610678672791 118.23060393333435 10.712168812751768 15.73763072490692 22.879076600074768 13.09265077114105 7.5381928682327262 11.373413801193243 7.1414458751678458 8.1994378566741926 6.7446988821029654 25.127309560775757 7.1414458751678493 18.514859676361084 8.9929318428039533 594.72374260425568 273.22642922401428 422.4032986164093 7.0091968774795523 12.034658789634703 9.3896788358688408 13.886144757270811 44.171165227890015 6.8769478797912589 9.9186748266220075 31.343012452125549 74.720683693885803 8.5961848497390729 7.1414458751678449 6.7446988821029663 188.0580747127533
leaf_count=139 894 81 119 173 99 57 86 54 62 51 190 54 140 68 4497 2066 3194 53 91 71 105 334 52 75 237 565 65 54 51 1422
internal_value=-1.68212 -1.70152 -1.7078 -1.53514 -1.71038 -1.71187 -1.47611 -1.5604 -1.62161 -1.71308 -1.70682 -1.7076 -1.65639 -1.70876 -1.7252 -1.70947 -1.71812 -1.66693 -1.7034 -1.70885 -1.66785 -1.68834 -1.67816 -1.64734 -1.68177 -1.69546 -1.62215 -1.72192 -1.66663 -1.71171
internal_weight=2010.05 1891.82 1823.85 67.976 1808.11 1797.4 49.5934 26.7143 19.5729 1789.86 1182.04 1175.3 25.6563 1149.64 607.816 1140.65 468.426 32.1365 672.222 493.157 31.872 179.065 134.894 48.1386 41.2617 86.7553 17.9859 436.289 13.8861 461.285
internal_count=15199 14305 13791 514 13672 13591 375 202 148 13534 8938 8887 194 8693 4596 8625 3542 243 5083 3729 241 1354 1020 364 312 656 136 3299 105 3488
is_linear=0
shrinkage=1


Tree=1
num_leaves=31
num_cat=0
split_feature=24 11 2 15 20 11 10 22 4 22 23 8 9 15 0 0 12 3 15 6 11 8 14 9 9 6 23 23 6 23
split_gain=3602.1 646.979 466.015 234.896 205.177 156.573 106.283 47.2223 35.2242 33.4269 30.3782 21.9179 35.7267 21.6869 20.4103 22.1048 88.6227 21.6627 20.1378 18.5997 16.8028 15.7923 12.3949 13.2318 12.1471 13.2221 12.4611 28.8454 11.8643 11.4564
threshold=0.0067001863033377485 12.315000000000003 92.790000000000006 0.910999767058708 15.340489220554291 11.155000000000003 12.252933684817197 98.850000000000065 0.26022786913367618 99.049999999999912 0.0011215477579186416 42.116715987501571 12.600730811521123 0.98681178088226529 0.28049291883542404 0.9986015941552856 -0.015714944100322811 -0.011111112582591195 0.92583425009167597 39.676498993656686 12.405000000000003 43.472937724812624 0.96942866265762084 12.601971841572894 12.599534420972619 38.455913597487786 0.00056061668935848176 0.00028046557836635392 39.474130425110445 0.00028125440016200514
decision_type=2 2 10 8 10 2 10 8 10 8 2 8 8 8 2 2 2 10 10 10 2 10 2 8 10 8 2 2 8 2
left_child=1 5 3 -3 7 -1 28 18 9 -9 14 13 -13 20 24 21 -17 -18 -5 -19 -12 22 -16 -24 -11 26 27 -26 -7 -8
right_child=-2 2 -4 4 -6 6 29 8 -10 10 11 12 -14 -15 15 16 17 19 -20 -21 -22 -23 23 -25 25 -27 -28 -29 -30 -31
leaf_value=-0.006797291081544087 0.23931873142628063 0.17953853473097151 0.20987720391808079 0.019002264256757207 0.1939488562097347 0.15388802065378693 0.0083087367909742051 0.075163887940958213 0.06988696654195152 -0.031948671883782719 0.046477314686886886 0.0025935942328266484 0.12066073041047398 0.064254620115769934 -0.04509649442539318 0.14224460271620878 -0.044453141010842523 -0.021178146670638984 -0.043887661461337324 0.054105896723129612 -0.02899964379612105 0.030936980611502934 -0.026752600503093235 -0.049625317496131256 -0.0088966458681659262 -0.014587570191161567 -0.029041894524643487 0.10476282711500461 0.24120109031933185 0.093824688594839944
leaf_weight=16.361696645617485 143.9230320751667 12.53713898360729 19.825412184000015 12.493629992008207 9.2162516713142377 14.841573908925055 7.9411558806896192 7.19907622039318 8.7568402588367444 69.250940948724747 7.1401279419660559 30.727693229913712 7.1107750535011283 6.7303980886936179 287.45750583708286 7.6726002842187873 54.383801683783531 21.640723243355751 576.03223483264446 11.883574247360228 89.09335546195507 7.9449381977319709 332.31186135113239 79.897383481264114 12.125107958912855 101.32334819436073 7.5994134694337836 9.1242869496345502 23.760089218616486 7.1617987453937531
leaf_count=125 893 83 127 93 60 99 58 51 67 531 55 235 54 49 2225 53 419 166 4493 91 686 59 2566 618 93 776 58 70 151 50
internal_value=-0.000781329 -0.019483 -0.0253457 -0.028098 -0.0296808 0.1285 0.169091 -0.0309701 -0.0250742 -0.025857 -0.0265581 -0.00477206 0.0273168 -0.0167138 -0.0296099 -0.0331686 -0.0104655 -0.025244 -0.0425226 0.00630248 -0.0229792 -0.0362162 -0.0370218 -0.0312953 -0.0151826 -0.00608752 0.0232551 0.0424227 0.212365 0.0521686
internal_weight=2003.47 1859.54 1789.48 1769.65 1757.12 70.0663 53.7046 1747.9 1159.37 1150.62 1143.42 140.802 37.8385 102.964 1002.62 803.192 95.5807 87.9081 588.526 33.5243 96.2335 707.612 699.667 412.209 199.423 130.172 28.8488 21.2494 38.6017 15.103
internal_count=15154 14261 13778 13651 13568 483 358 13508 8922 8855 8804 1079 289 790 7725 6197 729 676 4586 257 741 5468 5409 3184 1528 997 221 163 250 108
is_linear=0
shrinkage=0.05


Tree=2
num_leaves=31
num_cat=1
split_feature=24 9 4 15 20 10 14 17 35 26 26 16 36 9 15 9 6 14 13 14 3 13 13 35 1 35 14 13 13 12
split_gain=2878.63 493.708 322.552 219.752 205.066 130.474 72.3198 56.1563 24.1951 24.7257 43.8813 25.9817 20.5085 25.5209 23.8941 23.2781 18.6962 17.7076 16.0216 22.3258 15.5191 26.724 28.9792 16.6765 16.0122 16.5642 15.0267 13.5573 44.2641 17.6248
threshold=0.0067001863033377485 12.548242310429353 0.75719288729787759 0.910999767058708 15.340489220554291 12.252933684817197 0.95487075896103502 10.44745796106008 0.0011224919541880907 1.0000000180025095e-35 0.062245308447550503 -0.0016027643949857093 0 12.599962675017574 0.97346064270936294 12.599807960957936 39.107064805867417 0.96831591780518433 0.97750908248756285 0.97218104234144087 -16.787938874172728 0.98503153871488747 0.98574606109870677 0.00056077387895932078 90.273607858714897 0.00028109628102706386 0.98133058781591365 0.98676619293158552 0.98701645386102477 -0.031345633453697577
decision_type=2 8 10 8 10 10 2 10 2 2 2 2 1 8 10 8 8 2 2 2 8 2 2 2 10 2 2 2 2 2
left_child=1 5 3 -3 7 6 -1 8 9 11 -11 -5 15 -14 -15 17 -8 -10 -7 -20 21 23 -23 -13 25 -22 -24 -27 -29 -30
right_child=-2 2 -4 4 -6 18 16 -9 12 10 -12 20 13 14 -16 -17 -18 -19 19 -21 24 22 26 -25 -26 27 -28 28 29 -31
leaf_value=0.0073018450861587966 0.19916194936399811 0.16220146470843089 0.20635341825684225 0.050979841086703608 0.18411314949097582 0.061836175925116393 0.091020410053825856 -0.04245384272954264 -0.027928998845386452 0.12240878952103157 -0.045386617116291876 -0.0069017997307337514 -0.01324199739697973 0.11457602772432998 0.013529770069572261 -0.048969916677628358 0.17675396404278088 0.065542806086037034 -0.049158241426390831 0.054217430783616238 -0.03749102648809479 0.10950877662978811 -0.022304295116030527 -0.048842133698709267 0.028677571541227576 -0.027769955297797178 0.052686458335520214 0.096820690037247858 0.011304636112892168 -0.034962582499699177
leaf_weight=9.3425188064575178 164.76206004619598 14.334100857377051 14.0291431248188 9.9430935084819776 10.333495438098906 8.9182766303420085 11.821718886494635 557.97356186062098 8.9742784351110476 6.7424732670187932 7.055126890540123 57.682168073952198 18.789950415492058 10.850188516080381 12.159011259675024 30.110210210084915 39.514641553163528 9.499256104230879 14.402036942541601 6.9465142488479605 404.32493327558041 7.0574802309274665 19.632333204150203 39.707749366760254 11.037697762250898 386.42253635823727 8.8801486492156965 8.3649787902832013 32.402858331799507 53.616062723100185
leaf_count=64 895 85 83 75 60 64 78 4471 70 50 55 446 144 83 92 235 235 73 108 50 3202 54 151 310 84 3027 66 65 247 418
internal_value=-0.000368929 -0.0184239 -0.0243783 -0.0263723 -0.0280453 0.0945198 0.136249 -0.0294414 -0.0230591 -0.0251884 0.039341 -0.0260822 0.00174915 0.024124 0.0639666 -0.0186944 0.159128 0.0210326 0.0091794 -0.0146004 -0.0268755 -0.0108282 0.0257787 -0.0243243 -0.0292417 -0.0299955 0.00204525 -0.0236275 -0.00655444 -0.0176043
internal_weight=1995.63 1830.87 1739.92 1725.89 1711.56 90.9457 60.6789 1701.23 1143.25 1052.87 13.7976 1039.07 90.3829 41.7992 23.0092 48.5837 51.3364 18.4735 30.2668 21.3486 1029.13 132.96 35.57 97.3899 896.169 885.131 28.5125 480.806 94.3839 86.0189
internal_count=15140 14245 13646 13563 13478 599 377 13418 8947 8250 105 8145 697 319 175 378 313 143 222 158 8070 1027 271 756 7043 6959 217 3757 730 665
cat_boundaries=0 1
cat_threshold=3
is_linear=0
shrinkage=0.05


Tree=3
num_leaves=31
num_cat=0
split_feature=24 11 2 20 15 11 10 22 22 6 0 3 7 9 23 6 8 0 14 13 15 11 14 14 9 1 2 13 13 6
split_gain=2425.22 489.84 322.514 156.083 153.685 133.983 66.5654 48.2706 37.8989 25.9661 24.3393 19.747 24.5166 20.8837 19.0878 16.607 18.5033 14.7448 16.6012 16.2272 14.1104 13.8226 13.6731 44.5948 44.038 15.8433 41.3137 13.2045 14.9829 13.0819
threshold=0.005046260928613871 12.315000000000003 92.790000000000006 15.340489220554291 0.910999767058708 11.155000000000003 12.252933684817197 98.850000000000065 99.049999999999912 39.938588968301211 0.9986015941552856 -15.158979896538851 53.033041424830067 12.599797266695985 0.0022437246269308314 40.688143937527464 40.693016754838887 0.59862032769001228 0.92845871730328178 0.99141417613247118 0.92583425009167597 13.915000000000001 0.97993256563176712 0.98179722317988294 12.59671816170626 89.33120227518944 91.450000000000017 0.96320553384439012 0.96388332161141499 39.691847620403074
decision_type=2 2 10 10 8 2 10 8 8 10 2 10 10 10 2 10 10 2 2 2 10 2 2 2 10 10 10 2 2 10
left_child=1 5 3 4 -3 -1 -7 20 -9 17 11 15 -13 -14 -2 -11 -17 18 -10 27 -6 -12 25 24 -24 -19 -27 -20 -29 -28
right_child=14 2 -4 -5 7 6 -8 8 9 10 21 12 13 -15 -16 16 -18 22 19 -21 -22 -23 23 -25 -26 26 29 28 -30 -31
leaf_value=-0.020083053354610435 0.080351528208732856 0.13365382086460095 0.15864395593049108 0.15168337773216292 0.0094083200637928369 0.16046995077170351 0.040086678039155568 0.085906862793042438 0.035131788880225293 -0.010465753300149351 0.092652499823452486 -0.029227695013640642 0.081467215730578413 -0.027360200341329188 0.1720245807926841 0.098818095967390718 0.00024359442656707371 -0.041136539208664273 -0.055305655670176368 0.03206928403642792 -0.04277433267558884 0.0065940567768567456 0.10687184941578774 -0.039257018377093743 -0.028387300110678099 0.092733629100247683 -0.055691735774180906 0.042449575705107309 -0.023334459034870098 0.017024343886835984
leaf_weight=18.1732377409935 8.5017651841044408 13.603252008557318 22.806498348712921 11.192435830831526 12.938065350055693 49.37077334523201 15.928342737257479 6.9223744869232169 11.862955808639525 25.008305341005325 7.5866478607058552 133.57288131862879 9.0142927616834658 7.1817230358719817 182.84989626705647 8.8459499552845973 9.2266941517591459 350.62569738179445 31.590190157294273 12.231842212378977 538.62907944619656 10.58484575897455 11.666369736194612 53.057121694087982 10.827091351151465 7.2998642623424521 19.333360590040687 7.9767793267965308 371.50996711105108 8.3310946300625783
leaf_count=134 56 74 122 59 97 262 110 48 93 196 56 1066 69 56 905 66 70 2829 252 93 4462 83 88 418 86 57 155 63 2959 65
internal_value=-0.000352956 -0.0184061 -0.0241882 -0.0267469 -0.0280256 0.0991631 0.132153 -0.0294253 -0.0233988 -0.024159 -0.0083296 -0.0136086 -0.0221615 0.0344256 0.16839 0.0159537 0.0511439 -0.0278723 -0.0211785 -0.0228356 -0.0415355 0.0454824 -0.0341297 -0.0144242 0.0433286 -0.0379434 -0.00566861 -0.0245432 -0.0218438 -0.0339635
internal_weight=1988.25 1796.9 1713.43 1690.62 1679.43 83.4724 65.2991 1665.82 1114.26 1107.33 211.021 192.85 149.769 16.196 191.352 43.0809 18.0726 896.312 435.172 423.309 551.567 18.1715 461.141 75.5506 22.4935 385.59 34.9643 411.077 379.487 27.6645
internal_count=15149 14188 13682 13560 13501 506 372 13427 8868 8820 1662 1523 1191 125 961 332 136 7158 3460 3367 4559 139 3698 592 174 3106 277 3274 3022 220
is_linear=0
shrinkage=0.05


Tree=4
num_leaves=31
num_cat=0
split_feature=24 11 2 16 20 11 8 10 22 22 4 13 11 15 3 23 1 1 14 9 14 13 0 12 9 11 6 9 7 13
split_gain=2016.88 461.426 278.894 164.71 147.278 102.524 49.8048 47.8685 41.9354 39.4613 34.438 25.1229 72.7039 25.0227 58.4668 20.7516 21.1536 19.171 22.8851 15.8043 15.735 53.8333 32.7484 20.3715 57.4301 75.0374 19.2509 25.1821 18.6819 17.2556
threshold=0.0050890621852608562 12.315000000000003 92.790000000000006 -0.027763250549941953 15.340489220554291 11.155000000000003 45.402249188896718 12.252933684817197 98.850000000000065 99.049999999999912 0.26022786913367618 0.99296607222989886 12.445000000000002 0.92583425009167597 -18.25814966152485 0.00028125440016200514 65.856975056661142 90.201064931986295 0.98038170493086141 12.602322445576208 0.95817873819485044 0.97053412842885989 0.53611579824356104 -0.0031914308492453814 12.488542901673357 13.895000000000001 38.212169840517433 12.599903901478488 53.033041424830067 0.98958686557372644
decision_type=2 2 10 2 10 2 10 10 8 8 10 2 2 10 10 2 8 10 2 10 2 2 2 2 10 2 10 10 10 2
left_child=1 5 3 -3 6 -1 8 -7 13 -10 11 15 -13 14 -5 16 -11 -18 -19 20 26 22 -22 24 25 -23 27 -17 29 -26
right_child=-2 2 -4 4 -6 7 -8 -9 9 10 -12 12 -14 -15 -16 19 17 18 -20 -21 21 23 -24 -25 28 -27 -28 -29 -30 -31
leaf_value=-0.010517932436630193 0.15173802568206435 0.14620124693038064 0.14042670803447618 0.11671802816382262 0.1349281209469351 0.14319402806107828 0.10084339294097672 0.041798650548648425 0.086935814533842401 0.0040967623407220238 0.073750659618330522 0.12577314394715755 -0.044938401295179273 -0.042076970240458228 -0.05307583039799868 -0.040772664281080354 -0.038860194956140945 0.077818721325465023 -0.043956730991979748 -0.0468295152796252 -0.010902115248893873 0.19432370832601745 0.10673416423057024 -0.026307617471186501 -0.021795604782329375 -0.016306206626560179 -0.047146134557248059 0.06880521181148691 0.05917919909362912 0.037272981134648629
leaf_weight=18.556023582816124 196.01875488460064 12.921054825186728 24.825109764933586 7.4485322386026409 13.015180736780165 54.161052882671356 6.5148294419050208 16.08027258515358 7.1599475443363181 33.840226836502552 8.0491371899843198 9.534091845154764 14.41719615459442 519.93572563678026 11.727195173501967 10.772053651511671 403.31199809908867 7.0496319383382779 6.5064155980944633 48.206936001777649 9.6769100129604357 7.0209094136953345 13.563636481761931 257.20934841781855 147.56636862456799 8.6433134078979474 74.418700128793716 8.472095884382723 7.5154915377497664 12.583760857582091
leaf_count=138 906 71 124 50 64 267 47 109 47 257 59 68 117 4441 80 87 3346 51 53 400 78 44 109 2081 1188 69 600 67 57 97
internal_value=-6.52693e-05 -0.0168515 -0.0227014 -0.0252133 -0.0266398 0.0936217 -0.0280025 0.120894 -0.0285774 -0.0229209 -0.0237227 -0.0245165 0.0253326 -0.0400081 0.0153942 -0.0256697 -0.0338104 -0.0368901 0.0203664 -0.0195658 -0.0171284 -0.0132994 0.0593236 -0.0172563 -0.00448348 0.0840968 -0.0357474 0.00848401 -0.0132087 -0.0169518
internal_weight=1976.72 1780.7 1691.91 1667.08 1654.16 88.7973 1641.14 70.2413 1634.63 1095.52 1088.36 1080.31 23.9513 539.111 19.1757 1056.36 450.708 416.868 13.556 605.65 557.443 463.78 23.2405 440.539 183.33 15.6642 93.6628 19.2441 167.666 160.15
internal_count=15172 14266 13752 13628 13557 514 13493 376 13446 8875 8828 8769 185 4571 130 8584 3707 3450 104 4877 4477 3723 187 3536 1455 113 754 154 1342 1285
is_linear=0
shrinkage=0.05


Tree=5
num_leaves=31
num_cat=1
split_feature=24 11 2 15 20 11 37 19 10 6 23 3 13 5 11 2 14 7 14 13 9 14 14 23 13 11 4 13 4 12
split_gain=1722.04 410.296 268.7 124.84 119.74 90.6056 85.6912 58.0924 41.0218 24.6907 18.1416 35.3576 24.7377 31.8635 39.7334 23.4744 32.0014 18.1165 23.9587 57.7646 19.5926 55.5989 22.4612 34.4851 17.8822 17.528 16.376 16.345 15.0233 15.6216
threshold=0.0067001863033377485 12.315000000000003 92.665000000000006 0.92583425009167597 15.340489220554291 11.155000000000003 0 10.767846909817493 12.252933684817197 39.938588968301211 0.000561876679158077 -12.7353386052192 0.98117403270200143 442.11263558168304 12.425000000000002 91.250000000000014 0.97605226342165474 43.994952895525067 0.95817873819485044 0.96875558981680743 12.595609180378494 0.97826666091585401 0.9595007108629513 0.00056140351983066346 0.96759922263076348 12.435 0.37249102616780821 0.97765621743955611 0.16500074366040321 -0.055069617757231591
decision_type=2 2 10 8 10 2 1 8 10 8 2 8 2 8 2 10 2 10 2 2 8 2 2 2 2 2 8 2 10 2
left_child=1 5 3 6 7 -1 -3 -5 -7 17 11 25 13 -12 -15 -14 -17 24 -19 -20 21 -21 23 -22 -9 -11 -4 -24 29 -29
right_child=-2 2 26 4 -6 8 -8 9 -10 10 12 -13 15 14 -16 16 -18 18 19 20 22 -23 27 -25 -26 -27 -28 28 -30 -31
leaf_value=-0.016834728836289139 0.13654106680618847 -0.020689141343140423 0.064776605268430237 -0.041578924075309956 0.12481293930046525 0.130503775179379 0.15231960319661217 0.064680514028481323 0.038367130918322258 0.053199822124168239 -0.034664017678605788 -0.028221335469661858 0.0054969624460950058 -0.021810637628812794 0.13378522927389669 0.13959261662560371 0.0096778236617177035 -0.048997676636514574 0.11884076961648622 -0.023453807661940215 -0.046497250702569992 0.13524833537573586 -0.044581579721232362 0.083678169788374349 -0.01032338371602938 -0.036829967480161423 0.14976702671482051 -0.014339513372524962 0.03459774990436313 -0.0335982452993858
leaf_weight=16.845088668167591 206.02729959785938 12.156149119138718 11.163505919277666 504.90144890546799 12.025442957878111 57.244935929775238 15.690978616476059 8.3778009936213476 16.577552482485771 21.769772581756119 43.426912605762482 141.06208026409149 27.137371927499771 8.8024120107293111 6.3201147317886344 9.0633444190025347 9.263938941061495 110.45798321813345 6.0593672171235076 22.200010091066364 8.3970085084438342 6.2558560520410529 130.20151329040527 10.272404931485651 51.087828494608402 6.3065791800618163 19.745081119239334 181.3678130954504 9.7464739233255369 258.33581905066967
leaf_count=127 904 79 60 4422 56 266 87 66 109 168 354 1175 216 72 51 67 71 930 46 183 71 49 1100 80 414 51 93 1480 75 2160
internal_value=0.000205527 -0.0159856 -0.0216885 -0.0245036 -0.026356 0.087001 0.0786967 -0.0275842 0.110603 -0.0209842 -0.00796145 -0.0180261 0.00842061 -0.0130058 0.0474818 0.0356996 0.0778227 -0.0254 -0.0275219 -0.023702 -0.0252671 0.014843 -0.0271963 0.0257414 0.00113847 0.0324059 0.122062 -0.0289428 -0.0243234 -0.025705
internal_weight=1948.29 1742.26 1651.6 1620.69 1592.84 90.6676 27.8471 1580.81 73.8225 1075.91 273.153 169.138 104.014 58.5494 15.1225 45.4647 18.3273 802.76 743.294 632.836 626.777 28.4559 598.321 18.6694 59.4656 28.0764 30.9086 579.652 449.45 439.704
internal_count=15082 14178 13676 13523 13357 502 166 13301 375 8879 2225 1394 831 477 123 354 138 6654 6174 5244 5198 232 4966 151 480 219 153 4815 3715 3640
cat_boundaries=0 1
cat_threshold=2
is_linear=0
shrinkage=0.05


Tree=6
num_leaves=31
num_cat=1
split_feature=24 11 4 16 20 11 17 11 13 13 23 6 23 3 11 1 9 36 6 23 0 12 11 8 7 13 7 15 14 15
split_gain=1501.1 366.545 214.508 139.849 86.2178 71.8758 47.5425 31.4531 44.45 46.3388 24.1806 23.6505 21.418 21.6314 22.8781 20.1774 18.0095 27.9175 44.888 45.5756 27.699 22.2725 33.1539 21.2119 17.8555 14.4706 16.6956 19.0713 39.7485 18.4404
threshold=0.005046260928613871 12.315000000000003 0.37249102616780821 -0.011053174577838774 15.340489220554291 11.155000000000003 10.441074268154187 12.105000000000002 0.98535411606936851 0.9786299465189443 0.0011243851241082555 40.608712267328805 0.00028109628102706386 -2.5101588123782261 13.925000000000002 88.141252464561589 12.600443168041144 0 39.459860045645975 0.00084021847327561672 0.99859609712240716 -0.031345633453697577 12.455000000000002 38.940636574758365 53.033041424830067 0.99296607222989886 46.835458669822351 0.97935024974870177 0.97489284977279889 0.97714756188400786
decision_type=2 2 10 2 10 2 10 2 2 2 2 10 2 8 2 10 8 1 8 2 2 2 2 10 10 2 8 10 2 10
left_child=1 5 3 10 6 -1 11 -7 9 -9 -3 12 25 24 16 -13 -15 18 -18 20 -20 22 -19 -21 -14 26 27 28 -5 -30
right_child=-2 2 -4 4 -6 7 -8 8 -10 -11 -12 15 13 14 -16 -17 17 21 19 23 -22 -23 -24 -25 -26 -27 -28 -29 29 -31
leaf_value=-0.01153801589260302 0.1236525594207047 0.15097597142356461 0.12498725555769818 -0.024610016961852249 0.1120162427678526 0.12978958859644871 -0.039314271892485063 0.075435575987305326 0.13483198039091801 -0.057129330994353938 0.03599324057783701 0.031659984897702408 -0.025029015442729986 -0.011954731946313092 -0.038060622301257369 -0.03767020785371137 -0.017488584662727482 -0.034877778342160305 -0.028442967848027002 0.2077446483065517 0.099338867796934904 -0.043882488883751292 0.093545750834443706 0.070573693655890821 0.033653972483098447 0.027486870130028287 -0.041262770888506453 -0.051253998234787504 0.093032731265585408 0.0070666515423515267
leaf_weight=18.039735086262226 215.45290859043598 11.153522297739984 23.55067890137434 101.1481477022171 10.321308702230452 39.884961277246475 504.37001963704824 15.570318818092348 13.185402348637579 10.029700100421904 8.6150951758027059 36.815958857536316 383.72017595916986 82.071146920323372 37.196846336126328 13.587660528719423 15.07937905192375 9.6381905525922793 9.3715670481324214 7.0601126104593259 6.2849966287612906 24.020094759762287 8.6855020672082883 6.7124472334980965 12.579847671091555 9.5392230004072172 232.9714696854353 37.024578504264355 10.251744970679285 14.404836542904375
leaf_count=137 929 53 118 864 46 175 4524 85 61 65 57 276 3210 661 317 108 124 76 78 51 47 200 59 50 99 77 2022 312 83 120
internal_value=-0.000417836 -0.0160869 -0.0217604 -0.0240075 -0.0256948 0.0779784 -0.0266755 0.0983924 0.0636544 0.0233034 0.105013 -0.0206198 -0.0222922 -0.0162669 -0.00310743 0.0126009 0.00476794 0.0205262 0.0426281 0.087003 0.0257367 -0.0105531 0.0276863 0.150193 -0.0230862 -0.0311851 -0.0326649 -0.0201865 -0.0107112 0.0450427
internal_weight=1928.34 1712.88 1616.17 1592.62 1572.86 96.7101 1562.53 78.6704 38.7854 25.6 19.7686 1058.16 1007.76 602.42 206.12 50.4036 168.923 86.8523 44.5085 29.4291 15.6566 42.3438 18.3237 13.7726 396.3 405.34 395.801 162.829 125.805 24.6566
internal_count=15084 14155 13632 13514 13404 523 13358 386 211 150 110 8834 8450 4972 1663 384 1346 685 350 226 125 335 135 101 3309 3478 3401 1379 1067 203
cat_boundaries=0 1
cat_threshold=17
is_linear=0
shrinkage=0.05


Tree=7
num_leaves=31
num_cat=2
split_feature=24 11 2 15 20 11 37 21 11 2 13 11 15 13 13 6 22 13 0 12 36 13 6 7 6 7 1 24 13 13
split_gain=1321.78 299.465 211.892 108.312 104.252 76.2544 67.3157 44.8145 29.0685 29.027 23.3259 46.0866 17.9 23.1853 50.0109 22.7816 18.9994 25.263 20.473 118.3 33.8827 43.5803 40.3742 21.8139 17.5879 17.436 13.8489 12.6092 12.1952 13.2626
threshold=0.005046260928613871 12.315000000000003 92.665000000000006 0.92583425009167597 15.340489220554291 11.155000000000003 0 34.350000000000001 12.105000000000002 91.750000000000014 0.99296607222989886 12.445000000000002 0.98464190914619143 0.99012500603607234 0.99076032007309112 38.973750430704442 91.050000000000026 0.98109291953243882 0.9986015941552856 -0.055069617757231591 1 0.98327736512692776 39.70079155736375 46.662657771325406 40.489339514622813 47.136297626987698 64.868925626652 0.0083963115447521306 0.97849975630708597 0.96833924250656045
decision_type=2 2 10 8 10 2 1 8 2 8 2 2 8 2 2 10 8 2 2 2 1 2 10 8 10 10 8 2 2 2
left_child=1 5 3 6 7 -1 -3 -5 -7 25 12 -12 13 16 15 -15 17 -9 23 -20 21 22 -21 24 28 -10 -2 -28 29 -18
right_child=26 2 -4 4 -6 8 -8 10 9 -11 11 -13 -14 14 -16 -17 18 -19 19 20 -22 -23 -24 -25 -26 -27 27 -29 -30 -31
leaf_value=-0.021399182888840101 0.054745362421642324 -0.019039153931419164 0.11170174823937194 -0.039969726845952076 0.10081500643267338 0.12137183841600063 0.127359086223721 -0.0089793624907243876 -0.011953201182922578 0.12089884806082657 0.098550815393484328 -0.033945382592950178 -0.053145730174850553 0.0070866166837194738 -0.030955796270472444 0.13133523944476005 -0.0067750678684733419 0.10694289415110531 0.17417397406691737 0.0088073971343785654 -0.0404244025860181 -0.04916781221005137 0.14773563850155 -0.03169749583199253 0.036530615689906738 0.07050654923025404 0.050980538037212336 0.11929945675646114 -0.0088744714227897981 -0.040244948031425171
leaf_weight=17.800728507339954 12.166230693459509 12.912287205457687 28.683144815266132 436.17011773586273 15.305890202522276 40.572624951601028 18.161955714225769 16.835494533181194 14.094551607966425 10.954309076070784 10.947650611400606 13.751142852008341 43.767637021839619 6.0303625389933577 21.178748413920403 9.0147929936647397 45.006196454167366 5.4498271867632857 7.7730411887168875 12.479600571095945 48.650677844882011 11.617898255586622 8.1746401786804181 539.78145346790552 14.77062391489744 10.4013674557209 9.133629769086836 202.64222028851509 171.88209046423435 88.154923900961876
leaf_count=137 51 87 134 4053 66 172 92 156 83 55 74 115 378 51 174 70 382 51 42 103 422 101 59 4682 115 52 52 836 1446 765
internal_value=-0.000324194 -0.0155529 -0.0207002 -0.0232082 -0.0251043 0.0707855 0.0678292 -0.0264452 0.0923681 0.0567542 -0.0209271 0.0263327 -0.0220622 -0.0206595 0.018229 0.0850797 -0.0221282 0.0227444 -0.0232056 -0.000329564 -0.019013 0.0197297 0.0680763 -0.0255629 -0.0151423 0.0244527 0.113504 0.116606 -0.0177556 -0.0290675
internal_weight=1904.27 1680.32 1586.5 1557.82 1526.74 93.8236 31.0742 1511.44 76.0229 35.4502 1075.27 24.6988 1050.57 1006.8 36.2239 15.0452 970.576 22.2853 948.291 88.6959 80.9228 32.2721 20.6542 859.595 319.814 24.4959 223.942 211.776 305.043 133.161
internal_count=15056 14117 13618 13484 13305 499 179 13239 362 190 9186 189 8997 8619 295 121 8324 207 8117 727 685 263 162 7390 2708 135 939 888 2593 1147
cat_boundaries=0 1 2
cat_threshold=2 9
is_linear=0
shrinkage=0.05


Tree=8
num_leaves=31
num_cat=0
split_feature=23 16 11 2 16 20 16 14 17 35 4 23 14 0 8 2 13 13 23 7 7 13 3 2 7 6 8 2 7 1
split_gain=945.029 234.283 211.42 213.646 152.669 79.5034 55.7011 90.2103 48.8992 47.7099 35.9175 30.3628 26.1796 24.864 24.2332 28.709 23.1495 49.2436 22.9496 24.7781 29.5138 22.4299 23.8132 26.197 19.1322 17.7766 17.0475 14.7625 14.5306 13.8811
threshold=0.0016823216368779621 0.0017666895139060114 12.315000000000003 92.790000000000006 -0.0041249744733001777 15.340489220554291 -0.00098893223292832624 0.93984942286473172 10.438780449123131 0.0016823216368779621 0.37249102616780821 0.0011218623134654157 0.982669205213765 0.28049291883542404 44.236348203007154 90.750000000000014 0.98535411606936851 0.97893216168280583 0.00028109628102706386 48.576356919605892 48.643148214499504 0.98040382231892964 -2.5101588123782261 92.210000000000022 52.136838742841405 39.527200402870342 41.698550894781789 91.550000000000011 49.371144038987197 90.201064931986295
decision_type=2 2 2 10 2 10 2 2 10 2 10 2 2 2 8 8 2 2 2 8 8 2 10 10 10 10 10 10 8 10
left_child=2 6 16 4 -4 8 7 -2 10 -8 11 13 14 -6 -13 -16 17 -1 29 -20 -21 26 24 27 28 -9 -22 -24 -23 -15
right_child=1 -3 3 -5 5 -7 9 25 -10 -11 -12 12 -14 18 15 -17 -18 -19 19 20 21 22 23 -25 -26 -27 -28 -29 -30 -31
leaf_value=0.08458095306708277 0.11053792137926913 -0.02284417862222253 0.13805795125514361 0.1120977946610474 -0.0061526886004218354 0.09228466864740438 0.11177156162234191 -0.045800001393662117 -0.038815245732650362 0.0084912734344409525 0.086137077550993701 -0.016513077401306364 0.096637497732217456 -0.039282712408269867 -0.013844615364672032 0.1003083458074225 0.11814027850291405 -0.03471782798587697 -0.028277629996185206 0.090912236425316803 -0.036081631625863884 0.017691612424761288 0.033603488735210761 -0.029482906655434512 0.061117757790748052 0.042222140139793515 0.038765605994232205 0.11883757395924432 -0.05280556617317092 0.012597411345241467
leaf_weight=29.099879264831543 26.24208015948534 48.960343487560749 13.658679388463495 29.05404232442379 182.57496688514948 13.543523281812666 211.31399913132191 18.069342948496345 460.78176312148571 11.984652906656263 7.0868389904499045 58.928109265863895 6.6605341210961333 297.3745970800519 10.316819563508036 10.314784102141855 20.024584367871284 11.489737853407858 250.37441688030958 7.0377483740448943 62.083960205316544 10.370428785681726 12.468728393316274 7.8975186198949805 6.1273532286286345 7.3037951067090026 7.8206723928451529 9.153465308248995 20.861972093582153 13.032452933490275
leaf_count=140 112 403 62 124 1528 57 890 135 4371 88 43 498 46 2709 83 79 85 68 2166 55 549 90 98 66 47 49 65 71 182 103
internal_value=-4.55178e-05 0.077532 -0.0162101 -0.0199329 -0.0226197 -0.024222 0.0954263 0.0472964 -0.0253801 0.106291 -0.0190331 -0.0198864 0.00835801 -0.0226376 -0.000140359 0.045225 0.074595 0.0507882 -0.0268944 -0.0188073 -0.00223919 -0.007657 0.0129527 0.0457699 -0.013495 -0.0198221 -0.0272794 0.0733443 -0.029575 -0.0370711
internal_weight=1882.01 323.874 1558.14 1497.52 1468.47 1454.81 274.914 51.6152 1441.27 223.299 980.485 973.399 86.2202 887.178 79.5597 20.6316 60.6142 40.5896 704.603 394.196 143.822 136.784 66.8795 29.5197 37.3598 25.3731 69.9046 21.6222 31.2324 310.407
internal_count=15062 1677 13385 13092 12968 12906 1274 296 12849 978 8478 8435 706 7729 660 162 293 208 6201 3389 1223 1168 554 235 319 184 614 169 272 2812
is_linear=0
shrinkage=0.05


Tree=9
num_leaves=31
num_cat=1
split_feature=24 11 4 15 20 31 37 10 19 2 13 2 14 13 23 9 7 7 2 9 7 0 11 14 15 14 0 11 23 13
split_gain=1039.83 252.211 166.17 112.641 74.2155 63.2356 53.9849 48.5675 47.0045 36.2781 24.5471 35.1231 21.9068 144.068 25.1242 24.4154 21.9724 29.7729 28.7216 28.1314 26.1053 20.2597 29.0711 19.5147 19.0548 14.3952 44.098 19.3302 17.8026 18.5165
threshold=0.005054763486466691 12.315000000000003 0.37249102616780821 0.92583425009167597 18.226976976324455 1.0000000180025095e-35 0 12.252933684817197 10.767846909817493 92.790000000000006 0.96811371281429215 98.345000000000013 0.95817873819485044 0.96833924250656045 0.00028070175991533173 12.602373110197984 48.79596707471012 49.371144038987197 90.790000000000006 12.59969798646762 53.033041424830067 0.88806181424291675 13.895000000000001 0.60191750796794097 0.95580747622756401 0.95992336592997896 0.6282175149828565 12.425000000000002 0.0014031149427351133 0.98800197699669068
decision_type=2 2 10 8 10 2 1 10 8 8 2 8 2 2 2 10 10 10 10 10 10 2 2 2 10 2 2 2 2 2
left_child=1 7 3 6 5 8 -3 24 -5 12 -11 -12 23 -14 -15 16 25 18 -18 20 21 -19 -23 -10 -1 26 -16 28 29 -27
right_child=-2 2 -4 4 -6 -7 -8 -9 9 10 11 -13 13 14 15 -17 17 19 -20 -21 -22 22 -24 -25 -26 27 -28 -29 -30 -31
leaf_value=0.013304610568960613 0.099903843178831886 -0.01032242291037538 0.10754463297503059 -0.038348524574901732 0.10991970537496135 0.12724988298177273 0.11734484532373245 0.0037417512119291502 0.042167949484599204 0.10663862911752219 0.077890050613423412 -0.049173798029986809 0.18744140135229798 -0.031715826818996359 -0.037231461379228413 -0.049779510833618534 0.12154984795777964 -0.036545504501540163 0.016778763753018674 -0.0402533751759366 0.075687060263199976 0.092293566527879442 -0.0082748581507695162 -0.041267065598534519 0.093179461823878373 -0.018120514433729362 0.10891796730243682 -0.025842375647589691 0.070221103763095497 0.031819165135352608
leaf_weight=8.8471822291612607 227.56749671697617 13.267518147826195 24.573247894644737 442.38592530786991 9.4433028995990735 5.9016170874238005 20.382496386766434 25.606951653957367 6.5698749572038642 7.7240062728524235 8.5721958726644534 11.6055316850543 7.5259860828518859 270.83659235388041 11.431888125836851 41.126005195081234 8.7463603541255015 23.01353170722723 21.120810389518738 36.475268743932247 12.592347793281077 9.5465549901127833 22.101929433643818 150.31517537683249 64.05134317278862 77.462105341255665 7.9069114401936522 257.92935744673014 7.2007225751876822 23.340310350060463
leaf_count=47 928 90 111 4354 39 39 97 173 56 66 38 97 56 2466 97 381 72 203 180 317 89 73 186 1346 290 673 58 2245 57 185
internal_value=-1.30336e-06 -0.013937 -0.0189139 -0.0210353 -0.0231068 -0.0240346 0.068163 0.0632329 -0.0247302 -0.0188102 0.0365387 0.00593628 -0.020397 -0.0171503 -0.0192267 -0.0131406 -0.0101464 0.00728631 0.050404 -0.00549141 0.0136752 -0.00171342 0.0239587 -0.0375281 0.0837968 -0.0161946 0.0249408 -0.0184306 -0.000655225 -0.00635825
internal_weight=1865.17 1637.6 1539.1 1514.52 1480.87 1471.43 33.65 98.5055 1465.53 1023.14 27.9017 20.1777 995.242 838.357 830.831 559.994 518.868 133.597 29.8672 103.73 67.2544 54.662 31.6485 156.885 72.8985 385.271 19.3388 365.932 108.003 100.802
internal_count=15109 14181 13671 13560 13373 13334 187 510 13295 8941 201 135 8740 7338 7282 4816 4435 1120 252 868 551 462 259 1402 337 3315 155 3160 915 858
cat_boundaries=0 1
cat_threshold=2
is_linear=0
shrinkage=0.05


Tree=10
num_leaves=31
num_cat=0
split_feature=24 11 2 16 20 10 26 22 23 22 22 4 0 11 0 1 15 16 11 35 7 14 22 22 22 14 15 15 11 35
split_gain=949.541 230.904 142.008 92.1208 66.7829 46.2592 40.1762 40.0113 34.3765 30.21 21.9819 21.819 20.1339 111.863 23.8763 20.0199 33.7436 22.8523 19.3823 18.2224 27.6887 28.5169 14.6351 14.7742 44.8093 32.9679 52.9734 25.592 13.7765 14.0503
threshold=0.005046260928613871 12.315000000000003 92.790000000000006 -0.0018794821697080838 15.340489220554291 12.252933684817197 1.0000000180025095e-35 98.850000000000065 0.003934245761835156 99.049999999999912 89.299873587570715 0.37249102616780821 0.9986015941552856 13.830000000000002 0.58055004220968776 89.33120227518944 0.97709739865245293 3.3970626585761517e-06 11.170000000000002 0.00056140351983066346 48.79596707471012 0.97266348836817185 94.402597593914166 90.21792749529186 90.418916682901497 0.9793514009414197 0.98290969134056605 0.93840532753315775 12.455000000000002 0.0013991884980793119
decision_type=2 2 10 2 10 10 2 8 2 8 10 10 2 2 2 10 10 2 2 2 10 2 10 10 10 2 8 10 2 2
left_child=1 5 3 8 6 18 7 22 10 -9 -3 12 14 -14 28 -15 17 -17 -1 -16 -21 -22 23 -5 -25 27 -27 -26 29 -11
right_child=-2 2 -4 4 -6 -7 -8 9 -10 11 -12 -13 13 15 19 16 -18 -19 -20 20 21 -23 -24 24 25 26 -28 -29 -30 -31
leaf_value=0.013181856719741886 0.095114295651822708 0.13553298461567342 0.089029937085104274 -0.044645002536959938 0.084518765922394129 0.0021258751230292606 0.067847725346974544 0.080168277856832892 -0.012654679116668037 -0.018621116517743463 0.03825439390631076 0.059577419173089757 0.15693087821625512 -0.033665611127225915 -0.041500738045597986 -0.0091238044530879796 -0.052103689091664795 0.10430779375930149 0.089800351733071104 -0.034097413077388332 -0.01753897072040677 0.056961531981678408 -0.04989330738901411 0.10976910593394891 0.052043474050485199 0.14623815121723263 -0.048483648538277524 -0.037821658511870283 0.055838852437153599 0.02740390743955412
leaf_weight=9.926372826099394 223.91433922946453 11.833984680473806 28.613107889890671 111.62170956283808 13.189186394214628 26.21525177359581 10.71189374476671 6.5449627488851538 12.089675657451151 450.37830214202404 12.625496976077555 7.4960311055183402 9.2341562956571561 59.994717106223106 236.22964756190777 7.2106071412563386 10.075569674372671 9.9646560400724393 62.352399006485939 106.52026661485434 34.334106229245663 19.22247464209795 164.45678827166557 5.3550494015216819 7.5599609762430182 5.9436389505863163 6.2814699411392221 135.34492094814777 5.6410673335194579 16.360434047877789
leaf_count=71 910 59 119 1102 54 175 78 46 97 3986 83 42 47 544 2237 61 92 74 257 962 311 149 1675 53 60 60 64 1380 48 128
internal_value=-0.00109834 -0.0145859 -0.0194521 -0.0216136 -0.0236161 0.0592091 -0.0246744 -0.0254218 0.055794 -0.0197738 0.0887946 -0.0205279 -0.0212111 0.000454862 -0.0236152 -0.0176974 0.0174051 0.0588045 0.0796015 -0.032668 -0.0194565 0.00975463 -0.0380162 -0.0306815 -0.0207531 -0.0259329 0.050086 -0.032739 -0.0159673 -0.0169527
internal_weight=1827.24 1603.33 1504.83 1476.22 1439.67 98.494 1426.48 1415.77 36.5492 979.207 24.4595 972.662 965.166 96.4797 868.686 87.2455 27.2508 17.1753 72.2788 396.306 160.077 53.5566 436.564 272.107 160.485 155.13 12.2251 142.905 472.38 466.739
internal_count=15024 14114 13611 13492 13253 503 13199 13121 239 8727 142 8681 8639 818 7821 771 227 135 328 3659 1422 460 4394 2719 1617 1564 124 1440 4162 4114
is_linear=0
shrinkage=0.05


Tree=11
num_leaves=31
num_cat=0
split_feature=24 11 2 16 31 20 19 14 4 14 1 14 13 14 15 2 23 9 13 13 7 12 9 13 15 11 9 13 14 11
split_gain=848.932 230.4 129.154 83.5847 59.7833 57.8366 43.3103 38.8182 29.6219 25.5348 20.9738 22.7242 64.089 31.9209 22.2735 25.1004 21.7081 25.189 17.4673 29.159 23.2529 23.3599 72.0608 19.2998 27.106 24.0667 22.6774 17.3121 25.3869 26.8975
threshold=0.0067001863033377485 12.315000000000003 92.790000000000006 -0.0018794821697080838 0.0016764471125200952 18.226976976324455 10.767846909817493 0.95487075896103502 0.37249102616780821 0.91703945859142022 75.707365578815526 0.95817873819485044 0.96875558981680743 0.95876536167256299 0.98431479029747626 91.210000000000022 0.00028078057551858283 12.601366397869834 0.97785419576699473 0.97816387943121341 49.106066424316928 -0.04465892293955976 12.601308312812987 0.98033611343456417 0.98348182984746879 12.435 12.59961330261474 0.97738202927653928 0.97338512792603338 12.085000000000003
decision_type=2 2 10 2 2 10 8 2 10 2 10 2 2 2 10 10 2 10 2 2 10 2 8 2 10 2 10 2 2 2
left_child=1 7 3 9 5 6 -5 -1 10 -3 14 -12 -13 -14 15 -8 -15 18 -18 -20 21 22 -21 -22 25 -25 -27 -9 29 -29
right_child=-2 2 -4 4 -6 -7 8 27 -10 -11 11 12 13 16 -16 -17 17 -19 19 20 23 -23 -24 24 -26 26 -28 28 -30 -31
leaf_value=-0.017973997562221365 0.092040154565369195 0.09799616980149839 0.083948773253124984 -0.036485632353117928 0.11382985058409856 0.097957287761753623 -0.011310114815091817 0.11565039787042251 0.072956327958756922 0.016724242157525073 -0.046261994311197367 0.10802702872575193 0.074549952327080671 -0.0360304237698948 0.070928723009651903 0.087657144088433378 -0.030017958846717471 -0.043270116756979296 0.080935875869679458 -0.012322793788394812 -0.051022104643797361 -0.031978800762784407 0.1369191529111391 -0.0060897546773005179 -0.035764259355341825 0.093372972985347191 -0.010065445297239871 0.064738765671942353 0.091480755516194445 -0.015898135898703449
leaf_weight=13.826993159949778 219.70388622581959 15.979417249560354 29.716136679053307 431.41213568300009 7.118196688592433 8.9397028684616071 242.06566060334444 17.516685247421265 8.0192784145474416 23.631001830101013 88.731223858892918 8.7655716836452466 7.6345018893480292 199.97152777016163 8.1014948934316617 5.5883656516671172 83.33254262059927 68.844886958599091 8.7787560820579511 74.857699811458573 7.7750317752361289 102.04389751702548 8.0543777197599393 14.556477405130861 11.988454684615133 23.624448947608474 6.5192518532276145 23.765190251171589 31.987481579184532 17.194939866662025
leaf_count=85 880 68 122 4451 40 36 2135 78 43 189 850 59 62 1940 60 49 765 653 78 646 69 933 44 126 95 174 58 121 144 99
internal_value=0.000108809 -0.0125616 -0.0175827 -0.0196961 -0.0216965 -0.0224557 -0.0232876 0.0589477 -0.0174419 0.0511163 -0.0182626 -0.0226518 -0.0192408 -0.0212176 -0.0059435 -0.00873335 -0.0225355 -0.015888 -0.0102581 -0.00378951 -0.00708286 -0.0160806 0.00363403 0.0185843 0.02885 0.0465827 0.0713972 0.0707728 0.0585783 0.0313155
internal_weight=1820.05 1600.34 1496.05 1466.33 1426.72 1419.61 1410.67 104.291 979.253 39.6104 971.234 715.479 626.747 617.982 255.756 247.654 610.347 410.376 341.531 258.198 249.42 184.956 82.9121 64.4637 56.6886 44.7002 30.1437 90.4643 72.9476 40.9601
internal_count=15152 14272 13745 13623 13366 13326 13290 527 8839 257 8796 6552 5702 5643 2244 2184 5581 3641 2988 2223 2145 1623 690 522 453 358 232 442 364 220
is_linear=0
shrinkage=0.05


Tree=12
num_leaves=31
num_cat=0
split_feature=24 11 4 16 31 20 21 2 10 23 16 13 11 23 0 12 13 13 2 13 19 0 35 5 16 2 13 7 14 2
split_gain=777.92 199.861 122.177 71.8878 67.8549 55.7368 38.9176 35.6046 34.775 25.8015 28.6728 19.473 51.5273 17.5607 16.2541 58.6613 19.4802 27.9754 16.4907 30.0558 15.2776 16.3119 15.2293 15.1066 13.9664 13.8926 43.4383 13.5803 15.837 25.2728
threshold=0.0067001863033377485 12.325000000000001 0.37249102616780821 -0.0018794821697080838 1.0000000180025095e-35 15.340489220554291 34.260000000000005 93.495000000000019 12.252933684817197 0.003934245761835156 -0.0041249744733001777 0.99296607222989886 12.445000000000002 0.00028070175991533173 0.9986015941552856 -0.055069617757231591 0.98240585289708882 0.98040382231892964 91.450000000000017 0.972169313176101 10.71344120173867 0.57529823344942266 0.0013991884980793119 161.64118625612767 -0.00032029484240357327 92.250000000000014 0.9831927070929527 48.926529432275778 0.97083672735378745 90.750000000000014
decision_type=2 2 10 2 2 10 8 10 10 2 2 2 2 2 2 2 2 2 8 2 10 2 2 10 2 10 2 10 2 8
left_child=1 8 3 9 5 6 -5 11 24 10 -3 13 -13 23 20 -16 17 18 19 -17 21 22 -15 25 -1 -8 -27 -23 -29 -30
right_child=-2 2 -4 4 -6 -7 7 -9 -10 -11 -12 12 -14 14 15 16 -18 -19 -20 -21 -22 27 -24 -25 -26 26 -28 28 29 -31
leaf_value=0.013129288834825479 0.087733988424993636 0.11157605256547938 0.090442332465499986 -0.037036111032886884 0.11306304932166655 0.076780720111882278 -0.035169579722789716 0.089795384610802054 0.0072197420158018255 -0.011234685496957992 0.0042997105402400966 0.098387846123850209 -0.042266311350531605 -0.013302946480423515 0.13060227093184959 0.10306836493167496 -0.047581454110859671 0.085326693267325421 -0.041750132074478523 -0.028961382044983719 0.058860277755836743 -0.034665409978004554 0.03200170751458678 0.0059565683710898834 0.080373001991614457 0.10586650129408717 -0.042964016234377789 -0.029512295751536983 0.098883447820284034 -0.0053175021850766354
leaf_weight=9.2162279710173589 222.82741640508175 17.041480518877506 25.183700650930405 340.45695133507252 8.4748170375823957 13.36879640817642 276.60874392837286 6.6990264207124701 28.247146412730217 12.557184830307959 9.639489911496641 11.41458770632744 12.831099718809126 309.50537171959877 7.5642620772123328 6.2890399172902134 20.520882986485958 8.7445691078901273 18.358625389635563 9.7664682641625387 5.5490394085645667 189.38765402138233 18.790074028074741 27.986805588006973 66.140594497323036 6.411123842000964 13.506734974682329 49.397931657731533 6.0085437297821036 33.775098390877247
leaf_count=52 897 72 110 3610 46 54 2768 28 186 99 77 71 118 2807 34 43 191 71 167 88 54 1835 149 237 285 47 128 456 48 284
internal_value=0.00052793 -0.0119015 -0.0166563 -0.0185899 -0.0204694 -0.0213624 -0.0223684 -0.0175316 0.0548887 0.0473787 0.074374 -0.0183143 0.0252263 -0.0193853 -0.0148012 0.00771306 -0.00867802 0.0104782 -0.010413 0.0257663 -0.0174286 -0.0182219 -0.0106206 -0.0289678 0.0724287 -0.0322729 0.00771217 -0.02711 -0.0108586 0.0124587
internal_weight=1792.27 1569.44 1465.84 1440.65 1401.42 1392.94 1379.57 1039.12 103.604 39.2382 26.681 1032.42 24.2457 1008.17 683.658 71.2438 63.6796 43.1587 34.4141 16.0555 612.414 606.865 328.295 324.513 75.3568 296.527 19.9179 278.569 89.1816 39.7836
internal_count=15112 14215 13692 13582 13334 13288 13234 9624 523 248 149 9596 189 9407 6227 594 560 369 298 131 5633 5579 2956 3180 337 2943 175 2623 788 332
is_linear=0
shrinkage=0.05


Tree=13
num_leaves=31
num_cat=1
split_feature=24 11 2 15 20 31 22 11 37 22 11 11 4 2 1 13 15 13 14 23 9 12 10 6 14 13 15 7 7 13
split_gain=743.149 167.442 107.258 73.6744 50.8745 50.8167 44.4115 41.0901 40.5381 27.1752 23.7877 27.735 18.8031 17.7033 39.3399 18.8023 18.0657 25.0077 56.8196 22.5418 20.9223 40.8282 42.4888 17.7149 17.3291 53.365 25.1046 24.2252 15.9758 15.8043
threshold=0.0067001863033377485 12.315000000000003 92.790000000000006 0.92583425009167597 15.340489220554291 0.0016792623089504262 98.850000000000065 11.155000000000003 0 99.049999999999912 12.105000000000002 12.175000000000002 0.37249102616780821 82.250000000000014 56.920643092782335 0.98288335031014462 0.95835735262550847 0.96833924250656045 0.95862254746452957 0.00028078057551858283 12.595609180378494 -0.015714944100322811 12.510561848523299 39.136407255680908 0.96975482417650627 0.97956844530937948 0.96345287389977419 50.410945295718484 47.095740620354427 0.98614988489428013
decision_type=2 2 10 8 10 2 8 2 1 8 2 2 10 8 10 2 10 2 2 2 10 2 10 10 2 2 10 10 10 2
left_child=1 7 3 8 5 6 -5 -1 -3 -8 -9 -12 13 14 -11 -16 -15 18 23 -19 21 22 -21 -18 25 26 -23 -26 -13 -22
right_child=-2 2 -4 4 -6 -7 9 10 -10 12 11 28 -14 16 15 -17 17 19 -20 20 29 24 -24 -25 27 -27 -28 -29 -30 -31
leaf_value=-0.016538292907377568 0.084393569620758391 -0.016911357614421235 0.075441944364676716 -0.036834450989254364 0.069282387229862408 0.10185201116152756 0.076426210387257554 0.087624646034921816 0.093642419719911274 -0.013570622203893296 -0.028973368239045141 0.028073575651473039 0.056851574288533359 -0.042548462165235355 0.019895765397243345 0.12450187614060074 0.056920259124130596 -0.032605048505909527 0.15258562531270206 0.12149115588626172 -0.025672385621880296 0.053107307017778993 -0.026135993463466563 -0.040647755541416294 -0.041535216551466525 0.12578712031963252 -0.043196066064194703 0.051266900799202458 0.10470735405404077 -0.0036421394201513121
leaf_weight=19.886210106313229 222.87512519955635 12.867559798061848 29.45336326956749 405.78552966564894 14.408574700355528 7.2346164733171454 6.7444109916687003 44.427945762872696 21.029263123869896 73.973660670220852 11.865506798028944 18.234207242727283 7.4176082909107199 84.723021402955055 9.940699830651285 7.2431180104613295 5.6142400726676049 238.31903719156981 5.9345104396343222 12.444011844694616 279.45926661789417 8.7307870760560053 7.169464834034442 14.863231249153612 44.630754642188549 7.6774528175592414 21.459742851555347 7.4347202852368346 10.980175867676733 115.22650810331106
leaf_count=145 905 89 120 4474 58 37 47 179 96 654 61 96 37 838 82 59 50 2397 34 67 2623 68 64 143 423 62 206 51 49 995
internal_value=-0.000783101 -0.0130363 -0.0174689 -0.0194473 -0.0212402 -0.0222406 -0.0229725 0.0475291 0.0523931 -0.0170749 0.0624479 0.033784 -0.0178166 -0.0184622 0.00245795 0.0684101 -0.0206964 -0.0182366 0.0288117 -0.0199466 -0.013911 0.00538292 0.0688778 -0.0124931 -0.00906978 0.0164175 -0.0145364 -0.0275671 0.0593885 -0.0192662
internal_weight=1778.05 1555.18 1449.79 1420.33 1386.43 1372.03 1364.79 105.394 33.8968 959.006 85.5078 41.0799 952.262 944.844 91.1575 17.1838 853.687 768.964 26.412 742.552 504.233 109.547 19.6135 20.4775 89.9335 37.868 30.1905 52.0655 29.2144 394.686
internal_count=15209 14304 13774 13654 13469 13411 13374 530 185 8900 385 206 8853 8816 795 141 8021 7183 227 6956 4559 941 131 193 810 336 274 474 145 3618
cat_boundaries=0 1
cat_threshold=2
is_linear=0
shrinkage=0.05


Tree=14
num_leaves=31
num_cat=2
split_feature=24 9 2 15 20 31 14 37 21 10 4 13 22 17 35 17 0 21 17 9 36 9 0 13 7 14 14 4 7 3
split_gain=674.525 164.723 99.9485 70.3726 57.8192 47.1835 42.5693 41.7938 28.2295 24.5559 18.2244 18.3424 14.2112 23.6232 13.8973 22.5294 17.7171 21.2844 13.643 12.2182 12.458 23.0361 31.204 22.7219 21.1626 21.3567 21.9276 22.8795 20.5894 17.4249
threshold=0.0067001863033377485 12.574831259649676 92.790000000000006 0.92583425009167597 15.340489220554291 1.0000000180025095e-35 0.95487075896103502 0 34.350000000000001 12.252933684817197 -0.018384832507255169 0.96220802316222176 91.050000000000026 10.505462995717428 0.00084021847327561672 10.44745796106008 0.43373156971507137 34.050000000000004 10.535408268613974 12.602373110197984 1 12.600443168041144 0.068251753591999906 0.98503153871488747 49.944588525594547 0.96664016958134613 0.96968131776382671 0.75719288729787759 45.66201487558758 -7.2911164086426004
decision_type=2 8 10 8 10 2 2 1 8 10 8 2 8 10 2 10 2 10 8 10 1 8 2 2 8 2 2 8 10 8
left_child=1 6 3 7 5 8 -1 -3 14 -8 -10 -12 13 -13 -5 -16 17 -17 -14 20 21 23 -23 -20 25 -24 -27 -28 -29 -22
right_child=-2 2 -4 4 -6 -7 9 -9 10 -11 11 12 18 -15 15 16 -18 -19 19 -21 29 22 24 -25 -26 26 27 28 -30 -31
leaf_value=-0.027476679438560237 0.080923261929234991 -0.026310040377871588 0.073755756096520228 -0.040852364505421589 0.077323879251061975 0.08639915937685122 0.071187700765973458 0.088758070509227585 -0.025765028204413218 0.016435650592005104 -0.045741869026943362 0.094230751345470737 -0.052508332594272095 -0.016228506548139673 0.06273682009346708 -0.029937990251425458 -0.039124706732289245 0.07059867419328314 -0.025324910654895325 -0.045052707785434402 0.012543910633383082 0.10778082339062052 -0.014514925212845659 0.023621373793600894 -0.052007230710254863 0.10404732284674711 -0.022161889974269051 -0.010180884276395533 0.099441525030895692 -0.025019369484010547
leaf_weight=17.503887727856636 218.06084381043911 11.31277772039175 28.274540469050407 273.0156130194664 13.695346638560293 8.9069253355264646 72.155447542667389 22.497237652540207 478.47854746878147 29.450291857123375 36.100164629518986 7.6815976575017002 17.927258245646954 10.388248868286608 7.0522911623120299 10.922893710434439 57.476002417504787 8.4982878565788251 88.203161053359509 21.268814899027348 38.759362459182739 8.3301259651780111 25.642316944897175 31.412702113389969 10.545324265956877 9.9454231038689596 15.479022726416593 6.5093618333339647 10.629315361380575 141.26615460962057
leaf_count=117 896 80 115 3106 55 44 330 101 4603 209 361 79 203 106 75 123 653 90 862 220 343 66 242 275 102 81 144 57 87 1294
internal_value=-0.00110445 -0.0129229 -0.0177323 -0.0196702 -0.0214823 -0.0225616 0.0432922 0.0506067 -0.0233644 0.0556327 -0.0188592 -0.0119373 -0.00909209 0.0332074 -0.0353757 -0.0172934 -0.0253441 0.0153575 -0.0109603 -0.00901069 -0.00691738 0.00173934 0.0212541 -0.0123817 0.0108647 0.0211964 0.0425502 0.021262 0.0595404 -0.0160223
internal_weight=1737.39 1519.33 1400.22 1371.94 1338.13 1324.44 119.11 33.81 1315.53 101.606 958.567 480.088 443.988 18.0698 356.965 83.9495 76.8972 19.4212 425.918 407.991 386.722 206.697 87.0809 119.616 78.7508 68.2054 42.5631 32.6177 17.1387 180.026
internal_count=15119 14223 13567 13452 13271 13216 656 181 13172 539 9125 4522 4161 185 4047 941 866 213 3976 3773 3553 1916 779 1137 713 611 369 288 144 1637
cat_boundaries=0 1 2
cat_threshold=2 81
is_linear=0
shrinkage=0.05


Tree=15
num_leaves=31
num_cat=0
split_feature=24 9 2 16 20 14 31 21 13 2 13 14 10 23 23 1 5 2 13 6 19 1 2 14 9 15 15 21 13 6
split_gain=604.162 134.761 90.4766 76.265 51.8757 39.7882 31.557 31.5963 23.0597 48.8947 22.9878 38.6903 39.2872 20.5569 20.4016 29.5067 21.908 21.9675 18.8539 18.0033 17.4867 17.2487 14.9911 31.2704 14.8502 15.549 16.4063 14.0234 14.9191 13.1002
threshold=0.0050377869268512778 12.574831259649676 92.665000000000006 -0.0022777723921344234 15.340489220554291 0.95487075896103502 1.0000000180025095e-35 32.655000000000008 0.99296607222989886 92.155000000000015 0.97738202927653928 0.97670650871396336 12.252933684817197 0.0051884804407030484 0.00028109628102706386 65.856975056661142 459.68806385722854 82.250000000000014 0.98011640631863328 39.381407763100135 10.767846909817493 84.593447862294468 92.155000000000015 0.9770812322572523 12.602322445576208 0.93588480236972327 0.95269675200254722 34.150000000000013 0.97036199813395219 39.467813119629859
decision_type=2 8 10 2 10 2 2 8 2 8 2 2 10 2 2 8 8 10 2 8 10 10 10 2 10 8 10 10 2 8
left_child=1 5 3 13 6 -1 7 -5 14 21 -7 12 18 -3 15 16 17 -9 -12 -20 24 -10 -17 -24 25 -16 -27 29 -29 -28
right_child=-2 2 -4 4 -6 10 -8 8 9 -11 11 -13 -14 -15 20 22 -18 -19 19 -21 -22 -23 23 -25 -26 26 27 28 -30 -31
leaf_value=-0.035022240157619913 0.076024003560537318 0.084147829144630593 0.065338316277039829 -0.043947663549024497 0.069175244925219523 0.096876245065853142 0.076055299678107258 0.083126886736371641 0.13066702297919924 -0.052728327572763772 0.084868727301089339 0.088245116374928032 -0.044018875422329184 -0.0010885664515324239 0.064030238837886097 -0.034758951666528391 -0.043271402337805784 -0.016148135681311349 -0.036434807271388904 0.051449573046661583 0.049270513463480548 0.022082958266390739 0.087095523181050905 -0.032560387414002002 -0.042450289770908443 -0.046597133788184947 -0.01866429837437359 0.038141904490391704 -0.04395851499519976 -0.002536682906633685
leaf_weight=14.959873072803019 220.9203397333622 21.139102920889858 31.774723216891289 149.51194494217634 14.928990900516508 20.605391323566437 7.2450135350227347 13.105407401919367 7.6942408382892626 10.513035386800764 14.873673945665358 24.710625395178795 18.59818684309721 10.357877247035502 5.3790321275591841 388.93598511070013 9.4286096096038836 8.7475107088685018 9.633157283067705 11.987140819430349 9.4768111780285818 7.1533705443143845 7.0945798605680492 15.804697580635546 48.357391081750393 36.783727563917637 228.05307146161795 5.410627841949462 52.041461072862148 280.4568162932992
leaf_count=103 937 102 135 1715 60 99 36 102 43 99 66 108 146 86 43 4216 77 75 56 59 97 62 56 161 529 391 2157 58 598 2615
internal_value=-0.000928462 -0.0124218 -0.016801 -0.0187996 -0.0206684 0.0392564 -0.0217599 -0.0223706 -0.0194907 0.0268976 0.0505594 0.0375493 0.0136428 0.0569466 -0.0205747 -0.0288934 0.0174674 0.0444203 0.0434188 0.0124121 -0.0150045 0.0830473 -0.0324486 0.00660414 -0.0160059 -0.0138368 -0.0146366 -0.0124809 -0.0357063 -0.00979192
internal_weight=1705.68 1484.76 1369.39 1337.62 1306.12 115.368 1291.19 1283.95 1134.44 25.3606 100.408 79.8028 55.0922 31.497 1109.08 443.117 31.2815 21.8529 36.494 21.6203 665.959 14.8476 411.835 22.8993 656.482 608.125 602.746 565.962 57.4521 508.51
internal_count=15087 14150 13513 13378 13190 637 13130 13094 11379 204 534 435 327 188 11175 4687 254 177 181 115 6488 105 4433 217 6391 5862 5819 5428 656 4772
is_linear=0
shrinkage=0.05


Tree=16
num_leaves=31
num_cat=2
split_feature=24 11 2 15 18 21 37 14 13 11 14 13 23 14 0 8 9 12 36 14 13 10 5 4 7 7 15 13 15 14
split_gain=536.99 125.494 90.1465 53.3077 47.0105 34.7618 32.0661 31.3531 27.8995 42.1986 22.6395 71.7297 26.7034 26.6227 35.9834 21.8425 20.7995 60.0008 20.7858 19.0386 18.1448 17.5938 16.8501 16.0924 15.4349 13.5198 18.4089 22.2185 45.9433 22.0852
threshold=0.0067001863033377485 12.315000000000003 92.750000000000014 0.92583425009167597 26.500000000000004 34.655000000000008 0 0.95487075896103502 0.99296607222989886 12.445000000000002 0.95817873819485044 0.96783160873987184 0.00028070175991533173 0.9595007108629513 0.54578600555662193 40.991476402189285 12.595869208719323 -0.015714944100322811 1 0.98033557091617862 0.9673209029202966 12.252933684817197 -0.282059774697486 0.22272066760701176 43.994952895525067 46.91509117779993 0.98043716585432528 0.97849975630708597 0.97128140860890066 0.97489284977279889
decision_type=2 2 10 8 8 10 1 2 2 2 2 2 2 2 2 8 10 2 1 2 2 10 8 8 8 8 8 2 10 2
left_child=1 7 3 6 -5 8 -3 -1 10 -10 24 -12 25 14 -14 16 17 -15 -17 22 -7 -9 -20 -18 -6 26 27 -13 -29 -30
right_child=-2 2 -4 4 5 20 -8 21 9 -11 11 12 13 15 -16 18 23 -19 19 -21 -22 -23 -24 -25 -26 -27 -28 28 29 -31
leaf_value=-0.028507726680036927 0.075557411287932322 -0.019855667370233209 0.067359373406722281 -0.034762326800122464 0.021658147295042996 0.099711026220446961 0.081599606509381944 0.065085025889497231 0.093038757034943992 -0.0305292219314196 0.14209086755813022 -0.039534037261495077 -0.024540076009774991 0.098946835598243243 0.10222720337931374 -0.011938004043320169 -0.027580706136091579 -0.015476701690313364 0.051788819906755962 0.0926413120619618 0.0052511255356428761 0.013542328877862889 0.0013479653390024516 0.057130417484423462 -0.038125860933651105 -0.038635493763490118 -0.05190354803614098 0.13784251935056238 -0.030315012182056379 0.035528988745394452
leaf_weight=13.125918142497538 203.29617086052895 11.629489973187447 31.540996007621288 330.68166434019804 11.074229896068571 9.0025385469198245 20.708968490362167 67.53112368285656 13.770279332995417 12.271009154617785 6.456230290234088 26.731665506958961 9.5629235580563563 12.782329045236109 11.498796150088308 108.82019854336977 231.2544189542532 66.94174499809742 20.719681434333324 7.3218214660882941 10.578294001519678 22.64561128616333 69.890741385519505 4.8406395241618148 138.04169620573521 129.46730544418097 24.074782356619835 5.7190771400928488 28.004947900772095 21.70543821901083
leaf_count=85 862 85 132 3928 100 44 93 296 78 119 36 287 83 75 82 1009 2283 640 178 62 65 142 638 31 1475 1406 253 57 285 205
internal_value=-0.000428881 -0.0109219 -0.0149232 -0.0169035 -0.0184789 -0.0129575 0.0456133 0.0419727 -0.0143213 0.0358361 -0.0157552 -0.012336 -0.0137957 -0.00767568 0.046166 -0.00992975 -0.0181803 0.00386754 0.00269997 0.0182805 0.0514149 0.0524319 0.0133216 -0.0256102 -0.0335712 -0.0278192 -0.0144003 -0.00291908 0.0151267 -0.00143135
internal_weight=1681.69 1478.39 1375.09 1343.55 1311.21 980.531 32.3385 103.303 960.95 26.0413 934.909 785.793 779.337 543.633 21.0617 522.572 315.819 79.7241 206.752 97.9322 19.5808 90.1767 90.6104 236.095 149.116 235.703 106.236 82.1611 55.4295 49.7104
internal_count=15114 14252 13729 13597 13419 9491 178 523 9382 197 9185 7610 7574 5081 165 4916 3029 715 1887 878 109 438 816 2314 1575 2493 1087 834 547 490
cat_boundaries=0 1 2
cat_threshold=2 201
is_linear=0
shrinkage=0.05


Tree=17
num_leaves=31
num_cat=0
split_feature=24 11 4 15 20 31 21 11 22 22 13 15 18 22 22 13 14 9 14 13 13 0 15 14 14 23 6 23 14 11
split_gain=499.676 126.066 75.3925 46.6332 42.354 36.5579 32.8263 30.6785 17.8483 50.1559 109.313 23.3564 20.721 21.9445 26.5403 20.4086 64.8494 19.0756 21.6484 68.4363 19.2326 30.9145 18.6507 20.5487 33.8467 24.5209 22.9663 17.5591 19.3038 16.4729
threshold=0.0067001863033377485 12.325000000000001 0.75719288729787759 0.910999767058708 18.226976976324455 0.0016792623089504262 32.655000000000008 11.155000000000003 90.21792749529186 91.050000000000026 0.98098354405143817 0.93355155108255727 26.500000000000004 94.197457627118624 92.744211053947467 0.97011015308752102 0.95557382685642278 12.602322445576208 0.95817873819485044 0.96833924250656045 0.99296607222989886 0.89435336768913187 0.98464190914619143 0.96664016958134613 0.96422356974965451 0.00028125440016200514 40.40535848450714 0.00056441372649085829 0.95992336592997896 12.105000000000002
decision_type=2 2 10 8 10 2 8 2 8 8 2 8 8 8 10 2 2 10 2 2 2 2 8 2 2 2 8 2 2 2
left_child=1 7 3 -3 5 6 -5 -1 -8 10 -10 -11 15 14 -14 16 -13 18 -15 -20 22 -22 23 24 25 -21 27 28 -27 -9
right_child=-2 2 -4 4 -6 -7 8 29 9 11 -12 12 13 17 -16 -17 -18 -19 19 20 21 -23 -24 -25 -26 26 -28 -29 -30 -31
leaf_value=-0.015875270771674339 0.072634992848930074 0.05883127858191 0.079582412295112689 -0.041560515081277116 0.0801060309177727 0.093702680173000666 -0.042375404433921765 0.077025139285373134 -0.048402097956800935 0.061380300300691949 0.23025439500549827 -0.028789948768063248 -0.024316385242173603 -0.03170329038335018 0.10990908593088344 -0.045135078044070714 0.15967964026684167 -0.042385282928252062 0.11121042156293699 -0.041441925971037991 0.080130701968573109 -0.036192460445011128 -0.049449730160711705 -0.0061052740829975463 -0.054446880969353517 0.087050758109252654 0.099767457495285872 -0.024079543428140129 -0.0025702572821269041 0.031831976929485944
leaf_weight=18.183035179972649 203.63670185208321 19.356956735253334 19.820043683052063 142.2076121494174 10.051430717110632 6.2688654363155356 60.572147414088249 41.925339162349701 7.0967872291803342 8.7552120015025121 5.4758941531181335 29.44338446855545 6.3813066482543928 128.1694712266326 6.8411650583148003 105.85290543735027 4.3691627234220496 57.533612616360188 10.571345306932924 32.783086836338043 13.097199954092504 8.8324480876326543 32.247435234487057 508.6690439209342 64.027537852525711 8.7616176009178179 5.5981623381376258 30.268104784190655 15.484057843685148 42.566970691084862
leaf_count=132 880 87 84 1734 41 30 705 175 84 63 55 356 73 1337 65 1303 50 645 61 359 78 84 331 4835 675 65 44 280 156 216
internal_value=-0.000512271 -0.0108194 -0.0148945 -0.0163626 -0.0175182 -0.0183345 -0.0189496 0.0423304 -0.016122 -0.0146259 0.0809863 -0.0158154 -0.0165045 -0.0137775 0.0479754 -0.0344216 -0.000549156 -0.0147202 -0.012819 -0.00946614 -0.0113904 0.0337449 -0.012855 -0.0110105 -0.0267716 -0.00731975 0.011663 0.00098113 0.0319812 0.0548956
internal_weight=1654.85 1451.21 1348.54 1328.72 1309.36 1299.31 1293.04 102.675 1150.83 1090.26 12.5727 1077.69 1068.93 929.266 13.2225 139.665 33.8125 916.043 858.51 730.34 719.769 21.9296 697.839 665.592 156.923 92.895 60.1119 54.5138 24.2457 84.4923
internal_count=15083 14203 13680 13596 13509 13468 13438 523 11704 10999 139 10860 10797 9088 138 1709 406 8950 8305 6968 6907 162 6745 6414 1579 904 545 501 221 391
is_linear=0
shrinkage=0.05


Tree=18
num_leaves=31
num_cat=1
split_feature=24 11 2 16 31 21 21 14 23 3 0 12 36 13 13 6 13 2 6 2 2 2 14 13 13 14 15 19 22 7
split_gain=477.413 105.641 77.8489 53.2123 38.7039 32.8537 29.294 26.7526 25.4413 29.689 16.7258 67.4458 18.0781 36.1395 20.2163 14.9462 13.7182 59.8365 16.8998 15.1176 29.3777 13.1882 14.2434 15.2782 12.9725 22.7298 17.6098 15.7858 14.3174 12.5208
threshold=0.0067001863033377485 12.315000000000003 92.790000000000006 -0.0018794821697080838 0.0016792623089504262 32.655000000000008 34.655000000000008 0.95130478125043727 0.00028109628102706386 -12.7353386052192 0.9986015941552856 -0.055069617757231591 0 0.98256966490124353 0.97956844530937948 40.723532842595652 0.98958686557372644 90.750000000000014 39.504475530657388 91.750000000000014 91.395000000000024 91.950000000000017 0.96658414577601304 0.97731523842680501 0.98820790978251993 0.98141230956929271 0.93355155108255727 10.767846909817493 98.850000000000065 43.994952895525067
decision_type=2 2 10 2 2 8 10 2 2 8 2 2 1 2 2 10 2 8 10 8 10 10 2 2 2 2 8 10 10 8
left_child=1 7 3 -3 5 -5 8 -1 9 15 16 -12 -13 14 -14 -7 24 18 -18 20 -19 22 -11 -24 25 26 -10 28 29 -28
right_child=-2 2 -4 4 -6 6 -8 -9 10 21 11 12 13 -15 -16 -17 17 19 -20 -21 -22 -23 23 -25 -26 -27 27 -29 -30 -31
leaf_value=-0.028743453937154065 0.072744554839971998 0.044168720867298061 0.065966013677075372 -0.040117471801946934 0.085496547534778658 -0.0050457028325734668 0.046369579957114819 0.050550085052722474 0.072879428430617441 -0.04782403943444475 0.13429253881619002 -0.023761633551044496 0.023228288979792743 -0.050202555132422361 0.12934468940436214 0.061424327988530453 0.032126230526483134 -0.027525395827556878 0.14416503506797773 -0.04861854831534717 0.087992124370770169 -0.0027013893802376805 0.048833446742891334 -0.028170190584251006 -0.053577917650825757 0.080107705470017235 0.018181689577937182 0.064152393138458122 0.062086697229224108 -0.018557699271423478
leaf_weight=11.46657197922468 202.88421489298344 36.576283700764179 29.768391340970993 136.19899693131447 8.30560454726219 72.959469236433506 18.702377490699291 85.873441785573959 4.7990198135375968 119.40104932337999 8.9650163948535901 39.12813937664032 11.36584066599608 8.7072867155075055 7.0735484883189192 8.5508665293455106 6.7984791472554189 16.563098356127743 7.4707193523645401 20.442498065531254 7.0282593369483939 37.479344829916954 5.7818219959735861 192.59452389925718 19.422649718821049 5.519674025475978 23.61129642277956 5.2708437889814368 4.8631699010729781 473.89799730479717
leaf_count=73 896 243 124 1713 38 708 108 420 33 1446 42 400 87 93 46 65 57 142 49 201 52 369 69 2209 202 49 218 54 42 4902
internal_value=0.00114929 -0.00901958 -0.0126894 -0.0145292 -0.0162519 -0.0169884 -0.0141586 0.0410121 -0.0152215 -0.0246043 -0.00908586 0.0130021 -0.00515719 0.0221298 0.0684954 0.00258729 -0.0118928 0.0109979 0.0963847 -0.0181977 0.00906792 -0.0308329 -0.0341319 -0.0256922 -0.0143922 -0.0128224 -0.0139774 -0.0149402 -0.0158958 -0.0167811
internal_weight=1637.47 1434.59 1337.25 1307.48 1270.9 1262.6 1126.4 97.34 1107.69 436.767 670.928 75.2398 66.2748 27.1467 18.4394 81.5103 595.688 58.3031 14.2692 44.0339 23.5914 355.257 317.777 198.376 537.385 517.962 512.442 507.643 502.372 497.509
internal_count=15150 14254 13761 13637 13394 13356 11643 493 11535 4866 6669 668 626 226 133 773 6001 501 106 395 194 4093 3724 2278 5500 5298 5249 5216 5162 5120
cat_boundaries=0 1
cat_threshold=274
is_linear=0
shrinkage=0.05


Tree=19
num_leaves=31
num_cat=0
split_feature=24 11 4 16 31 20 21 13 10 14 13 23 22 14 13 0 23 14 9 13 14 13 23 14 14 12 11 7 7 13
split_gain=431.791 100.28 73.2793 51.5512 38.0796 37.4787 34.5808 41.1208 28.084 20.9335 62.4468 20.3878 20.1364 18.2227 18.0735 39.0809 20.3789 17.7964 16.507 18.7028 26.0504 23.3463 30.3565 17.1388 31.1838 24.5218 45.8156 16.9268 17.9051 17.9857
threshold=0.0067001863033377485 12.345000000000001 0.75719288729787759 -0.0018794821697080838 0.0016792623089504262 0.7000627406265324 34.150000000000013 0.9673209029202966 12.252933684817197 0.95817873819485044 0.96833924250656045 0.003934245761835156 89.374707927462836 0.60191750796794097 0.99296607222989886 0.80005599104143343 0.00028022979392803253 0.95876536167256299 12.602322445576208 0.97785419576699473 0.96422356974965451 0.97816387943121341 0.00056282539456776494 0.96824070102591553 0.96975482417650627 -0.04465892293955976 12.505000000000001 48.357683187846526 46.818353508192665 0.98011640631863328
decision_type=2 2 10 2 2 8 10 2 10 2 2 2 10 2 2 2 2 2 10 2 2 2 2 2 2 2 2 8 10 2
left_child=1 8 3 11 5 -5 9 -8 -1 13 -11 12 -3 -7 16 -16 -12 -18 19 20 -19 22 -21 -23 27 26 -26 28 29 -25
right_child=-2 2 -4 4 -6 6 7 -9 -10 10 14 -13 -14 -15 15 -17 17 18 -20 21 -22 23 -24 24 25 -27 -28 -29 -30 -31
leaf_value=0.052679452656814708 0.069061746114428932 0.1021317371519924 0.078539009049705205 -0.031644834420680099 0.084298881183424407 0.047340899694888174 0.13154138186293024 -0.0040116102339168942 -0.0034888348446352711 0.101652468274764 -0.030625644350073752 -0.010858039352497642 0.015724639433802808 -0.038123511560559833 0.088829753969305619 -0.030146192508581457 0.059430598432657404 -0.001732745029726741 -0.042423475994041386 -0.013735643455756058 -0.046868451212056461 -0.051169152419165601 0.14130101235528647 0.072128888937254984 0.00037527695769159369 -0.019438371180797349 0.11265196814445198 -0.0060699987458265638 0.11951206618346713 -0.039800076222188722
leaf_weight=75.931302912533283 196.5444267988205 14.515902355313303 20.228647008538246 347.01185504347086 8.2437453866004926 5.7769524604082099 8.0048533529043215 14.624014772474764 31.145343258976936 11.159224785864351 147.52856033295393 13.132545359432696 12.678226329386233 110.80632013827562 12.323613733053209 13.548284880816935 8.160284757614134 61.727124497294426 37.739727906882763 5.9977584481239301 65.486440062522888 18.367329806089401 5.3101263865828514 7.6573529615998286 136.62868899852037 187.72866044193506 8.7338351756334287 11.596631094813345 8.7036943063139898 5.2887272238731384
leaf_count=359 888 71 88 4422 37 55 48 100 210 62 1646 105 87 1244 67 127 62 614 448 59 690 189 47 69 1239 1844 40 107 75 51
internal_value=-0.000190056 -0.0098458 -0.0136595 -0.0151667 -0.0169743 -0.017715 -0.0122721 0.0474772 0.0364607 -0.0138784 -0.0107994 0.0398362 0.0638343 -0.033522 -0.0126239 0.0277226 -0.014117 -0.00979147 -0.0109024 -0.00855222 -0.0251518 -0.00316991 0.0646341 -0.00532532 -0.00289378 -0.00754403 0.0078448 0.0425563 0.0677209 0.0268286
internal_weight=1612.33 1415.79 1308.71 1288.48 1248.15 1239.91 892.898 22.6289 107.077 870.269 753.686 40.3267 27.1941 116.583 742.527 25.8719 716.655 569.126 560.966 523.226 127.214 396.013 11.3079 384.705 366.338 333.091 145.363 33.2464 21.6498 12.9461
internal_count=15150 14262 13693 13605 13342 13305 8883 148 569 8735 7436 263 158 1299 7374 194 7180 5534 5472 5024 1304 3720 106 3614 3425 3123 1279 302 195 120
is_linear=0
shrinkage=0.05


Tree=20
num_leaves=31
num_cat=0
split_feature=24 11 4 16 20 18 15 16 14 13 9 23 11 7 0 11 5 26 0 23 9 9 18 13 7 13 5 6 20 14
split_gain=388.799 88.999 62.7968 45.189 33.9835 31.9795 30.4145 26.0055 25.3039 26.1574 24.5224 19.3928 18.9395 17.759 16.7861 36.6919 16.5256 14.8483 15.7285 12.5209 15.9222 13.3447 40.7377 16.2804 12.4166 20.9364 16.4446 16.5116 12.4141 12.2738
threshold=0.0067001863033377485 12.345000000000001 0.37249102616780821 -0.011053174577838774 15.340489220554291 22.500000000000004 0.92908345337922438 -0.0012877430232778463 0.97353941773043673 0.98011640631863328 12.150491341943969 0.001122177045505704 12.405000000000003 50.079769842457715 0.99944001118880077 13.905000000000003 219.54916261270316 1.0000000180025095e-35 0.28403196969289596 0.00056014564885041118 12.602025045662792 12.599855126258953 23.500000000000004 0.97011015308752102 47.154787384133769 0.99012500603607234 459.68806385722854 40.253764568441817 0.018080877533476324 0.95515813154461549
decision_type=2 2 10 2 10 10 10 2 2 2 10 2 2 8 2 2 10 2 2 2 10 8 10 2 8 2 8 10 10 2
left_child=1 7 3 -3 5 6 -5 -1 9 29 -11 17 -13 -7 19 -16 -2 18 24 20 -15 22 23 -21 26 -26 27 -8 -22 -9
right_child=16 2 -4 4 -6 13 11 8 -10 10 -12 12 -14 14 15 -17 -18 -19 -20 21 28 -23 -24 -25 25 -27 -28 -29 -30 -31
leaf_value=-0.043987680357697213 0.070388047592780875 0.055526930401492508 0.066315398496693351 0.10616492059858783 0.058354324474729602 -0.053488502549767926 0.0096852179573887285 0.0022194700727659403 0.084072034919559294 0.043997917973976806 -0.057347309862870927 0.068996609804271664 0.00037997215649581925 -0.044156446622121259 0.12713770688513767 -0.021204768000763784 0.0069010872847853405 0.058443643885534372 -0.019178667091648463 0.14198784085813984 -0.029444382283974741 -0.03008765959891424 -0.019598419570420092 0.017391126604151583 -0.025708153559450272 0.064962363413861343 -0.041921234283948193 0.078813297844070013 0.075059864956484229 0.060641818391522079
leaf_weight=8.7266839668154699 182.60208849608898 22.121639370918274 23.965196527540684 4.4919284358620635 14.604006230831144 62.741217344999313 75.357262142002583 11.856291159987448 25.930454052984715 9.0653723925352114 13.831572972238062 10.048366531729696 112.15408735722303 108.49937469512224 4.7849861010909107 14.159496396780012 11.099790230393408 5.8984476402401915 612.30262447148561 5.2712261751294118 5.1535012722015363 64.225507035851479 38.66833421587944 5.050708219408989 66.938808761537075 6.0691904649138442 12.38116083294153 8.8231495693325979 4.4128261581063271 37.22564223408699
leaf_count=64 847 118 110 31 61 814 703 67 117 43 94 87 1027 1439 59 190 50 29 6585 53 69 803 464 57 686 44 112 71 55 179
internal_value=0.000614695 -0.00861887 -0.0122603 -0.0138011 -0.0150796 -0.0160001 -0.011257 0.0350733 0.0424936 0.0265681 -0.0170606 -0.0119525 0.00653636 -0.029779 -0.0236449 0.0207594 0.0668042 -0.0148253 -0.0154519 -0.0273558 -0.0387181 -0.0152716 0.00436545 0.0879414 -0.00196151 -0.0173947 0.0097659 0.0177709 0.0213035 0.0468554
internal_weight=1588.46 1394.76 1288.12 1264.16 1242.04 1227.43 914.465 106.636 97.9093 71.9789 22.8969 909.973 122.202 312.967 250.226 18.9445 193.702 787.771 781.872 231.281 118.066 113.216 48.9903 10.3219 169.57 73.008 96.5616 84.1804 9.56633 49.0819
internal_count=15128 14231 13667 13557 13439 13378 9375 564 500 383 137 9344 1114 4003 3189 249 897 8230 8201 2940 1563 1377 574 110 1616 730 886 774 124 246
is_linear=0
shrinkage=0.05


Tree=21
num_leaves=31
num_cat=4
split_feature=24 11 4 15 21 22 14 37 31 22 22 13 14 11 23 22 14 9 3 36 18 6 15 18 9 14 36 14 5 36
split_gain=375.591 74.0719 62.0115 43.3263 32.7946 29.4717 28.5042 22.6613 19.8703 19.6728 32.858 18.9161 34.0451 24.9483 17.3329 27.8406 32.3966 19.2701 17.8979 16.7066 26.9292 15.0086 14.0782 28.5018 13.7222 13.3236 26.383 24.8406 42.4534 13.6696
threshold=0.0050377869268512778 12.345000000000001 0.75719288729787759 0.92583425009167597 34.710000000000008 94.473527914064832 0.95487075896103502 0 0.0016792623089504262 98.850000000000065 99.049999999999912 0.97738202927653928 0.97353941773043673 12.105000000000002 0.00028109628102706386 93.30320775713038 0.95557382685642278 12.599409830776574 -12.917353325165005 1 22.500000000000004 40.723532842595652 0.95004028197872104 24.500000000000004 12.602322445576208 0.96658414577601304 2 0.97107488109568363 40.4776980507879 3
decision_type=2 2 10 8 10 10 2 1 2 10 8 2 2 2 2 10 2 10 8 1 8 10 10 10 10 2 1 2 8 1
left_child=1 6 3 7 5 8 -1 -3 14 -7 -11 -8 13 -13 18 19 -17 -18 21 -16 -21 -5 -22 24 -24 29 27 28 -27 -20
right_child=-2 2 -4 4 -6 9 11 -9 -10 10 -12 12 -14 -15 15 16 17 -19 25 20 22 -23 23 -25 -26 26 -28 -29 -30 -31
leaf_value=-0.035630484047436753 0.064271323030115485 -0.018434204786089422 0.073307105023545246 -0.0096632962047192381 0.047142407273483559 -0.044799975854715401 0.08445754154980481 0.070693574538556514 0.078798283081788864 0.090614704380760941 -0.048798847706353871 0.034212553725282077 0.070116114053661902 -0.040326838058214652 -0.032683927584745018 -0.033579689654884441 0.16930005388282779 0.028638934332437596 0.017059331913048804 0.094659009152561507 -0.043101801779872911 0.05416917522511118 -0.00630618740600519 0.085533048516824112 -0.039113541936019174 0.0071411757686901988 -0.034900685550821466 -0.013902616945576533 0.15964857861351789 -0.044396050325908779
leaf_weight=13.204343996942042 196.81629087030888 9.919646792113781 19.611999303102493 71.873422235250473 19.486694157123566 124.43414504826069 18.931955888867378 21.544548586010933 4.7766907811164847 6.6973523125052425 8.4245896339416504 23.680795796215534 28.308663122355938 19.591136507689953 68.895281337201595 6.0766375362873069 4.7787088602781278 5.0583021715283394 9.2322860732674581 5.3588847443461409 27.535636380314827 9.5414769798517209 493.176618039608 7.1994170919060698 33.145756483078003 19.134975157678127 111.51270116865635 69.227222748100758 5.0349189117550877 103.94435007870197
leaf_count=90 946 79 88 729 108 1736 88 99 21 49 110 121 133 125 917 79 49 66 95 63 321 70 4690 87 402 231 1320 802 53 1371
internal_value=-0.000133264 -0.00943034 -0.0127655 -0.014178 -0.0156905 -0.0167536 0.031001 0.0428922 -0.0138726 -0.0382898 0.0147367 0.0410046 0.0285066 0.000316626 -0.0143684 -0.00931535 0.0540515 0.106288 -0.0225616 -0.010985 -0.00758313 -0.0016159 -0.00886128 -0.00701676 -0.00844252 -0.0279009 -0.0201295 0.00125398 0.0439912 -0.0416716
internal_weight=1566.16 1369.34 1265.62 1246.01 1214.55 1195.06 103.717 31.4642 1055.5 139.556 15.1219 90.5126 71.5806 43.2719 1050.73 651.225 15.9136 9.83701 399.501 635.312 566.416 81.4149 561.057 533.522 526.322 318.086 204.91 93.3971 24.1699 113.177
internal_count=15138 14192 13635 13547 13369 13261 557 178 11366 1895 159 467 379 246 11345 6674 194 115 4671 6480 5563 799 5500 5179 5092 3872 2406 1086 284 1466
cat_boundaries=0 1 2 3 4
cat_threshold=2 324 406 40
is_linear=0
shrinkage=0.05


Tree=22
num_leaves=31
num_cat=0
split_feature=24 11 2 16 23 20 16 31 21 16 0 12 1 35 6 2 6 2 11 13 8 7 35 22 9 1 1 14 1 3
split_gain=346.06 78.9328 64.904 38.3706 34.0289 27.8529 25.3873 25.2694 25.2916 19.6814 18.1444 74.1432 21.8826 23.6188 20.1684 18.8616 17.6027 17.5885 19.5112 16.3769 18.5288 14.9653 14.7729 13.8957 13.6311 13.0022 12.7662 12.6833 11.4566 11.7435
threshold=0.0067001863033377485 12.335000000000003 92.790000000000006 -0.0041249744733001777 0.0051884804407030484 18.226976976324455 -0.0012877430232778463 0.0016792623089504262 32.655000000000008 0.0017666895139060114 0.9986015941552856 -0.055069617757231591 75.707365578815526 0.00056203457622182318 40.688143937527464 91.210000000000022 39.83842127408105 91.845000000000013 12.065000000000003 0.99539921970112799 39.744273237548676 47.136297626987698 0.0002814919126838632 90.946022622556953 12.602847200858154 89.35984743668169 65.250152036595338 0.98244082337147687 89.298444638608842 -0.12342506517198103
decision_type=2 2 10 2 2 10 2 2 8 2 2 2 8 2 10 10 10 8 2 2 8 10 2 10 10 10 8 2 10 10
left_child=1 6 3 4 -3 7 -1 8 -5 17 12 -12 14 -14 15 27 23 18 -8 20 -15 -20 -16 -13 28 -18 -2 -10 29 -22
right_child=26 2 -4 5 -6 -7 9 -9 10 -11 11 16 13 19 22 -17 25 -19 21 -21 24 -23 -24 -25 -26 -27 -28 -29 -30 -31
leaf_value=-0.044248203826971519 0.010424303757375252 0.085692251896013649 0.060624348175225821 -0.037751331726323403 -0.026540834536615002 0.070102309520358674 0.062269473548017186 0.064087422486136955 -0.012715304780205414 -0.023396094736352003 0.12454412476410921 -0.02867075118892011 -0.026029423469634105 -0.029943912353928816 0.083017689792647786 0.075757578930385677 0.0002398819294579901 0.079121417649313366 -0.027990117235428737 0.074619106817404912 0.0029844628432710825 0.039677715788238616 -0.0069317789793146393 0.037255948242960871 -0.050469522977929948 0.080741804851675134 0.068196788356614302 0.060032505147897389 -0.041658059969509394 0.054678116373238883
leaf_weight=8.9548865184187871 10.549998477101324 16.853861495852474 28.874343872070312 126.34438186883926 10.248935140669344 8.495011702179907 25.546301558613777 8.8058633804321271 143.18626069277525 10.23339184373617 10.671743385493754 63.751796491444111 515.93514929711819 75.782300189137459 10.78150323033333 5.7459087148308745 13.117073439061643 29.330381296575069 16.531004272401336 4.9436750188469878 144.42995176464319 14.313059464097021 7.2166906818747512 8.245242662727831 11.730639457702635 7.1274123862385741 169.37826955318451 5.2706395685672751 12.151887372136114 10.905402816832064
leaf_count=67 49 77 126 1754 85 37 115 38 1425 66 50 688 6156 783 75 51 120 137 96 32 1508 72 58 100 153 46 829 39 114 93
internal_value=-6.83007e-05 -0.00873157 -0.012233 -0.014003 0.043817 -0.0153504 0.0327299 -0.0160209 -0.0166739 0.0402962 -0.0141067 0.00578572 -0.0162698 -0.0198442 -0.000142952 -0.00609445 -0.00914221 0.0480819 0.03084 -0.00751521 -0.0093928 0.00367077 0.0484844 -0.0207137 -0.000584826 0.0310485 0.0648857 -0.00974816 0.00318786 0.00694018
internal_weight=1535.45 1355.52 1250.62 1221.74 27.1028 1194.64 104.909 1186.14 1177.34 95.9541 1050.99 102.913 948.08 775.879 172.201 154.203 92.2415 85.7207 56.3904 259.944 255 30.8441 17.9982 71.997 179.218 20.2445 179.928 148.457 167.487 155.335
internal_count=15039 14161 13608 13482 162 13320 553 13283 13245 486 11491 1004 10487 8839 1648 1515 954 420 283 2683 2651 168 133 788 1868 166 878 1464 1715 1601
is_linear=0
shrinkage=0.05


Tree=23
num_leaves=31
num_cat=0
split_feature=24 9 4 15 20 18 7 15 11 14 10 15 23 14 14 6 23 0 21 3 23 14 14 14 2 12 7 7 14 7
split_gain=317.157 67.2216 51.4085 36.4724 37.8246 35.1248 27.9876 26.3021 32.9824 23.94 23.8458 23.3468 19.1276 18.6997 26.1357 23.5418 24.5532 17.6075 16.4574 20.565 21.9752 27.705 16.2284 15.1261 17.4807 30.0512 24.8427 24.8026 32.7074 35.3628
threshold=0.0067001863033377485 12.588778508771934 0.75719288729787759 0.92908345337922438 0.7000627406265324 22.500000000000004 43.994952895525067 0.97346064270936294 12.415000000000001 0.97670650871396336 12.252933684817197 0.95004028197872104 0.79627093372925517 0.95817873819485044 0.96061780726727908 39.61285714609037 0.001122177045505704 0.998879080824288 34.45000000000001 -20.500475476511753 0.00055951882476784566 0.96238079487272155 0.96589746817741962 0.96824070102591553 90.710000000000022 -0.95295415601091016 48.879481802265822 49.733170653512694 0.97751067929944735 50.461836168999504
decision_type=2 8 10 8 8 10 10 10 2 2 10 10 2 2 2 10 2 2 10 8 2 2 2 2 10 2 10 10 2 10
left_child=1 9 3 5 -5 -3 7 8 -6 10 -1 -10 -2 -8 17 -16 23 -15 19 -13 22 -22 -21 -17 25 -25 -27 -26 29 -29
right_child=12 2 -4 4 6 -7 13 -9 11 -11 -12 18 -14 14 15 16 -18 -19 -20 20 21 -23 -24 24 27 26 -28 28 -30 -31
leaf_value=0.0364119878365496 0.066427677125025938 0.087939678883744571 0.069631345083717863 -0.029919548574588589 -0.024064106556888887 -0.0082586311019817987 -0.033284588534573147 -0.013908271724559688 -0.018255057010204644 0.071887819280460299 -0.015451510966485935 0.005186538218017984 -0.0047347823036405657 0.010109464672912969 -0.021196536418298675 -0.032929934351941602 0.036361382115519612 0.085730583283327305 0.0098322684583897237 -0.0073198231475571614 0.21086256452812885 0.062179962801909211 0.10937837128000252 0.10403304772614308 -0.02583964091048091 -0.021864593212173402 0.065791808723579731 0.13701552866578587 -0.033368639543495004 0.010290165934933293
leaf_weight=54.81268210709095 167.28326559066772 16.169252522289753 18.007703304290771 306.1202071160078 17.668811529874802 20.866228215396404 98.092463597655296 50.563088245689869 8.706997409462927 23.50200217962265 36.016959019005299 6.3268668651580811 9.8681314736604673 40.99104980379343 347.23813156783581 45.077253475785255 36.384463213384151 8.5818308889865857 9.1904567182064039 6.2767840251326614 7.1478352397680265 7.0133024007081985 4.477302074432373 8.6728153526782972 81.930928751826286 25.778864301741123 10.583412878215311 8.1010164991021174 14.874440267682074 14.388509482145308
leaf_count=294 841 84 84 4312 184 162 1146 477 86 120 277 59 48 374 3782 510 285 49 65 73 53 66 48 71 841 242 95 64 148 136
internal_value=-0.000202781 -0.00856742 -0.0120104 -0.0132912 -0.0148545 0.0349482 -0.00945135 0.0131515 0.0335345 0.027934 0.0159021 0.0543118 0.0624593 -0.0130459 -0.00990962 -0.0128341 -0.000982108 0.024637 0.0700022 0.0868484 0.106585 0.146186 0.0464378 -0.00761251 -0.000510529 0.0256951 0.00472628 -0.0105348 0.0228241 0.059828
internal_weight=1510.71 1333.56 1219.23 1201.22 1164.19 37.0355 858.067 117.371 66.8084 114.332 90.8296 49.1395 177.151 740.695 642.603 593.03 245.792 49.5729 40.4325 31.2421 24.9152 14.1611 10.7541 209.407 164.33 45.0351 36.3623 119.295 37.364 22.4895
internal_count=15076 14187 13496 13412 13166 246 8854 1111 634 691 571 450 889 7743 6597 6174 2392 423 364 299 240 119 121 2107 1597 408 337 1189 348 200
is_linear=0
shrinkage=0.05


Tree=24
num_leaves=31
num_cat=1
split_feature=24 11 2 15 21 17 20 11 13 2 15 13 13 7 2 14 13 0 14 2 1 36 22 10 35 14 14 13 23 14
split_gain=302.438 57.3641 49.788 44.788 34.4921 31.1857 23.8961 21.4927 16.4752 40.678 16.978 23.2479 39.6405 28.7971 16.2583 32.4643 73.8325 21.0458 19.0606 18.3917 37.818 22.0679 26.2869 24.13 20.7398 17.816 15.5852 24.0209 15.4919 26.0037
threshold=0.0067001863033377485 12.315000000000003 93.155000000000015 0.92908345337922438 34.350000000000001 10.49495401907429 18.226976976324455 11.155000000000003 0.99296607222989886 92.155000000000015 0.98464190914619143 0.99012500603607234 0.99076032007309112 46.097319361784493 92.050000000000011 0.9770812322572523 0.98213093538780771 0.99915789472025407 0.60191750796794097 82.250000000000014 61.913343892890992 0 91.697823900902605 12.606894852520016 0.00027929060731764015 0.97068140245381229 0.95817873819485044 0.96833924250656045 0.00028109628102706386 0.98141230956929271
decision_type=2 2 10 8 8 10 10 2 2 8 8 2 2 10 10 2 2 2 2 10 10 1 10 8 2 2 2 2 2 2
left_child=1 7 3 5 -5 -3 8 -1 10 -10 11 14 13 -13 18 16 25 -17 -6 20 21 24 23 -23 -20 -16 -21 -28 -29 -30
right_child=-2 2 -4 4 6 -7 -8 -9 9 -11 -12 12 -14 -15 15 17 -18 -19 19 26 -22 22 -24 -25 -26 -27 27 28 29 -31
leaf_value=-0.017467481408654253 0.062276288755447197 0.072235110295195679 0.063457124205790458 -0.029370034641959017 0.07063422193643136 -0.022303366365466634 0.068663478964857624 0.04081918213410058 0.073730117295174688 -0.052565543636222359 -0.046581304697356989 -0.0029707596437391955 -0.023811734760100314 0.12739689881585778 0.03730202373414717 -0.041942565199022716 0.16730249910823469 0.062447701567597151 0.02652837475189361 -0.037610677401605397 0.12251036695114337 0.027283644388818543 -0.04796322776532972 0.13828036730467239 -0.035541385878078167 -0.051129866620296706 0.07380720565568008 -0.02753293494084327 -0.011715555024994159 0.073671650309793058
leaf_weight=19.245914988219738 172.22288455069065 24.977229826152325 21.146256476640701 276.59913154318929 5.6849733814597121 12.550651185214518 8.7685064524412137 76.72615409642458 16.614299818873409 9.1152554303407651 31.71629274636507 6.5214096158742931 17.047694273293018 10.854924172163008 11.942891046404844 24.816747009754184 8.3022045120596868 5.0098889619112006 16.838932223618031 85.127039685845375 5.3360490202903739 27.741608664393425 8.1083982214331609 5.1709877029061309 55.719389915466309 9.1725592836737615 6.6084911525249472 182.63848513364792 328.18352917581797 8.1774762719869596
leaf_count=134 890 136 96 3991 53 109 39 371 110 88 377 55 166 82 87 267 58 33 177 1043 40 270 122 50 598 88 38 2210 3293 74
internal_value=0.000139192 -0.00796929 -0.0108795 -0.0122307 -0.0139643 0.0408598 -0.00917689 0.029071 -0.0100234 0.0286945 -0.0112127 -0.00980508 0.0298721 0.0809702 -0.0115594 0.0134692 0.0499367 -0.0229515 -0.0135915 -0.0143435 0.00362104 -0.00298495 0.0230798 0.048286 -0.0184619 -0.00168776 -0.0178415 -0.0145744 -0.0158395 -0.00942743
internal_weight=1498.69 1326.46 1230.49 1209.35 1171.82 37.5279 895.218 95.9721 886.45 25.7296 860.72 829.004 34.424 17.3763 794.58 59.2443 29.4177 29.8266 735.335 729.65 118.915 113.579 41.021 32.9126 72.5583 21.1155 610.735 525.608 518.999 336.361
internal_count=15145 14255 13750 13654 13409 245 9418 505 9379 198 9181 8804 303 137 8501 533 233 300 7968 7915 1257 1217 442 320 775 175 6658 5615 5577 3367
cat_boundaries=0 1
cat_threshold=75
is_linear=0
shrinkage=0.05


Tree=25
num_leaves=31
num_cat=1
split_feature=24 11 2 16 31 21 11 23 13 13 0 12 36 13 13 7 23 35 0 2 15 11 1 13 23 19 13 9 9 11
split_gain=274.744 65.0053 47.6787 30.4901 27.8384 28.6825 21.2768 22.3409 20.6794 24.3627 17.4074 73.9894 20.7684 43.7268 22.8075 17.0529 16.1259 15.9497 20.8276 14.2862 14.2095 15.6823 13.3566 25.2139 14.434 13.6809 36.5232 12.7549 12.1388 18.8873
threshold=0.0083963115447521306 12.365 93.155000000000015 -0.0018794821697080838 1.0000000180025095e-35 32.655000000000008 11.155000000000003 0.00084352595509480362 0.98535411606936851 0.98011640631863328 0.9986015941552856 -0.055069617757231591 0 0.98256966490124353 0.98033611343456417 43.994952895525067 0.79627093372925517 0.0010732511937651798 0.14233577764163699 91.450000000000017 0.97995915074854678 12.415000000000001 71.98546470039561 0.98521444104766431 0.00056061668935848176 11.233698258638713 0.9673209029202966 12.600069412386999 12.600069412386999 12.435
decision_type=2 2 10 2 2 8 2 2 2 2 2 2 1 2 2 8 2 2 2 8 10 2 8 2 2 10 2 10 10 2
left_child=1 6 3 -3 5 -5 -1 8 9 -8 15 -12 13 14 19 20 -2 22 -19 -13 21 -7 23 24 28 -24 -27 -25 -17 -30
right_child=16 2 -4 4 -6 10 7 -9 -10 -11 11 12 -14 -15 -16 17 -18 18 -20 -21 -22 -23 25 27 -26 26 -28 -29 29 -31
leaf_value=-0.017538199050039345 0.064868494637695936 0.032756984406773292 0.061138599482909853 -0.038316135283194365 0.059752922385885733 -0.019756674727546029 0.026090870988347253 0.070497351811322245 0.074970252028940393 -0.054093797100974665 0.12609656616866133 0.0742969609192599 -0.025230922550393844 -0.050750671524428616 0.12689384235019449 -0.020850917846192397 -0.00062028329510884514 0.066105425570462326 -0.0052144919711183775 -0.016890470970187584 -0.041011623487747055 0.045311281458897151 -0.021663885097328903 0.080241787249943963 -0.041495154810869052 0.10104022993449709 -0.038298330125464748 -0.0052945211250535812 0.085270497406631923 -0.025780639629580687
leaf_weight=19.475081086158752 154.15127818286419 35.440698996186256 21.537318989634514 113.4940493889153 11.775219708681105 12.584300376474856 31.489226751029491 34.369278632104397 11.845927476882933 12.373980090022085 10.71538385003805 6.8303053453564653 51.451789993792772 11.937473647296427 7.9917179867625228 15.87635385990143 9.986230403184889 10.382648162543772 100.74894914776087 8.8652684390544891 8.769681937992571 29.678620524704456 659.29302230849862 11.780916742980482 25.963658154010773 7.2556145489215877 10.061755105853079 6.4348564445972434 8.3516294285655004 5.8551615923643103
leaf_count=139 825 251 100 1713 53 123 176 168 55 94 51 43 597 149 49 161 50 85 1008 79 86 277 8026 93 271 50 98 53 72 66
internal_value=0.000145371 -0.00755141 -0.0109422 -0.0123184 -0.0137521 -0.0145743 0.0291409 0.0393148 0.019173 0.00276893 -0.0118734 0.00810897 -0.00767706 0.0192933 0.0630337 -0.0140202 0.0609045 -0.0156847 0.0019788 0.0248652 0.0138574 0.0259277 -0.0182981 0.00180885 -0.0149011 -0.0205044 0.0224106 0.0513224 0.00864778 0.0408165
internal_weight=1466.77 1302.63 1193.08 1171.54 1136.1 1124.32 109.553 90.0784 55.7091 43.8632 1010.83 97.7919 87.0766 35.6248 23.6873 913.037 164.138 862.005 111.132 15.6956 51.0326 42.2629 750.873 74.2626 56.0468 676.61 17.3174 18.2158 30.0831 14.2068
internal_count=15061 14186 13554 13454 13203 13150 632 493 325 270 11437 968 917 320 171 10469 875 9983 1093 122 486 400 8890 716 570 8174 148 146 299 138
cat_boundaries=0 1
cat_threshold=13
is_linear=0
shrinkage=0.05


Tree=26
num_leaves=31
num_cat=1
split_feature=24 11 2 20 16 8 21 11 23 5 14 14 15 2 15 18 15 8 11 2 9 14 14 35 0 12 36 15 19 2
split_gain=259.04 63.1424 43.158 29.2683 29.1594 27.4875 28.6563 27.0286 17.0016 23.1195 17.1467 34.777 16.6925 13.7454 17.2654 12.6315 19.6672 15.7728 12.5983 13.1393 11.9808 11.8074 13.4874 11.107 10.6992 45.3748 17.7275 25.0005 15.4674 13.8021
threshold=0.013434098471603409 12.315000000000003 93.155000000000015 12.755856979820175 -0.027763250549941953 43.472937724812624 32.550000000000004 11.155000000000003 0.00028109628102706386 56.695997722359913 0.97664534841580197 0.97489284977279889 0.93355155108255727 92.105000000000004 0.97709739865245293 22.500000000000004 0.95125650662112593 38.145534081443309 12.105000000000002 91.750000000000014 12.59966731251169 0.96658414577601304 0.96711360829562942 0.0002799944055996687 0.9986015941552856 -0.055069617757231591 0 0.97720245374883041 10.767846909817493 90.895000000000024
decision_type=2 2 10 10 2 10 8 2 2 10 2 2 8 10 10 10 10 10 2 8 8 2 2 2 2 2 1 10 10 8
left_child=1 7 3 4 -3 6 15 23 9 13 11 -11 -10 21 -15 16 17 -6 -9 -20 -7 -8 -23 -1 28 -26 -27 -28 29 -14
right_child=-2 2 -4 -5 5 20 8 18 12 10 -12 -13 24 14 -16 -17 -18 -19 19 -21 -22 22 -24 -25 25 26 27 -29 -30 -31
leaf_value=0.023147712953490062 0.060580866201798082 0.054089864169782544 0.058192519263011659 0.053958861797420071 0.10329629837257299 0.084626122026497885 -0.041546015282212349 0.065219083990761234 0.063883509016466902 0.0047243784497040123 -0.033253272054586683 0.12326745878840942 -0.00090869339501381942 0.060414153106473183 -0.017982491071502228 -0.04558319182519488 -0.045491305810621489 -0.017661654333846793 0.0042042978752994667 0.066508857970983187 0.0038326067925935296 0.042258872550430503 -0.023517343117815375 -0.05149078127893536 0.10621425496891142 -0.024714076222388994 0.056333012208059266 -0.048078117671372905 0.058176363657702984 -0.017266160683807985
leaf_weight=7.7270555421710041 156.29845903813839 15.177925541996954 21.510857999324799 15.755931310355662 4.8094076886773127 8.8497183956205863 111.31581459566951 37.616023436188698 7.2516175135970107 36.334682013839483 16.732656963169575 6.4788300469517699 206.99273762851954 9.0967992544174212 22.130816601216793 95.521105829626322 11.072087217122315 4.5606415830552578 27.166668981313705 11.389499023556708 8.7763919793069345 7.2597250640392295 176.24877450987697 11.046732567250727 9.5428854525089246 36.740045845508575 20.233086712658409 6.9920031726360312 7.1973520740866652 341.59043673798442
leaf_count=50 860 80 101 80 48 58 1578 182 45 377 183 61 2064 72 261 1483 168 67 142 52 64 93 2275 84 42 424 144 88 66 3928
internal_value=-3.16956e-05 -0.00734256 -0.0104354 -0.0117274 -0.0126566 -0.0135791 -0.0145539 0.0317121 -0.011857 -0.020132 0.00840038 0.0250671 -0.00682051 -0.0253526 0.00602092 -0.0380208 -0.0022057 0.0483971 0.0448469 0.0238252 0.046763 -0.0286848 -0.0207003 -0.0211535 -0.00773534 0.0100907 -0.00566408 0.0212395 -0.0101069 -0.011107
internal_weight=1459.42 1303.12 1208.17 1186.66 1170.91 1155.73 1138.1 94.946 1022.14 385.598 59.5462 42.8135 636.54 326.052 31.2276 115.963 20.4421 9.37005 76.1722 38.5562 17.6261 294.824 183.508 18.7738 629.289 73.508 63.9651 27.2251 555.781 548.583
internal_count=15220 14360 13850 13749 13669 13589 13467 510 11701 4900 621 438 6801 4279 333 1766 283 115 376 194 122 3946 2368 134 6756 698 656 232 6058 5992
cat_boundaries=0 1
cat_threshold=274
is_linear=0
shrinkage=0.05


Tree=27
num_leaves=31
num_cat=1
split_feature=24 11 2 16 11 31 22 22 22 13 18 17 15 22 23 23 22 35 7 36 15 13 9 14 14 13 22 22 14 15
split_gain=237.142 47.9532 36.8001 27.2687 23.2106 22.6142 21.2337 20.8748 35.4499 91.3876 24.2601 33.1817 25.0595 28.2009 14.3285 14.0629 18.156 13.9629 14.9276 13.5743 20.8968 21.0014 19.4488 13.6794 12.9927 22.6741 12.8679 25.1669 12.3664 12.2421
threshold=0.013434098471603409 12.315000000000003 93.155000000000015 -0.0018794821697080838 11.155000000000003 0.0016792623089504262 94.402597593914166 90.21792749529186 91.050000000000026 0.98098354405143817 26.500000000000004 10.508891935614189 0.92908345337922438 93.289538580341954 0.75677009940775952 0.003934245761835156 89.299873587570715 0.0011218623134654157 43.994952895525067 0 0.97346064270936294 0.97526886445104688 12.599807960957936 0.98355664594836545 0.97654719227814424 0.98503153871488747 98.850000000000065 99.049999999999912 0.96831591780518433 0.97346064270936294
decision_type=2 2 10 2 2 2 10 8 8 2 10 10 8 8 2 2 10 2 8 1 10 2 8 2 2 2 10 8 2 10
left_child=1 4 3 15 -1 6 7 -5 9 -9 12 -12 -10 -14 -2 16 -3 18 24 20 21 -19 28 -22 25 29 -8 -28 -21 -15
right_child=14 2 -4 5 -6 -7 26 8 10 -11 11 -13 13 17 -16 -17 -18 19 -20 22 23 -23 -24 -25 -26 -27 27 -29 -30 -31
leaf_value=-0.020387237288624054 0.063074831722152752 0.0920012359436711 0.054974785605661519 -0.035761025679460268 0.039915765138203552 0.05220877073624125 -0.039704079972970263 -0.041968150951632206 0.070962364085485632 0.18073907155561192 -0.047927015743704143 0.072641027781079975 -0.047314361634346838 0.024053581285984806 -0.00044524842335891686 -0.015150523350071294 0.0070589663364137994 0.0078038453841093773 -0.01462028633842829 -0.021874110140560569 -0.029150711925402695 0.11400016457191031 -0.042507613464386286 0.04672373886128571 -0.030108802522926283 0.10666381915046791 0.078381643409442966 -0.047627400482109977 0.058938971103129123 -0.048815265904305863
leaf_weight=19.734022557735443 137.97745378315449 12.247097052633764 20.149094045162201 79.621034018695354 72.119280323386192 12.193679988384245 104.24234078079462 9.4938506744802016 8.0394986122846586 7.4348765090107909 7.3737408481538322 17.836073283106089 54.544145788997412 26.594991944730282 9.4690239876508695 10.990640468895434 12.322952747344969 8.217122398316862 681.87567830830812 7.5270293354988125 14.785297073423864 10.235727220773695 23.923874445259571 8.5250171497464162 12.294364616274832 6.3261140063405028 6.3140193074941608 7.6792597547173509 10.117571055889128 6.3095497265458098
leaf_count=144 789 67 97 1137 360 56 1690 139 55 72 113 165 866 249 49 90 89 78 7761 78 134 85 252 53 122 57 48 117 87 63
internal_value=-0.000802914 -0.00773982 -0.0104387 -0.0116141 0.0268801 -0.0129776 -0.0137337 -0.0113438 -0.00919751 0.0604674 -0.0105667 0.0368924 -0.0119677 -0.0128134 0.05902 0.0309385 0.0513411 -0.0104542 -0.0126576 0.00885763 0.0253528 0.0695427 -0.0112371 -0.000621474 0.0131003 0.0270533 -0.0337033 0.0106657 0.0251406 0.00905309
internal_weight=1426.51 1279.07 1187.21 1167.07 91.8533 1131.5 1119.31 1001.08 921.455 16.9287 904.526 25.2098 879.316 871.276 147.446 35.5607 24.57 816.732 733.401 83.3316 41.7632 18.4528 41.5685 23.3103 51.525 39.2307 118.236 13.9933 17.6446 32.9045
internal_count=15162 14324 13820 13723 504 13477 13421 11566 10429 211 10218 278 9940 9885 838 246 156 9019 8252 767 350 163 417 187 491 369 1855 165 165 312
cat_boundaries=0 1
cat_threshold=88
is_linear=0
shrinkage=0.05


Tree=28
num_leaves=31
num_cat=1
split_feature=24 4 9 31 15 18 21 14 20 0 12 36 13 7 35 7 7 7 2 7 22 11 15 13 7 6 13 14 13 5
split_gain=232.452 46.2186 44.6435 29.0635 25.7482 26.8821 24.7456 22.4107 20.4986 16.8724 62.3632 24.6528 34.1315 17.6472 23.4154 21.9981 18.7425 28.5524 20.9861 17.1248 16.7949 20.0193 17.8436 41.4494 15.5316 18.6967 14.1841 14.1079 28.5418 13.6437
threshold=0.006739684648622255 0.75719288729787759 12.588778508771934 1.0000000180025095e-35 0.92908345337922438 22.500000000000004 32.550000000000004 0.95487075896103502 18.226976976324455 0.9986015941552856 -0.055069617757231591 0 0.9817169286488151 46.662657771325406 0.000561876679158077 48.601115275028704 49.453059724233867 49.005647231777971 90.750000000000014 53.033041424830067 98.650000000000091 12.425000000000002 0.96170089699685091 0.96556270216009887 46.593167661772391 39.261746191035634 0.97956844530937948 0.97670650871396336 0.98011640631863328 307.65620492953553
decision_type=2 10 8 2 8 10 8 2 10 2 2 1 2 8 2 8 8 10 10 8 8 2 10 2 10 10 2 2 2 10
left_child=1 2 7 4 5 -4 -6 -1 9 13 -11 -12 26 24 29 -16 17 -17 -19 -18 22 -22 23 -21 -8 -26 -13 28 -9 -15
right_child=-2 -3 3 -5 6 -7 8 27 -10 10 11 12 -14 14 15 16 19 18 -20 20 21 -23 -24 -25 25 -27 -28 -29 -30 -31
leaf_value=-0.035955352948085148 0.057782153242470879 0.070769909340638357 0.080026382953051908 0.070361506104796356 -0.037704927608041339 -0.0073122799691173442 -0.0058421185094936021 0.046212973278079647 0.064656004280807894 0.1151194086013691 -0.032465015598835356 0.032545516576479874 -0.019811246568045098 -0.026903949298715119 -0.029666907452912502 0.00094559404598695016 -0.033791333828345337 0.1547795331522859 0.024886845447126729 -0.019667436188100115 -0.0088778788767674179 0.073701653606533316 -0.024487848479474501 0.15250691162977439 -0.011445891717785654 0.11259826770922764 0.11692913840878297 0.065426906293471976 -0.016784212780440549 0.052016992707103242
leaf_weight=13.562217354774473 153.31875202059746 17.712574750185013 14.229665622115133 9.7993354797363263 95.383644618093967 20.544970143586397 258.90348334237933 41.633810251951218 7.8673859238624564 10.916755795478819 36.966846466064453 16.415407422930006 26.483475930988789 392.83339488506317 64.317841980606318 20.878594733774662 34.033561382442713 5.9972327053546888 6.422693707048893 9.9099280759692174 12.587129689753057 15.974438056349753 42.086091417819262 4.2465765736997119 5.616100959479807 5.2143712863326073 7.0205375589430323 21.798790797591209 30.3831682279706 4.6636227220296851
leaf_count=103 900 92 77 43 1623 163 2771 240 37 51 446 122 340 5191 711 208 351 42 59 136 122 122 581 41 62 51 51 120 207 31
internal_value=-0.000127755 -0.00724615 -0.00841981 -0.0113532 -0.0121306 0.0296644 -0.0134966 0.0222514 -0.011127 -0.0117996 0.00784137 -0.00679399 0.0157609 -0.0139798 -0.0186573 -0.00539085 0.00499892 0.0375656 0.0944682 -0.00436364 0.00770245 0.0382395 -0.00820223 0.0386348 -0.00330356 0.0527452 0.0615744 0.0309563 0.0197693 -0.0258498
internal_weight=1407.72 1254.4 1236.69 1129.31 1119.51 34.7746 1084.74 107.378 989.355 981.488 97.803 86.8863 49.9194 883.685 613.951 216.454 152.136 33.2985 12.4199 118.838 84.8042 28.5616 56.2426 14.1565 269.734 10.8305 23.4359 93.8158 72.017 397.497
internal_count=15094 14194 14102 13432 13389 240 13149 670 11526 11489 1010 959 513 10479 7595 2373 1662 309 101 1353 1002 244 758 177 2884 113 173 567 447 5222
cat_boundaries=0 1
cat_threshold=18
is_linear=0
shrinkage=0.05


Tree=29
num_leaves=31
num_cat=1
split_feature=24 2 9 16 14 31 21 20 10 5 17 18 0 12 7 13 23 13 21 1 4 15 13 36 2 13 14 14 35 19
split_gain=212.635 48.1836 45.9912 29.1412 22.3982 21.3577 23.0616 18.7868 17.4726 16.3624 15.951 21.201 16.1399 54.42 15.7437 15.5219 14.6035 14.3491 11.942 11.8311 11.3717 10.8409 23.4086 23.1544 43.719 22.2185 17.8615 17.9504 17.7773 17.274
threshold=0.013434098471603409 92.790000000000006 12.588778508771934 -0.0022777723921344234 0.97670650871396336 0.0016792623089504262 34.350000000000001 18.226976976324455 12.252933684817197 219.54916261270316 10.438780449123131 23.500000000000004 0.99944001118880077 -0.015714944100322811 43.994952895525067 0.96759922263076348 0.003934245761835156 0.97750908248756285 32.550000000000004 74.984210760367105 0.37249102616780821 0.95785616075880242 0.97066068727995758 0 90.105000000000004 0.96947652679287477 0.96658414577601304 0.96683734823220291 0.00028078057551858283 10.767846909817493
decision_type=2 10 8 2 2 2 8 10 10 10 10 10 2 2 8 2 2 2 10 10 10 10 2 1 8 2 2 2 2 10
left_child=1 2 4 16 8 6 10 14 19 -2 11 -5 -12 -14 15 -8 -4 -10 -15 -1 21 29 23 -23 -25 28 -24 -28 -26 -16
right_child=9 -3 3 5 -6 -7 7 -9 17 -11 12 -13 13 18 20 -17 -18 -19 -20 -21 -22 22 26 24 25 -27 27 -29 -30 -31
leaf_value=0.056209152547082301 0.061142839796120688 0.057141301241156621 0.064333061331776395 0.090782552992235296 0.066700941566564628 0.0511306016791363 0.073132397953445297 0.06297847197764532 0.024077272854858313 -0.0098272888970622266 -0.032805967367455148 -0.040040266283484421 0.17101763216483395 -0.049627701274915142 -0.038317064256420119 0.0036817077375880408 -0.0060822965636080769 -0.040393771963898824 0.027233954329613338 0.0086527010819604563 0.041025402799429733 -0.012444903888530335 -0.031824290155634948 -0.039629892533254892 0.086921868789034296 0.13669102826590893 0.063430217180939108 -0.01058457571338638 -0.021741189452999278 0.033929697298398245
leaf_weight=21.953555162996054 137.85733622312546 28.108696267008781 17.917089335620407 5.6925324797630292 22.019162215292454 12.139730453491209 8.7855250239372236 7.9928885102272025 13.078920185565947 8.3536142408847791 224.53923282027245 4.9544200524687767 3.3514928482472923 13.317380785942079 68.785906404256821 45.921181611716747 11.793158061802385 21.714449092745781 7.0177989751100531 31.429293967783451 9.1718289256095868 35.394574552774429 107.23464254662395 8.9238364510238153 7.3115207515656966 10.756938621401785 7.348047859966754 487.32084814831614 6.2851565815508366 8.6055251657962781
leaf_count=123 842 138 102 64 122 56 69 39 95 45 3606 72 33 235 942 444 98 175 100 179 44 388 1347 107 63 88 78 5432 68 62
internal_value=0.000187137 -0.00645711 -0.00795481 -0.0109901 0.0227317 -0.0123325 -0.0130934 -0.00896546 0.011127 0.0570488 -0.0260815 0.0316949 -0.0286769 0.0102079 -0.00975038 0.0159476 0.0370945 -0.0161633 -0.023069 0.0288841 -0.0116258 -0.0123253 -0.0102493 0.0172304 0.0401525 0.0856341 -0.0134079 -0.00935937 0.0386434 -0.0299533
internal_weight=1405.08 1258.87 1230.76 1120.56 110.195 1090.85 1078.71 819.838 88.1762 146.211 258.873 10.647 248.226 23.6867 811.846 54.7067 29.7102 34.7934 20.3352 53.3828 757.139 747.967 670.576 68.672 33.2775 24.3536 601.904 494.669 13.5967 77.3914
internal_count=15256 14369 14231 13537 694 13337 13281 9171 572 887 4110 136 3974 368 9132 513 200 270 335 302 8619 8575 7571 714 326 219 6857 5510 131 1004
cat_boundaries=0 1
cat_threshold=82
is_linear=0
shrinkage=0.05


Tree=30
num_leaves=31
num_cat=0
split_feature=23 16 2 16 11 21 11 35 23 1 2 16 9 20 14 21 5 1 13 21 12 6 14 2 8 20 0 13 11 9
split_gain=144.767 60.9609 41.5836 40.9115 29.0166 24.4005 21.4833 19.2124 17.8311 16.8277 17.3596 16.3963 18.4401 16.0588 15.576 15.6306 15.5683 17.2838 13.3348 13.8995 22.5049 14.6318 12.8388 11.7453 11.4938 10.6357 10.4125 13.1608 13.8001 10.2962
threshold=0.0014003641221260279 0.0017666895139060114 93.155000000000015 -0.0041249744733001777 12.105000000000002 32.550000000000004 11.085000000000003 0.0014023278918317698 0.00028109628102706386 65.856975056661142 91.950000000000017 0.0011318841480901798 12.602322445576208 12.755856979820175 0.96658414577601304 34.350000000000001 181.8694832242326 76.685579362102729 0.97731523842680501 33.95000000000001 0.0038799934536210925 38.212169840517433 0.9770812322572523 92.210000000000022 40.991476402189285 -0.028365492377231152 0.59584616430464943 0.97923923390971435 12.385000000000003 12.599551296645654
decision_type=2 2 10 2 2 8 2 2 2 8 10 2 10 10 2 10 8 10 2 8 2 10 2 10 10 10 2 2 2 10
left_child=2 6 3 -1 -5 -6 -2 -8 9 29 13 12 24 14 -11 18 17 -3 -16 20 -20 -21 -12 -24 -10 -9 27 -23 -29 -7
right_child=1 16 -4 4 5 8 7 25 11 10 22 -13 -14 -15 15 -17 -18 -19 19 21 -22 26 23 -25 -26 -27 -28 28 -30 -31
leaf_value=0.075580388647108684 -0.025639536942801706 0.06469902518351292 0.068456683897197293 0.055730219611786772 -0.033939600489762127 -0.026449008604551585 0.052954919324693595 0.00361861449292719 -0.0036252229328390751 -0.040350961918866182 0.049932669303415271 0.068802411284305656 -0.039033627665338237 0.06327349982969295 0.044052487517677485 0.052695316239364937 -0.054540677465204038 -0.024579136134558421 0.10789934004628587 -0.048695670230462618 -0.042568048370337536 0.055257734325405795 0.043762621008700958 -0.032433358569454666 0.022809693808773887 0.057816264842991322 -0.028374660623766115 0.065735005416374073 -0.018941120697762912 0.035403145368649039
leaf_weight=13.21188050508499 10.505043588578699 7.188373655080798 16.746142610907555 15.630296111106871 102.51641358062625 8.5806436687707919 181.48422956839204 37.079081393778324 479.76826611161232 107.62369065731764 13.311246506869791 6.9083763621747485 33.648326262831688 4.3078046590089789 7.054269738495349 6.8778925389051428 19.276544127613306 15.076392594724892 4.2317248992621881 47.026300325989723 3.952357891947031 8.0926772654056531 6.2032929211854961 16.179209642112255 43.968388348817825 11.040960095822809 74.597573552280664 4.3989525362849227 44.459708135575056 22.561270244419575
leaf_count=69 76 68 87 81 1668 76 1184 330 5197 1665 109 78 484 22 84 94 199 153 53 669 68 97 65 208 396 97 981 40 545 182
internal_value=0.000764257 0.0326592 -0.00748559 -0.00873099 -0.0098501 -0.0108821 0.0423145 0.0455212 -0.00834416 -0.0167105 -0.0198628 -0.00269862 -0.00370645 -0.0236304 -0.0250453 -0.016678 -0.022831 0.00578712 -0.0193978 -0.0220163 0.0385109 -0.0249892 0.0128811 -0.0103472 -0.00136674 0.0169779 -0.0162112 -6.41383e-05 -0.0101519 0.0180681
internal_weight=1373.51 281.651 1091.86 1075.11 1061.9 1046.27 240.109 229.604 943.752 379.459 348.317 564.293 557.385 312.623 308.315 200.691 41.5413 22.2648 193.814 186.759 8.18408 178.575 35.6937 22.3825 523.737 48.12 131.549 56.9513 48.8587 31.1419
internal_count=15125 2107 13018 12931 12862 12781 1687 1611 11113 4958 4700 6155 6077 4318 4296 2631 420 221 2537 2453 121 2332 382 273 5593 427 1663 682 585 258
is_linear=0
shrinkage=0.05


Tree=31
num_leaves=31
num_cat=2
split_feature=24 11 4 15 22 22 23 14 36 5 11 18 14 8 37 7 6 9 11 23 13 5 5 14 15 22 13 13 20 15
split_gain=182.916 44.611 32.7034 24.1335 20.7441 21.796 36.3473 33.9304 17.3082 16.8034 16.3422 15.1596 32.2228 14.5027 14.2133 14.2105 14.1327 14.2662 13.8282 13.8016 18.74 11.8079 24.3628 15.9703 19.18 19.9869 14.2156 29.3853 11.7958 11.6335
threshold=0.0083963115447521306 12.315000000000003 0.75719288729787759 0.92583425009167597 94.402597593914166 93.30320775713038 0.00056077387895932078 0.95557382685642278 0 307.65620492953553 11.155000000000003 22.500000000000004 0.94986089614610758 40.554269431908871 1 50.709612079288597 39.94947205648257 12.600776698320187 12.105000000000002 0.00028117531836493456 0.99296607222989886 89.634781093772347 64.388027314974423 0.97664534841580197 0.97627687483566883 89.299873587570715 0.98661692455753014 0.98701645386102477 0.060084943713721223 0.97735925336872753
decision_type=2 2 10 8 10 10 2 2 1 10 2 10 2 8 1 10 10 10 2 2 2 10 10 2 10 8 2 2 10 10
left_child=1 10 3 14 5 8 -7 -8 11 -2 -1 12 -5 16 -3 -6 -10 -18 -12 20 -15 22 23 24 25 -21 -25 -28 -9 -20
right_child=9 2 -4 4 15 6 7 28 13 -11 18 -13 -14 19 -16 -17 17 -19 29 21 -22 -23 -24 26 -26 -27 27 -29 -30 -31
leaf_value=-0.014282876210514855 0.058911240387509972 -0.012136253070255992 0.062331708849175507 0.12878573797391266 -0.035481151072213772 -0.027747144482589116 -0.020830816673904465 0.1598784777690464 -0.018040850538483422 -0.015199807380353257 0.061025583204894519 -0.042226477761029259 -0.033551422632659568 -0.016372488806439732 0.058185179488481432 0.046396094912325492 0.018853710713406167 -0.039880024327692949 -0.00079799986752571671 0.086097133784047791 0.078983896418689581 -0.020357756631075592 0.080620235796269479 -0.051336924125554684 0.06293709357839522 0.0035533890092498722 0.092233895086933415 -0.016778254173866247 0.051416493965569424 0.060335974426050432
leaf_weight=18.127956867218018 127.87990285456181 10.682300716638565 14.812033638358114 3.3614014200866213 107.32200587913394 14.654054153710602 6.0151365399360683 6.9742231369018537 370.1670411452651 7.7426391690969458 33.638683006167412 75.759489484131336 9.3179240301251394 148.11349706351757 19.22644354403019 4.735835298895835 51.56219770014286 11.894720394164322 27.410388723015785 6.7841732688248149 4.3570933118462554 36.384593166410923 10.591336622834204 17.891482409089804 17.287350665777922 128.74676835164428 6.3383484482765189 38.227545514702797 5.6395471729338169 9.8530357480049116
leaf_count=135 834 89 82 43 1812 250 77 58 4352 42 181 1262 164 1892 100 73 504 146 140 59 32 352 101 207 155 1377 56 379 49 49
internal_value=-0.000256825 -0.00641556 -0.00911449 -0.0101213 -0.0113564 -0.00898306 0.0302133 0.0748976 -0.0104064 0.0546 0.0274664 -0.0304285 0.0157541 -0.00783525 0.0334889 -0.0316411 -0.0143099 0.00739642 0.0381909 -0.00123586 -0.0131506 0.00571492 0.00998615 0.00615433 0.0148369 0.00828556 -0.0149889 0.00040984 0.118725 0.0165212
internal_weight=1351.5 1215.88 1126.85 1112.03 1082.13 970.068 33.283 18.6289 936.785 135.623 89.0301 88.4388 12.6793 848.346 29.9087 112.058 433.624 63.4569 70.9021 414.722 152.471 262.252 225.867 215.276 152.818 135.531 62.4574 44.5659 12.6138 37.2634
internal_count=15052 14176 13671 13589 13400 11515 434 184 11081 876 505 1469 207 9612 189 1885 5002 650 370 4610 1924 2686 2334 2233 1591 1436 642 435 107 189
cat_boundaries=0 1 2
cat_threshold=100 2
is_linear=0
shrinkage=0.05


Tree=32
num_leaves=31
num_cat=1
split_feature=24 4 11 31 21 15 11 5 20 13 14 13 36 13 0 18 13 2 14 14 9 11 13 13 14 9 5 11 0 13
split_gain=170.77 37.404 34.861 21.9925 24.3936 22.1661 20.8812 18.603 16.1465 32.0861 15.4919 49.3627 23.541 26.1409 24.5461 22.9492 21.191 34.9134 25.6604 35.5801 19.2361 15.0901 20.9174 30.0113 14.1814 13.735 13.5381 15.8609 35.9737 28.2152
threshold=0.013434098471603409 0.75719288729787759 12.345000000000001 0.0016764471125200952 34.050000000000004 0.92583425009167597 11.155000000000003 307.65620492953553 0.7000627406265324 0.9673209029202966 0.95817873819485044 0.97053412842885989 0 0.96875558981680743 0.62053958312691537 24.500000000000004 0.97785419576699473 76.240000000000023 0.96683734823220291 0.96652452294966062 12.602373110197984 12.105000000000002 0.98304647451284699 0.9786299465189443 0.59704482234658074 12.599807960957936 101.13448418751763 13.895000000000001 0.98404031137368164 0.98240585289708882
decision_type=2 10 2 2 8 8 2 10 10 2 2 2 1 2 2 8 2 8 2 2 10 2 2 2 2 10 8 2 2 2
left_child=1 2 6 4 -4 -6 -1 -2 10 -10 24 12 13 -12 -14 -13 17 25 19 -18 26 -8 23 -23 -7 -17 27 28 -20 -29
right_child=7 -3 3 -5 5 8 21 -9 9 -11 11 15 14 -15 -16 16 18 -19 20 -21 -22 22 -24 -25 -26 -27 -28 29 -30 -31
leaf_value=-0.026222773500949339 0.058872530235818094 0.068385481435940004 -0.028685808896458949 0.051606035061982837 0.053711076156661632 0.062433053622700956 0.057750378880654409 -0.017832108560162489 0.099916040957635122 -0.016249003476390102 0.05487088760370689 -0.044539701573205137 0.014976040510842155 -0.051946877791509152 0.12923404618335435 -0.0033694319240858668 -0.02326804610511686 -0.033829005185832588 0.0024297507229382957 0.14362671266169844 -0.043428760807733065 0.032083219400593409 0.071337345465111113 -0.060054136294096838 -0.027937009617380711 0.088344097812398159 -0.018226222779732786 0.017079395657274173 0.076688261156758447 -0.052231410471402874
leaf_weight=17.831728622317314 121.50624443590641 15.599449813365935 157.43653793260455 13.446561723947523 13.60587367415428 3.5711521133780471 33.133011728525162 8.014820069074629 9.121896907687189 13.841906782239674 8.6298320144414919 43.810096230357885 7.0593927204608944 13.177137788385151 15.023641005158423 7.7216076105833036 5.4748288467526418 122.6757747232914 311.08584723249078 5.9307776056230068 29.159506678581238 20.435353547334671 10.61613956838846 14.050802573561667 130.58553810790181 7.4962543323636055 103.64031786471605 25.564802631735802 16.216547694057226 32.321378346532583
leaf_count=137 824 89 2641 63 74 31 182 43 53 106 56 749 68 153 105 90 77 1584 3383 51 432 105 53 102 1826 68 1209 237 107 436
internal_value=-0.000309362 -0.00617373 -0.0072054 -0.00974011 -0.0105486 -0.00743635 0.0215304 0.0540258 -0.00840631 0.032139 -0.00948839 -0.00668705 0.0441844 -0.00634196 0.0662423 -0.00988455 -0.00754605 -0.02493 -0.00297951 0.0680973 -0.00467275 0.0326081 0.013286 -0.00609105 -0.0250873 0.0444699 -0.00227694 0.00205052 0.00633135 -0.0218508
internal_weight=1337.78 1208.26 1192.66 1096.6 1083.15 925.714 96.067 129.521 912.108 22.9638 889.144 754.988 43.89 21.807 22.083 711.098 667.288 137.894 529.394 11.4056 517.988 78.2353 45.1023 34.4862 134.157 15.2179 488.829 385.189 327.302 57.8862
internal_count=15134 14267 14178 13599 13536 10895 579 867 10821 159 10662 8805 382 209 173 8423 7674 1742 5932 128 5804 442 260 207 1857 158 5372 4163 3490 673
cat_boundaries=0 1
cat_threshold=18
is_linear=0
shrinkage=0.05


Tree=33
num_leaves=31
num_cat=0
split_feature=24 11 2 16 23 21 20 16 16 5 22 22 13 23 2 3 14 14 14 14 13 22 11 14 9 23 4 9 8 23
split_gain=162.552 35.8091 26.8576 19.6663 23.4155 18.1256 16.6739 15.4753 15.7162 14.5499 14.0696 43.5027 65.0151 17.2034 13.4901 32.5426 16.98 27.9433 22.3193 21.3507 41.4032 22.5251 21.3903 17.1511 16.8067 14.6313 14.5227 14.4009 13.1191 12.8028
threshold=0.006739684648622255 12.235000000000001 93.155000000000015 -0.0041249744733001777 0.010648733841728451 32.45000000000001 18.226976976324455 0.0017666895139060114 -0.00085259216757428496 307.65620492953553 90.21792749529186 91.050000000000026 0.98098354405143817 0.001122177045505704 82.250000000000014 -26.999090437314273 0.96877584893990709 0.96887617423440753 0.96422356974965451 0.95862254746452957 0.97036199813395219 93.46998987088682 12.445000000000002 0.96391174929425227 12.599551296645654 0.00083998321679900582 -0.16979741833671647 12.599049152795013 41.213448838378234 0.00027968116894291396
decision_type=2 2 10 2 2 8 10 2 2 10 8 8 2 2 8 10 2 2 2 2 2 8 2 2 10 2 8 8 10 2
left_child=1 7 3 4 -3 -5 10 8 -1 -2 -7 12 -12 14 15 24 18 -18 19 21 22 27 26 28 29 -26 -21 -16 -22 -13
right_child=9 2 -4 5 -6 6 -8 -9 -10 -11 11 13 -14 -15 16 -17 17 -19 -20 20 23 -23 -24 -25 25 -27 -28 -29 -30 -31
leaf_value=-0.02475829450676667 0.057845869007964727 0.072224156468329095 0.053055915368323631 -0.030084493989727758 -0.02458723276359116 -0.035042482707240516 0.060779556522947878 -0.027804734329441829 0.045682564408109277 -0.013288613253804036 -0.045885918139582642 0.038271640461876769 0.16628011278927715 0.0093249955650019471 0.084122511217936152 0.1133824540601939 0.096950180806771535 -0.0082108431509252174 -0.041029647408829438 0.043502023368186593 -0.035027704714607526 -0.037136937222170707 0.087465364492822148 0.075000882502332 0.0046357882022645003 0.079142779576508782 -0.047709313735265768 -0.015493446798658817 0.054769893727050406 -0.046502029564195274
leaf_weight=8.5100161209702474 120.50977578759193 14.919170685112478 16.956315815448761 97.567506965249777 9.6196452453732473 45.511421356350183 7.8556723296642295 10.169751957058905 57.548259235918522 7.2830227464437476 5.5898890756070596 4.6781503930687931 7.6652280762791634 121.14339776709676 5.7901871874928448 5.7941201105713835 5.4162003211677066 424.91208688914776 102.19660886004567 9.9436099939048272 48.519177798181772 85.659446474164724 16.713348090648651 3.4204198978841296 38.531884156167507 6.98518531769514 6.2762179635465172 7.237555582076312 3.5448433496057978 22.813511449843645
leaf_count=65 848 85 92 1747 82 711 41 70 312 39 92 46 60 1161 51 38 52 5062 1406 93 744 1257 117 38 392 58 77 116 39 238
internal_value=0.000334496 -0.00538366 -0.00763802 -0.00861359 0.0347957 -0.00962764 -0.00757536 0.0275627 0.0363741 0.0537202 -0.00818572 -0.0068393 0.0798641 -0.00817447 -0.0108379 0.00871524 -0.0129882 -0.00666556 -0.0223377 -0.0119643 0.00586174 -0.0278339 0.0494569 -0.0204319 -0.00101114 0.0175254 0.00748706 0.0316216 -0.0279968 -0.0312395
internal_weight=1329.28 1201.49 1125.26 1108.3 24.5388 1083.77 986.198 76.228 66.0583 127.793 978.342 932.831 13.2551 919.576 798.433 78.8029 719.63 430.328 289.301 187.105 88.4176 98.6872 32.9332 55.4844 73.0087 45.5171 16.2198 13.0277 52.064 27.4917
internal_count=15229 14342 13895 13803 167 13636 11889 447 377 887 11848 11137 152 10985 9824 772 9052 5114 3938 2532 1108 1424 287 821 734 450 170 167 783 284
is_linear=0
shrinkage=0.05


Tree=34
num_leaves=31
num_cat=0
split_feature=24 4 9 15 8 14 12 0 21 3 1 15 14 2 22 13 23 21 2 13 14 1 14 7 13 6 14 13 35 9
split_gain=153.536 31.8432 29.5176 21.7526 19.9605 18.9004 18.1111 102.547 19.2532 17.5569 16.383 13.6791 17.1798 13.1437 13.1684 12.4141 13.0022 12.7775 13.1504 11.8814 11.3709 21.1311 14.0027 16.4584 10.3859 9.70707 9.56968 9.35973 16.2325 10.8973
threshold=0.013434098471603409 0.37249102616780821 12.593698108572836 0.92583425009167597 45.402249188896718 0.97670650871396336 -0.04465892293955976 0.99748075572392059 34.260000000000005 -16.787938874172728 64.868925626652 0.971834736654556 0.95487075896103502 93.495000000000019 98.850000000000065 0.99296607222989886 0.0014011489696401627 34.710000000000008 82.250000000000014 0.93547034647528471 0.9770812322572523 89.33120227518944 0.97600304190198728 46.576540679741065 0.97808133049460311 39.474130425110445 0.96109717098250136 0.98984317563686075 0.00056093115673270784 12.602075370011091
decision_type=2 10 8 10 10 2 2 2 8 10 8 10 2 10 10 2 2 10 8 2 2 10 2 10 2 8 2 2 2 10
left_child=1 2 5 19 6 11 7 13 -8 27 -2 12 -1 14 15 16 17 18 -5 -4 21 22 -11 -24 26 -13 -23 29 -29 -10
right_child=10 -3 3 4 -6 -7 8 -9 9 20 -12 25 -14 -15 -16 -17 -18 -19 -20 -21 -22 24 23 -25 -26 -27 -28 28 -30 -31
leaf_value=-0.024699853008270718 -0.011909844208792628 0.055452382823027516 -0.0079209213466256596 0.032704812810200275 0.055035368148377645 0.057148276463225095 -0.034097308009912008 0.12681424802369845 -0.0049118540093784149 -0.021158909955796511 0.057948759893687474 -0.04670455913781487 0.036777599722844979 0.067336985061477422 0.058973218833503371 0.036832228206296655 0.023313380796014353 0.049687671717099001 -0.017898953228033185 0.058264643600009595 -0.034906421752366509 0.043956692095699482 0.085697464294767767 -0.01228051076066127 0.073677269758974359 0.008721017513944487 -0.040100076517925132 -0.014754295956038938 0.091094958817094437 0.067768492420065593
leaf_weight=14.578426230698822 8.7267883867025358 19.780921332538128 10.536407873034479 12.46861122921109 10.429648898541926 22.706600099802017 128.08712381869555 13.60574710741639 135.17851547524333 213.1529876254499 112.78563393652439 15.365407481789591 42.608303118497133 4.7037610709667197 5.980416163802146 12.478266198188065 23.36874883249402 6.6306203976273528 327.12617086619139 16.989907421171665 81.424935668706894 5.8742843978106993 5.9097670763731029 10.740097284317015 8.4468168839812261 14.756651502102612 5.6766977235674858 6.5518661476671678 6.48705193400383 4.3612745814025393
leaf_count=123 48 116 86 107 65 147 2350 78 1527 2677 826 121 281 20 73 93 225 44 4464 91 1023 37 62 136 61 103 75 61 45 50
internal_value=-0.000416094 -0.00591603 -0.00700354 -0.00957388 -0.010759 0.0175371 -0.0114863 -0.00329186 -0.016914 -0.0123038 0.0528754 0.00670487 0.0209502 -0.00810956 -0.00919481 -0.010413 -0.0121032 -0.0145539 -0.0159504 0.0335408 -0.0187523 -0.0133685 -0.0176916 0.0253812 0.034787 -0.0201441 0.00274359 0.0017258 0.0406449 -0.00217421
internal_weight=1307.52 1186.01 1166.23 1056.21 1028.68 110.015 1018.25 406.362 611.891 483.804 121.512 87.3088 57.1867 392.757 388.053 382.072 369.594 346.225 339.595 27.5263 331.226 249.801 229.803 16.6499 19.9978 30.1221 11.551 152.579 13.0389 139.54
internal_count=15215 14341 14225 13450 13273 775 13208 5104 8104 5754 874 628 404 5026 5006 4933 4840 4615 4571 177 4071 3048 2875 198 173 224 112 1683 106 1577
is_linear=0
shrinkage=0.05


Tree=35
num_leaves=31
num_cat=0
split_feature=23 16 16 4 11 22 22 22 5 13 0 14 13 21 22 23 0 13 11 22 22 8 15 5 13 13 9 15 9 15
split_gain=113.195 42.043 30.5623 22.7679 21.0052 18.2951 19.4332 33.1725 21.4036 26.5129 25.9125 23.7464 21.2022 20.1955 19.874 19.2009 18.4618 18.331 16.462 16.3967 29.2271 16.2001 15.8675 15.406 15.1268 25.3527 13.9205 13.3568 24.7514 17.9367
threshold=0.0014003641221260279 0.0017666895139060114 -0.0041249744733001777 0.75719288729787759 12.345000000000001 94.402597593914166 90.21792749529186 90.308222213439549 58.888705862202862 0.94156592096146374 0.99943875402290605 0.95862254746452957 0.97066068727995758 34.210000000000008 93.593127824858811 0.00083974809202651843 0.43744740506474039 0.97785419576699473 12.425000000000002 98.850000000000065 99.049999999999912 42.021627257746466 0.9806304005856491 181.8694832242326 0.98304647451284699 0.98011640631863328 12.599202950047133 0.97735925336872753 12.595609180378494 0.97643491434060958
decision_type=2 2 2 10 2 10 8 8 8 2 2 2 2 8 10 2 2 2 2 10 8 8 10 8 2 2 10 8 8 10
left_child=2 21 -1 4 24 6 -6 -8 11 -10 13 -9 -13 14 -11 -16 26 18 -14 -7 -21 -2 -12 -3 25 -4 -15 29 -29 -19
right_child=1 23 3 -5 5 19 7 8 9 10 22 12 17 16 15 -17 -18 27 -20 20 -22 -23 -24 -25 -26 -27 -28 28 -30 -31
leaf_value=0.072089823857932972 0.021346121604779059 0.011453888865893202 0.030697581899870565 0.058859231067860354 -0.03481022789950694 -0.03881349419165199 0.11783053307788223 -0.041244904900639166 0.092814613628858858 -0.04906637809494438 0.0060335326075633081 0.032466611724127376 0.015858386510477909 -0.030134308738956506 -0.017148318874713919 0.10436745148712179 0.036293107403631147 -0.0049613670706849808 -0.042744096938549699 0.10594332341072921 -0.045676115881193351 0.05014563596800882 0.13739741397509075 -0.050849585938711972 0.066506525236129446 -0.054429400617106133 0.0062705974047501294 0.066041149985154229 -0.022038843487799928 0.034440260170040392
leaf_weight=10.924044370651243 83.166799604892731 20.656905297189951 28.386162705719471 11.426332741975783 64.508176393806934 85.851084813475609 4.336422123014926 64.0869095697999 7.2720714285969725 35.428580142557621 4.0957519561052305 28.027498200535774 13.928520105779169 33.12288087233901 9.9542027078568918 3.6769012734293929 38.738192219287157 167.55186781287193 68.630299896001816 4.8212883248925182 6.1183043681085119 126.1401460506022 4.5348550900816917 17.583266202360392 12.724612355232237 11.461041789501904 113.00354721024632 7.4587165489792815 151.9245172701776 33.86005986481905
leaf_count=65 681 207 150 71 1095 1655 32 989 37 662 72 240 187 388 177 41 468 1950 985 39 112 965 39 195 73 88 1229 60 1796 349
internal_value=-0.000201156 0.0300758 -0.00752943 -0.00845652 -0.00928084 -0.0109874 -0.00862997 -0.00644988 -0.00728514 0.00478682 0.0017774 -0.0129158 -0.00898518 -0.00152528 -0.0297075 0.0205227 0.00607336 -0.0116728 -0.0327858 -0.0314897 0.0244221 0.0388582 0.0821568 -0.0177597 0.0212166 0.00547986 -0.00213013 -0.00676436 -0.0175309 0.0018
internal_weight=1273.4 247.547 1025.85 1014.93 1003.5 950.931 854.14 789.632 785.295 249.827 242.555 535.468 471.381 233.924 49.0597 13.6311 184.865 443.354 82.5588 96.7907 10.9396 209.307 8.63061 38.2402 52.5718 39.8472 146.126 360.795 159.383 201.412
internal_count=15097 2048 13049 12984 12913 12602 10796 9701 9669 3113 3076 6556 5567 2965 880 218 2085 5327 1172 1806 151 1646 111 402 311 238 1617 4155 1856 2299
is_linear=0
shrinkage=0.05


Tree=36
num_leaves=31
num_cat=1
split_feature=24 2 9 14 14 11 22 17 7 22 13 8 4 36 2 13 14 13 13 1 9 22 26 22 22 14 7 7 14 0
split_gain=144.624 28.096 26.0586 26.6991 20.5127 17.6342 15.8912 15.4127 18.0914 14.2823 22.7909 13.9765 19.314 16.8931 31.1516 25.4369 39.1327 20.3762 33.5413 30.3825 29.6344 18.3225 16.9352 15.6574 26.1709 18.0396 21.7605 29.8214 45.0064 33.2714
threshold=0.013434098471603409 93.155000000000015 12.595609180378494 0.97887122901367929 0.9259651230140683 12.375000000000002 96.392906820248058 10.496333451249399 44.457597982307512 98.850000000000065 0.98312172919995788 40.533344261394895 0.26022786913367618 0 92.050000000000011 0.97011015308752102 0.95487075896103502 0.98640211971239711 0.98676619293158552 81.22669898200607 12.602128318915707 95.310300847457711 1.0000000180025095e-35 89.299873587570715 88.409706400535271 0.96652452294966062 47.285144099535991 45.66201487558758 0.96711360829562942 0.59584616430464943
decision_type=2 10 8 2 2 2 10 10 10 10 2 8 10 1 10 2 2 2 2 8 8 8 2 8 10 2 10 10 2 2
left_child=1 2 3 5 7 -1 11 8 -4 -8 -11 12 -6 14 22 16 21 -17 20 -20 -19 -15 23 24 -13 -25 27 28 -27 -29
right_child=-2 -3 4 -5 6 -7 9 -9 -10 10 -12 13 -14 15 -16 17 -18 18 19 -21 -22 -23 -24 25 -26 26 -28 29 -30 -31
leaf_value=0.016180337667629382 0.053605657818412228 0.055185572937954147 0.074404495381408919 0.074147814486310457 -0.017469821354343575 -0.034740393509831817 -0.046696193425194099 -0.025978704231594603 0.0064814430159854447 -0.046539458046704153 0.092495543341817296 -0.012111807393996456 0.055411701207155412 -0.040024127567290041 0.11368311884039779 -0.040422149522419661 0.10504268773417053 -0.015436586157565248 0.057160720170416325 -0.037032801423055581 0.13713572672986452 0.078497925788643674 0.057112378818395551 -0.017848301790268025 0.12277506586008208 0.11926532359203207 -0.014831582835585748 0.088790736341988807 -0.013058172582361159 -0.011706160955424717
leaf_weight=84.399951551109552 113.21232132613659 17.850729212164879 16.726766344159842 15.756584212183951 398.33731285855174 20.250786013901234 48.595199413597584 12.215138040482996 22.407253611832857 5.5858228206634504 4.3827928155660629 7.4812939912080747 8.3513804711401445 14.801367435604339 5.3098060898482791 83.624083660542965 9.3685402274131757 5.3887695707380745 9.5640094578266126 45.398252945393324 6.1784208826720723 3.1370772793889037 12.115040093660353 123.28032315522432 5.6483240313827991 6.1997045055031768 66.647908102720976 24.912134423851967 58.803855530917645 11.761210232973097
leaf_count=543 871 103 118 108 5108 270 1002 144 226 84 56 109 47 298 41 1370 80 68 83 646 42 49 68 1689 55 46 737 242 655 151
internal_value=-6.85744e-05 -0.00537389 -0.00637265 0.0155345 -0.00898105 0.0060912 -0.0106257 0.0215352 0.0366438 -0.035668 0.0174483 -0.00896999 -0.0158409 -0.00335658 0.00356428 -0.0152172 0.0276065 -0.024143 -0.00338539 -0.0199136 0.0704849 -0.0162465 0.00147918 -0.000912147 0.0504985 -0.0033916 0.0072393 0.02171 0.00117791 0.057106
internal_weight=1267.69 1154.48 1136.63 120.407 1016.22 104.651 964.873 51.3492 39.134 58.5638 9.96862 906.309 406.689 499.62 322.16 177.461 27.307 150.154 66.5295 54.9623 11.5672 17.9384 316.85 304.735 13.1296 291.605 168.325 101.677 65.0036 36.6733
internal_count=15109 14238 14135 921 13214 813 12726 488 344 1142 140 11584 5155 6429 3793 2636 427 2209 839 729 110 347 3752 3684 164 3520 1831 1094 701 393
cat_boundaries=0 1
cat_threshold=179
is_linear=0
shrinkage=0.05


Tree=37
num_leaves=31
num_cat=1
split_feature=24 4 11 16 5 10 31 7 2 20 14 11 5 37 15 2 3 23 9 23 19 15 15 13 0 7 14 14 2 13
split_gain=124.098 29.0849 23.43 19.1229 17.7762 17.6671 16.0281 15.31 15.7842 13.5862 13.5161 12.2642 11.6982 11.2956 12.3539 12.3522 14.841 19.0981 15.1924 11.369 11.9222 15.2328 31.9652 32.5788 27.8182 14.367 19.3779 16.1524 15.5158 21.9975
threshold=0.0083963115447521306 0.37249102616780821 12.365 -0.0018794821697080838 335.40977164589435 12.113909265382921 1.0000000180025095e-35 43.994952895525067 93.495000000000019 18.226976976324455 0.97795101962861053 11.085000000000003 459.68806385722854 0 0.92908345337922438 82.250000000000014 -26.999090437314273 0.00083998321679900582 12.600035016248636 0.00028109628102706386 10.767846909817493 0.95785616075880242 0.96123179330827802 0.96947652679287477 0.65880370124327414 48.601115275028704 0.9720824606895242 0.97732800967614086 91.655000000000015 0.99024017685144894
decision_type=2 10 2 2 10 10 2 8 10 10 2 2 8 1 8 8 10 2 10 2 10 10 10 2 2 10 2 2 10 2
left_child=1 2 5 -4 -2 11 7 10 9 13 12 -1 -5 -9 -15 16 17 -16 -19 -17 21 -21 23 -23 -25 -24 -27 -28 29 -29
right_child=4 -3 3 6 -6 -7 -8 8 -10 -11 -12 -13 -14 14 15 19 -18 18 -20 20 -22 22 25 24 -26 26 27 28 -30 -31
leaf_value=-0.014195553124581428 0.05606195042697764 0.05603039357144142 0.029742956223396788 0.036215270458617208 -0.024167771537661264 -0.0065915545593800045 0.048555890801841479 -0.034117990723030386 0.055721878777479195 0.057976311885498635 -0.038631531682819964 0.047478860207093743 -0.030862821782863314 0.043221056754876475 -0.015380228274783686 -0.020683340436399123 0.08570044694586619 -0.0042791175126943798 0.096196648485943059 -0.03758875203756612 0.042038049461040672 -0.010935139639436854 -0.016200146806015541 0.011237895179066201 0.14075941775985365 -0.0151672437479283 0.052531051188200499 -0.028726265063935347 -0.043429454160239141 0.066476655671516588
leaf_weight=9.2749977037310583 105.39151838421822 18.916939809918404 33.070782590657473 41.490262623876333 6.8431630581617346 39.569557439535856 11.238513968884943 52.435086119920015 7.9092620313167563 6.0626784414052954 8.6734563112258893 45.435538522899151 6.8834729865193358 9.6625096499919874 39.277756437659264 283.30644721910357 4.9860413521528235 6.75992753356695 7.2589731886982918 42.570232708007097 10.585971236228941 15.737795878201721 300.32580598443747 7.2814359143376377 9.236956197768448 64.04793357104063 26.456226963549852 10.091020930558445 11.745986219495533 12.721071623265741
leaf_count=63 855 117 248 409 37 281 52 1047 34 33 92 271 70 74 446 4478 33 69 50 698 82 179 3965 89 63 719 247 103 129 91
internal_value=0.00107006 -0.00387295 -0.00492995 -0.00711873 0.051 0.0188017 -0.00837034 -0.00906807 -0.0106164 -0.0112462 0.01588 0.0369562 0.0262384 -0.011768 -0.0103705 -0.011028 0.0110455 0.00261156 0.0506881 -0.0126599 -0.0081781 -0.00932257 -0.00661702 0.0406235 0.0875659 -0.010286 0.00393205 0.0239022 0.00112425 0.0249255
internal_weight=1255.25 1143.01 1124.1 1029.82 112.235 94.2801 996.745 985.506 928.459 920.55 57.0472 54.7105 48.3737 914.487 862.052 852.39 58.2827 53.2967 14.0189 794.107 510.8 500.214 457.644 32.2562 16.5184 425.388 125.062 61.0143 34.5581 22.8121
internal_count=15124 14232 14115 13500 892 615 13252 13200 12629 12595 571 334 479 12562 11515 11441 598 565 119 10843 6365 6283 5585 331 152 5254 1289 570 323 194
cat_boundaries=0 1
cat_threshold=2
is_linear=0
shrinkage=0.05


Tree=38
num_leaves=31
num_cat=1
split_feature=24 4 9 14 19 8 36 6 13 1 13 13 22 11 18 15 22 13 15 14 9 14 14 6 26 3 13 16 5 10
split_gain=121.23 26.0099 23.5465 16.9043 13.3289 16.1606 16.443 46.8696 24.6695 33.6209 16.1319 60.8349 16.9799 28.8853 16.231 35.7736 21.6786 15.7465 15.3988 16.9404 19.3782 16.964 21.955 15.3677 14.5688 14.1486 15.9641 13.7378 13.6959 17.1446
threshold=0.013434098471603409 0.75719288729787759 12.588778508771934 0.95487075896103502 10.767846909817493 40.533344261394895 0 38.581485191680621 0.96667556908560848 62.506814132925328 0.98676619293158552 0.98640211971239711 98.850000000000065 12.435 22.500000000000004 0.94971446134168258 91.801121257873973 0.98513732763609496 0.9590105166195575 0.96224579303564273 12.600497485607823 0.96817217832872515 0.96906232746243581 38.306513797380539 0.00028030834467924088 -14.26542781456836 0.98672700743486341 -0.0041249744733001777 -0.15042346001737214 12.598634774216373
decision_type=2 10 8 2 8 8 1 8 2 10 2 2 10 2 10 10 8 2 10 2 8 2 2 10 2 8 2 2 8 8
left_child=1 2 3 -1 10 -6 7 17 9 -9 11 12 14 -14 15 16 -4 -7 -8 20 -20 -21 -23 -24 27 26 -25 -16 29 -27
right_child=-2 -3 4 -5 5 6 18 8 -10 -11 -12 -13 13 -15 24 -17 -18 -19 19 21 -22 22 23 25 -26 28 -28 -29 -30 -31
leaf_value=-0.031348432365560779 0.052531239316160397 0.063880948717173813 0.12220101132543955 0.026345849498186358 -0.010512529422432281 0.050602477040736685 -0.035914807572468344 0.10475406537368837 -0.0044417132446284155 -0.022490786665682317 -0.051009426563308327 0.10675553489223327 0.10533992935608648 -0.045759604667948699 0.059378516539067727 -0.030252982089886513 0.00042930279154178237 0.17259801099038735 0.0027505647801233622 -0.036345073929317517 0.086200736023129332 0.072899184629927977 -0.034127288085325141 -0.0014774653936021596 0.06315586543646394 0.091948188570282002 0.084119279810875303 -0.032032035464990088 -0.012399413963975625 0.0034904121887055746
leaf_weight=13.959909848868845 102.94209358096123 12.99624791741371 7.4264322593808147 87.38467850163579 408.89768794551492 7.0070638321340066 30.731836143881083 12.429099362343552 75.72867164760828 7.9712110608816138 29.612713325768709 9.2807089798152429 6.1518225856125337 4.8847464621067047 3.3284632712602606 21.888243228197098 6.4670624211430559 4.9254514500498772 17.036322996020321 32.540511608123779 10.838492218405007 9.4254937916994077 29.141596734523773 10.59537745267153 3.4135319963097563 6.689651537686589 10.137181013822554 161.47567182034254 78.756077170372009 19.336355909705162
leaf_count=113 856 88 49 583 5041 82 410 83 831 109 620 87 57 73 18 427 113 40 183 401 83 96 318 98 20 64 72 3099 843 207
internal_value=0.000836073 -0.00387206 -0.00470897 0.01817 -0.0069841 -0.00370593 0.00396299 0.0192512 0.0088972 0.0563068 -0.0168992 -0.0121898 -0.0177938 0.0402182 -0.0211131 0.00925695 0.069354 0.110411 -0.00318672 0.00129158 0.0370599 -0.00394111 0.00266645 -0.00205471 -0.0275897 0.0056027 0.0423199 -0.0298389 -0.00199369 0.0287883
internal_weight=1243.4 1140.46 1127.46 101.345 1026.12 772.188 363.29 108.061 96.129 20.4003 253.929 224.317 215.036 11.0366 203.999 35.7817 13.8935 11.9325 255.229 224.497 27.8748 196.622 164.082 154.656 168.218 125.515 20.7326 164.804 104.782 26.026
internal_count=15164 14308 14220 696 13524 8961 3920 1145 1023 192 4563 3943 3856 130 3726 589 162 122 2775 2365 266 2099 1698 1602 3137 1284 170 3117 1114 271
cat_boundaries=0 1
cat_threshold=212
is_linear=0
shrinkage=0.05


Tree=39
num_leaves=31
num_cat=2
split_feature=24 5 2 9 11 9 13 36 2 13 13 7 35 35 22 4 22 22 21 13 13 2 35 13 13 2 15 6 13 36
split_gain=103.265 22.891 22.138 17.4403 39.5004 75.1436 25.2511 18.7329 39.2168 23.596 29.1393 29.5845 28.164 25.8515 19.2727 18.263 17.7852 17.6775 20.7816 16.2153 53.1356 41.4797 31.9324 25.6293 69.5226 20.5021 19.5343 15.7572 14.6795 28.7729
threshold=0.0083963115447521306 335.40977164589435 93.155000000000015 12.595609180378494 13.845000000000001 1.0000000180025095e-35 0.98531605020677504 0 92.050000000000011 0.98693133284823309 0.98457203693718576 46.662657771325406 0.0011193507984634497 0.00055936233788582792 98.850000000000065 -21.457026429635437 90.710788427154583 96.392906820248058 34.260000000000005 0.98669277171611658 0.98709033566375848 90.710000000000022 0.00084116081843898106 0.9831927070929527 0.98296129027962931 91.750000000000014 0.97683826106461447 39.863599278476421 0.98240585289708882 1
decision_type=2 10 10 10 2 10 2 1 10 2 2 8 2 2 10 10 8 10 10 2 2 8 2 2 2 8 10 10 2 1
left_child=2 -2 3 4 5 -1 -7 8 9 10 12 13 -5 -12 16 -14 -9 18 19 23 21 -21 -22 24 26 -24 -18 -13 29 -6
right_child=1 -3 -4 7 28 6 -8 14 -10 -11 11 27 15 -15 -16 -17 17 -19 -20 20 22 -23 25 -25 -26 -27 -28 -29 -30 -31
leaf_value=0.12887570796296652 0.054470658761519075 -0.03539415482665572 0.052068164134317613 -0.010783865275522234 0.034835308121464396 -0.0015447669018468857 0.05089741026491125 -0.051967639359829482 0.094620598320249744 -0.038161035014767294 0.12448272880056535 -0.030721653881942181 0.059107828765203478 0.016946398757165439 0.059630857811733586 -0.0049694368664875248 -0.020584524855230033 -0.051394105252232564 0.03134189751142534 0.17115869209845203 -0.033444528191180205 0.0012083801293222805 0.058705299406902001 -0.050346035767149439 0.1476438460021629 -0.040689115291191319 0.050956638158934933 0.050281073544529035 -0.034188388263211682 -0.019726862964135422
leaf_weight=14.542226206511257 96.260396204888821 6.9746854901313773 16.407157942652702 246.95180834829807 26.85844586417079 89.66138319298625 29.826901994645596 32.159569397568703 9.6538176201283914 40.638925097882748 12.169461037963631 15.381208162754776 25.283956199884415 10.336797028779982 7.478038750588893 19.023921977728605 201.62606884166598 28.193379692733288 26.107668805867434 6.7285016328096363 54.195241808891296 6.7320297397673139 19.01517124474049 55.221119299530983 5.5950832851231089 6.2060181349515906 9.0771549269556981 8.4774301387369615 49.559246767312288 55.789422117173672
leaf_count=79 844 38 102 3405 193 733 211 683 73 487 119 194 223 98 94 214 2842 619 377 46 693 77 148 688 61 67 102 76 767 850
internal_value=0.000499511 0.048118 -0.00389382 -0.00476518 0.00637897 0.0254163 0.0118597 -0.0082746 1.01602e-05 -0.00264728 0.00172748 0.0381034 -0.00417368 0.0779149 -0.0149461 0.0320933 -0.0166431 -0.0138125 -0.0109748 -0.0140841 0.00391954 0.0921227 -0.0119899 -0.0202343 -0.0123505 0.0336289 -0.0172764 -0.00107498 -0.0129668 1.51211e-05
internal_weight=1232.13 103.235 1128.9 1112.49 266.238 134.031 119.488 846.252 387.917 378.264 337.625 46.3649 291.26 22.5063 458.335 44.3079 450.857 418.697 390.504 364.396 92.877 13.4605 79.4164 271.519 216.298 25.2212 210.703 23.8586 132.207 82.6479
internal_count=15203 882 14321 14219 2833 1023 944 11386 4889 4816 4329 487 3842 217 6497 437 6403 5720 5101 4724 1031 123 908 3693 3005 215 2944 270 1810 1043
cat_boundaries=0 1 2
cat_threshold=178 9
is_linear=0
shrinkage=0.05


Tree=40
num_leaves=31
num_cat=0
split_feature=24 4 9 14 12 0 11 21 26 22 11 23 13 13 2 6 17 23 2 7 20 13 2 14 7 14 2 22 15 6
split_gain=107.106 23.4887 20.7666 15.3901 16.2625 54.7274 33.3981 15.2204 21.2704 16.3869 14.028 16.5132 18.4963 24.9746 17.6971 13.9415 15.7955 13.0646 12.5893 12.6426 12.1346 12.9946 16.1141 12.8816 12.0522 14.6769 34.4222 14.1901 12.2787 11.5505
threshold=0.013434098471603409 0.75719288729787759 12.588778508771934 0.9259651230140683 -0.0043899522757249272 0.99748075572392059 13.805000000000001 34.260000000000005 0.00028030834467924088 94.197457627118624 11.155000000000003 0.00084352595509480362 0.98531605020677504 0.97750908248756285 90.655000000000015 38.9397727375055 10.50477908016337 0.79627093372925517 93.495000000000019 43.917936951537946 7.5907926227922156 0.98098354405143817 85.050000000000011 0.96664016958134613 48.601115275028704 0.97654719227814424 91.550000000000011 98.850000000000065 0.98699193009592134 39.474130425110445
decision_type=2 10 8 2 2 2 2 8 2 8 2 2 2 2 10 10 10 2 10 8 10 2 8 2 10 2 8 10 8 10
left_child=1 2 10 15 5 18 -7 8 -6 -9 -1 12 13 14 -12 16 -4 -2 19 29 21 -21 -23 -24 27 26 -26 -25 -27 -5
right_child=17 -3 3 4 7 6 -8 9 -10 -11 11 -13 -14 -15 -16 -17 -18 -19 -20 20 -22 22 23 24 25 28 -28 -29 -30 -31
leaf_value=-0.024392056177170104 0.055135783613852865 0.060027291376007146 0.05729397555727414 0.0087390585950311329 -0.035416672733939232 0.12570689631532836 0.0046740281903698564 0.029708909196924101 0.08286744633678049 -0.012397131527787441 0.078339474170926002 0.056028531853456222 0.0629800449082491 -0.037811723529809868 -0.012890471692600328 -0.014897964354748048 -0.02340046457573957 -0.013879533579750684 0.063488531507167739 -0.020597885126291647 0.051949641873667643 0.059205028687679684 0.068314795747106458 -0.019506830197717231 0.0031238915065418347 -0.023585202921717119 0.1449594883804029 0.063922824283364474 0.049291435347253845 0.090626427241238552
leaf_weight=16.585686206817627 91.041216894984245 13.087652318179606 24.937833167612553 18.760707426816229 101.78702207282186 12.213401108980181 10.164128314703701 23.524881076067686 3.0212564691901198 416.57764838263392 10.178274545818569 27.373653993010521 11.494584880769251 25.421274453401566 9.671383008360861 18.246396474540234 7.3028178960084906 7.0220554247498503 5.511109232902526 164.04720186442137 7.0055283084511748 9.3953024409711343 4.8279409594833842 115.39944553375244 14.262774139642717 25.779356550425291 5.1383943371474734 4.369734998792409 6.3900129273533812 4.693402834236621
leaf_count=128 827 92 197 198 2178 62 125 265 19 5205 59 167 76 195 68 206 89 49 25 2566 45 73 56 1556 165 289 42 50 43 38
internal_value=0.000274244 -0.00414059 -0.00495486 -0.00713125 -0.00856237 -0.00100763 0.0732839 -0.0142062 -0.031256 -0.0100842 0.016582 0.0248505 0.00910607 -0.00563838 0.035403 0.0195206 0.0388618 0.0501036 -0.00549762 -0.00666192 -0.00902455 -0.010391 -0.00130563 -0.00484871 -0.00729472 0.0127479 0.0459531 -0.0159588 -0.00805961 0.0281614
internal_weight=1215.23 1117.17 1104.08 1003.36 952.869 407.958 22.3775 544.911 104.808 440.103 100.725 84.1392 56.7655 45.2709 19.8497 50.487 32.2407 98.0633 385.581 380.07 356.616 349.61 185.563 176.168 171.34 51.5705 19.4012 119.769 32.1694 23.4541
internal_count=15153 14277 14185 13492 13000 5333 187 7667 2197 5470 693 565 398 322 127 492 286 876 5146 5121 4885 4840 2274 2201 2145 539 207 1606 332 236
is_linear=0
shrinkage=0.05


Tree=41
num_leaves=31
num_cat=3
split_feature=23 16 16 2 16 12 35 37 11 16 22 22 13 0 13 13 36 13 13 13 9 15 9 36 9 11 9 13 3 13
split_gain=64.372 32.4072 28.9938 23.4688 19.4932 23.3405 20.9959 19.069 16.054 14.8955 14.6485 19.0077 11.7234 25.282 16.7709 15.0887 31.0932 15.2739 18.8949 39.122 40.0989 23.3296 20.2172 18.5493 32.2709 26.028 22.0675 31.3605 21.4383 20.4283
threshold=0.0014003641221260279 0.0017666895139060114 -0.0041249744733001777 93.155000000000015 -0.0018794821697080838 0.68589997322424556 0.0014019346973983019 0 12.235000000000001 0.0017666895139060114 93.992518712759733 93.30320775713038 0.99296607222989886 0.88180037081403972 0.99076032007309112 0.99012500603607234 1 0.98820790978251993 0.98661692455753014 0.98693133284823309 12.600069412386999 0.98138720271479662 12.600349854726137 2 12.598229216372156 12.425000000000002 12.597918831211006 0.98561231548280681 -8.1051568552499056 0.98240585289708882
decision_type=2 2 2 10 2 2 2 1 2 2 10 10 2 2 2 2 1 2 2 2 8 10 10 1 10 2 10 2 10 2
left_child=2 4 -1 7 5 -2 -6 -4 -9 10 11 12 14 -14 15 17 -17 18 23 20 -20 -21 -23 25 29 26 -10 28 -28 -25
right_child=1 -3 3 -5 6 -7 -8 8 9 -11 -12 -13 13 -15 -16 16 -18 -19 19 21 -22 22 -24 24 -26 -27 27 -29 -30 -31
leaf_value=0.06895451316479477 0.041970926319136494 -0.017669299736474145 -0.035736521615262022 0.061174856387658849 0.050890308906017728 -0.039186643227869404 0.0087328245423472992 0.027843596045298343 -0.026704219757410736 0.071017293975706192 -0.029250720439813152 0.057934759505082534 0.068363993113615781 -0.0422579896668758 -0.043670228725551229 0.065662785699572568 -0.023167565789336746 -0.037966853963275114 0.0028461527050595019 -0.042338766971825641 0.12789600907246848 0.063299786156602297 -0.045635981136058996 0.021572248067396025 -0.02936393864795275 -0.0092596777240013441 0.040498843450276573 0.13887192185304337 -0.022613570359466702 -0.033180302125412876
leaf_weight=11.76646778732538 15.339322589337824 38.574493270367384 56.445950888097286 11.503405816853045 112.34680180996656 18.354545824229717 40.581157382577658 32.765479788184166 17.564168337732553 5.0354925133287898 72.271544627845287 10.518849629908798 13.421727582812311 7.2134291157126418 30.314352065324783 9.8646950125694257 13.83824295550585 38.162545945495367 12.420282751321794 23.659753154963255 12.352761365473269 13.016295280307533 5.2797516062855712 63.893068388104439 196.13379279151559 217.38392402976751 49.811535239219666 5.6083455458283415 17.565890710800886 22.13208294287324
leaf_count=75 123 416 1121 78 973 151 394 191 176 54 1479 107 81 96 432 72 201 571 132 291 114 128 81 683 2869 2843 564 46 230 290
internal_value=-0.000327956 0.0236938 -0.00592386 -0.00691431 0.0322921 -0.00209441 0.0398328 -0.00780536 -0.00599624 -0.00732027 -0.0078657 -0.00584973 -0.00679554 0.029528 -0.0078343 -0.00626416 0.0321659 -0.00761918 -0.00580088 0.0192317 0.0677437 -0.0103226 0.0311279 -0.00865937 -0.0175886 0.00011844 0.0225007 0.0345429 0.0239548 0.0072664
internal_weight=1195.14 225.196 969.944 958.177 186.622 33.6939 152.928 946.674 890.228 857.463 852.427 780.155 769.637 20.6352 749.001 718.687 23.7029 694.984 656.822 66.7288 24.773 41.9558 18.296 590.093 282.159 307.934 90.5499 72.9858 67.3774 86.0252
internal_count=15062 2057 13005 12930 1641 274 1367 12852 11731 11540 11486 10007 9900 177 9723 9291 273 9018 8447 746 246 500 209 7701 3842 3859 1016 840 794 973
cat_boundaries=0 1 2 3
cat_threshold=2 3 146
is_linear=0
shrinkage=0.05


Tree=42
num_leaves=31
num_cat=1
split_feature=23 16 16 2 6 11 5 37 5 1 14 14 14 23 2 1 7 14 3 7 22 22 11 2 14 14 18 9 7 15
split_gain=66.7629 26.3787 23.9955 24.1689 19.0155 17.5226 14.9033 14.7572 14.6115 23.0766 11.1977 10.7196 23.8245 12.7487 17.4854 20.9717 15.1657 21.577 32.0579 21.4471 15.0851 18.7474 21.9206 13.0774 13.6073 30.492 19.6841 20.4384 20.2766 12.6199
threshold=0.0014003641221260279 0.0017666895139060114 -0.0041249744733001777 93.155000000000015 39.605282116379023 12.105000000000002 66.505217767208265 0 181.8694832242326 76.685579362102729 0.9259651230140683 0.94085544281205624 0.94424926375121088 0.00028109628102706386 82.250000000000014 56.920643092782335 48.576356919605892 0.98133058781591365 -5.0172095704281547 48.643148214499504 94.402597593914166 93.200955743879419 12.445000000000002 91.845000000000013 0.96877584893990709 0.97083672735378745 26.500000000000004 12.599807960957936 46.936027505119782 0.97193279894017637
decision_type=2 2 2 10 8 2 8 1 8 10 2 2 2 2 8 10 8 2 8 8 10 10 2 10 2 2 8 10 10 10
left_child=2 4 -1 5 6 -4 -2 -7 9 -3 -9 -12 -13 14 15 29 17 -15 -19 -18 21 -21 -23 24 -16 26 -26 28 -28 -14
right_child=1 8 3 -5 -6 7 -8 10 -10 -11 11 12 13 16 23 -17 19 18 -20 20 -22 22 -24 -25 25 -27 27 -29 -30 -31
leaf_value=0.066578039632016778 0.025372036033572701 0.075006165273316883 0.052596734619124057 0.0610194737236225 0.04497280301599705 -0.032013211308282191 -0.027747015011618692 0.045406316182312584 -0.048004648511251732 -0.024813712129704325 -0.046752305861562815 0.08547733440099059 0.027502778373708337 -0.015009634435190261 -0.035385568204591662 0.073436551851919538 0.081379393332586161 0.091182883038131768 -0.020493221240858426 0.0048772867908476181 -0.028255878046883093 -0.012266308408368896 0.10723380888824317 0.010806355612828455 -0.043182837513634796 -0.021328908828673915 0.16421548384344925 0.00049030208147271721 0.019515607967441392 -0.035885521962062315
leaf_weight=10.733952991664408 49.066904880106449 8.3355775289237517 11.467612743377684 12.522388905286787 121.66642753779888 54.924846388399601 17.019568257033825 9.6836050152778608 15.441961087286471 14.366576712578533 14.954397186636923 6.1626135669648638 14.19535004347563 221.96033491194248 107.296854455024 10.727417059242724 8.3772437907755357 11.422934241592882 12.699016064405443 212.92559924349189 30.222185328602791 5.9802659675478926 8.8496350534260255 34.183655824512243 4.6500227972865131 128.52023355662823 5.5849587097764033 7.2760779224336138 4.3071876093745232 15.278361629694698
leaf_count=72 449 75 74 87 1098 1123 138 63 185 155 287 88 158 2665 1891 63 66 98 149 2501 635 83 85 404 108 1962 61 108 54 171
internal_value=0.00122979 0.0256354 -0.00450451 -0.00537301 0.0333079 -0.00631972 0.0114823 -0.00710176 -0.0120163 0.0134555 -0.00550375 -0.00612505 -0.00535674 -0.00611994 -0.0137364 0.0168679 -0.00116793 -0.010096 0.0339154 0.00708748 0.0043701 0.00880402 0.0613138 -0.0179956 -0.0218442 -0.0120097 0.0414142 0.065443 0.108787 -0.0054553
internal_weight=1190.8 225.897 964.907 954.173 187.753 941.65 66.0865 930.183 38.1441 22.7022 875.258 865.574 850.62 844.457 332.02 40.2011 512.437 246.082 24.122 266.355 257.978 227.756 14.8299 291.819 257.635 150.338 21.8182 17.1682 9.89215 29.4737
internal_count=15156 2100 13056 12984 1685 12897 587 12823 415 230 11700 11637 11350 11262 4980 392 6282 2912 247 3370 3304 2669 168 4588 4184 2293 331 223 115 329
cat_boundaries=0 1
cat_threshold=2
is_linear=0
shrinkage=0.05


Tree=43
num_leaves=31
num_cat=0
split_feature=23 16 16 2 6 5 11 18 9 9 17 14 13 1 6 5 13 13 13 9 0 23 14 23 7 9 1 5 1 13
split_gain=56.6979 30.1898 25.4397 22.9708 18.9508 14.3591 14.3175 15.1558 18.3399 15.3686 14.2695 22.9834 32.4001 14.766 13.242 12.9248 26.4885 32.0945 23.8569 12.7125 11.083 10.5458 13.0388 14.9209 12.2414 16.2494 11.0484 10.4095 15.3504 10.3394
threshold=0.001399580153377531 0.0017666895139060114 -0.0041249744733001777 93.155000000000015 39.61285714609037 66.505217767208265 12.105000000000002 26.500000000000004 12.601569998574179 12.599656424633489 10.508668044273124 0.95817873819485044 0.96783160873987184 87.489544216952581 40.723532842595652 108.06358503750074 0.97036199813395219 0.96976142672529175 0.93939637464898895 12.602847200858154 0.55661567809570445 0.00028070175991533173 0.9595007108629513 0.00056156115103716566 53.033041424830067 12.59968033911977 88.748027347664461 181.8694832242326 78.104560714342696 0.98958686557372644
decision_type=2 2 2 10 8 10 2 8 10 10 10 2 2 8 10 8 2 2 2 10 2 2 2 2 10 8 10 8 10 2
left_child=2 4 -1 6 5 20 -4 8 9 15 11 14 -13 -12 -9 -8 17 18 -17 21 -2 26 23 -23 29 -26 -14 28 -3 -24
right_child=1 27 3 -5 -6 -7 7 10 -10 -11 13 12 19 -15 -16 16 -18 -19 -20 -21 -22 22 24 -25 25 -27 -28 -29 -30 -31
leaf_value=0.068133498024861489 0.050688529051774435 0.0499624195276345 0.050025856376262917 0.060081522389086976 0.042439862959591228 -0.028117703305067649 -0.050040780026622267 -0.038215986620861946 0.019660483373404328 -0.044968597618323974 -0.042467164838294227 0.092415356734225879 -0.0066247540646126217 0.037931982895749942 0.046461815509819954 0.085138615413598212 -0.024390663603911726 0.14243954596621394 -0.025057183120131644 -0.041926520922807166 0.002456748366826687 -0.013834748798404415 -0.0056264344159142688 0.073865288131041859 0.074928632443681392 -0.02138732864687411 -0.037063031310073262 -0.046069672288680696 -0.03277502130374662 0.01979757094402386
leaf_weight=10.648493982851504 19.947310280054808 9.4738223850727099 9.8411775678396207 11.8917368799448 121.00804198160768 17.963669754564762 18.795246116816998 67.557253088802099 24.255625657737255 65.443403504788876 6.0121289752423754 7.7658222168683997 140.53880292922258 32.643555302172899 4.1205943673849097 5.9657152220606866 55.594990000128746 4.5927274301648131 15.709585376083849 20.77522087469697 27.859073124825954 7.4254635795950916 328.88203333690763 11.63807190954685 10.673886813223364 6.4261978529393664 37.065993387252092 16.809594862163067 11.084797307848929 44.519032035022974
leaf_count=72 169 86 66 85 1115 142 399 1155 461 1416 103 38 1906 367 36 27 1110 35 317 370 276 65 3771 79 74 62 552 202 120 426
internal_value=2.24379e-05 0.0225818 -0.00532529 -0.00623077 0.0307676 0.00897817 -0.00714601 -0.00781383 -0.0203353 -0.0262585 -0.00450745 -0.00618182 -0.00303777 0.0246719 -0.0327757 -0.0137714 -0.00494078 0.0356088 0.00768926 -0.00440684 0.0232078 -0.00301029 0.00140767 0.0407182 -0.0006105 0.0395513 -0.0131491 -0.0180687 0.00590103 -0.00255046
internal_weight=1172.93 224.146 948.783 938.134 186.778 65.7701 926.243 916.401 190.357 166.102 726.044 687.388 615.711 38.6557 71.6778 100.658 81.863 26.268 21.6753 607.945 47.8064 587.169 409.565 19.0635 390.501 17.1001 177.605 37.3682 20.5586 373.401
internal_count=15102 2110 12992 12920 1702 587 12835 12769 3765 3304 9004 8534 7343 470 1191 1888 1489 379 344 7305 445 6935 4477 144 4333 136 2458 408 206 4197
is_linear=0
shrinkage=0.05


Tree=44
num_leaves=31
num_cat=1
split_feature=24 4 9 14 5 12 0 12 14 14 14 6 24 6 14 15 14 15 11 6 19 2 4 21 16 36 2 35 35 13
split_gain=82.0104 20.2364 17.6271 24.4274 14.2093 12.9475 38.0634 41.6569 16.8733 17.6689 17.3244 15.935 21.6342 18.079 14.5625 12.5144 14.1212 12.3085 11.8894 11.0356 10.7253 10.089 10.9518 10.6624 9.40387 9.99198 21.9113 15.3047 15.5171 16.1881
threshold=0.013434098471603409 0.37249102616780821 12.595609180378494 0.97670650871396336 307.65620492953553 -0.0031914308492453814 0.99748075572392059 -0.055069617757231591 0.96422356974965451 0.96391174929425227 0.96658414577601304 40.642347442481061 0.0016708449422392954 41.164713900474275 0.96690781898305944 0.971834736654556 0.95487075896103502 0.92908345337922438 12.365 39.94947205648257 10.767846909817493 90.750000000000014 -0.26049267481707911 34.45000000000001 0.00021397314039492865 0 92.050000000000011 0.001122177045505704 0.00056171887078809463 0.98683020286433087
decision_type=2 10 8 2 10 2 2 2 2 2 2 8 2 8 2 10 2 10 2 10 8 8 10 10 2 1 10 2 2 2
left_child=1 2 3 15 -2 6 24 -8 9 11 -10 -7 13 -13 -12 16 -1 -15 -18 21 -19 22 -16 -23 25 26 27 28 29 -4
right_child=4 -3 5 -5 -6 8 7 -9 10 -11 14 12 -14 17 19 -17 18 20 -20 -21 -22 23 -24 -25 -26 -27 -28 -29 -30 -31
leaf_value=-0.027762674607547184 0.053437982725197855 0.050286030340408454 0.011403918999506279 0.056193868524865347 -0.019464006162597067 -0.013716030742707436 0.1096027679882175 -0.0025911794593251342 -0.052853884784919904 0.094187323277316215 0.053958251167094066 0.097890583904025177 0.054866745506904062 0.044062991372873783 -0.011337272412685851 -0.023617918178452931 0.04091731570475559 -0.041362105299157403 -0.020969666680437662 0.0039081774272034207 0.011079846199693655 -0.030101777440882684 0.055072698389894773 0.031749910292247295 0.038555790720162783 -0.013560135716792083 0.079258175901874561 0.039442525501548226 -0.031331726743062976 -0.042399142772752176
leaf_weight=13.877047035843132 77.938650093972683 16.288835108280182 95.026192173361778 25.581982918083668 6.8044536411762229 116.59517714753747 14.99841772764921 17.041119173169136 31.931136783212423 3.8711285926401606 6.6175687648355952 3.1289420500397673 23.051993798464537 7.4939473979175082 72.742046635597944 31.053030632436275 36.491987407207489 25.379119399935007 9.1157203391194326 55.275357726961374 14.909210499376057 162.98536948114634 5.7877939976751795 6.4924810752272597 11.389112740755079 182.8584960103035 7.9311514571309081 19.610346712172031 43.55291461572051 15.368782479315994
leaf_count=142 817 118 1450 192 40 1742 72 232 513 40 87 36 296 57 836 262 224 577 125 586 141 2667 73 72 146 2495 57 172 613 238
internal_value=0.000363114 -0.00338245 -0.00425365 0.0140509 0.0474256 -0.00651766 0.00019955 0.051657 -0.0116163 0.000149123 -0.0182893 -0.00224295 0.0157849 -0.002627 -0.0145693 0.00165938 0.0150273 -0.011081 0.0283633 -0.016237 -0.022157 -0.0207246 -0.0058118 -0.02756 -0.00431376 -0.00575568 0.00273222 -0.00104231 -0.00642066 0.00360028
internal_weight=1161.19 1076.45 1060.16 116.12 84.7431 944.038 407.777 32.0395 536.261 194.43 341.832 190.558 73.9632 50.9112 309.901 90.5378 59.4848 47.7823 45.6077 303.283 40.2883 248.008 78.5298 169.478 375.737 364.348 181.489 173.558 153.948 110.395
internal_count=15118 14261 14143 945 857 13198 5475 304 7723 2889 4834 2849 1107 811 4321 753 491 775 349 4234 718 3648 909 2739 5171 5025 2530 2473 2301 1688
cat_boundaries=0 1
cat_threshold=114
is_linear=0
shrinkage=0.05


Tree=45
num_leaves=31
num_cat=1
split_feature=23 16 16 2 11 11 22 36 2 1 13 13 13 14 13 5 1 14 14 35 13 22 22 0 7 13 2 11 13 13
split_gain=44.9502 24.9604 23.8882 19.3411 17.4361 14.5954 14.1223 15.5613 31.4978 30.6707 27.7036 39.2252 21.7728 42.9311 39.9948 38.2148 28.8907 24.7692 34.1556 23.7909 21.4399 19.2514 27.2593 19.7829 19.5112 17.4148 45.5353 27.6194 22.3654 62.5813
threshold=0.0014003641221260279 0.0015190424885642994 -0.0041249744733001777 93.155000000000015 11.085000000000003 12.105000000000002 94.402597593914166 0 92.050000000000011 82.054721752715366 0.98683020286433087 0.98661692455753014 0.98134780516360653 0.96652452294966062 0.98457203693718576 62.652826103868563 56.920643092782335 0.96422356974965451 0.96291416706401589 0.00056235063672986911 0.96811371281429215 93.200955743879419 93.915930790960459 0.9986015941552856 47.136297626987698 0.98672700743486341 90.710000000000022 12.415000000000001 0.9831927070929527 0.98296129027962931
decision_type=2 2 2 10 2 2 10 1 10 10 2 2 2 2 2 10 10 2 2 2 2 8 8 2 10 2 10 2 2 2
left_child=2 4 -1 5 -2 -4 7 8 9 10 11 12 13 17 -14 -15 -16 18 20 -18 -7 -9 -23 25 -25 28 27 -27 29 -24
right_child=1 -3 3 -5 -6 6 -8 21 -10 -11 -12 -13 14 15 16 -17 19 -19 -20 -21 -22 22 23 24 -26 26 -28 -29 -30 -31
leaf_value=0.065470757050967207 -0.035835789327309464 -0.016074328994024608 0.047156440413807718 0.057891389246258543 0.032351223729945637 0.029248440257271874 -0.027018305342917704 -0.034531712695103099 0.085052413363057855 -0.016352800764477655 -0.032497754077353599 0.10074151452122798 -0.049346893677998022 0.10735783246140979 -0.043149261255296917 -0.00073620134328634642 0.096855905044896703 -0.048255898974603167 0.13921729093664495 -0.020891144115982873 -0.030262324872597054 0.090517681225911251 -0.017651907594105214 -0.042723387198232286 0.043397376750611005 -0.023500657719494333 -0.020518423952729709 0.080624464996055079 -0.048090369219655017 0.13098741952389942
leaf_weight=11.04289750009775 9.1246362999081594 37.165675900876522 11.642382659018038 10.919439673423765 167.52587804198265 41.717457547783852 79.127670995891094 75.266294112429023 10.156118445098398 166.15359451621771 29.400676414370537 12.630878984928129 31.964176122099161 22.870556283742189 8.3226830959320086 12.415819399058817 13.901697374880316 16.327876254916191 4.4141018837690345 5.5896640159189692 22.484492521733046 6.0603465549647799 160.94350249320269 7.5140548534691325 29.600541818886995 8.1483439952135104 57.676809716969728 23.015738051384687 53.934445794671774 6.4113625325262538
leaf_count=77 68 405 82 85 1591 499 1784 1520 70 2264 395 91 440 221 146 134 121 251 55 50 337 86 2245 108 250 82 757 192 713 68
internal_value=0.000198633 0.0208351 -0.0045143 -0.00541608 0.0286472 -0.00623156 -0.00696881 -0.00501997 0.00216557 -0.00016028 0.0119756 0.018896 0.0126282 0.0248214 -0.0119006 0.0703519 0.0313522 0.00530914 0.0185655 0.0637172 0.00826239 -0.0114717 -0.00679924 -0.00875273 0.0252983 -0.012896 0.00575805 0.0535151 -0.0203772 -0.0112133
internal_weight=1153.47 213.816 939.654 928.611 176.651 917.691 906.049 826.921 398.35 388.194 222.04 192.639 180.009 120.23 59.7782 35.2864 27.814 84.9439 68.6161 19.4914 64.202 428.571 353.305 347.245 37.1146 310.13 88.8409 31.1641 221.289 167.355
internal_count=15187 2064 13123 13046 1659 12961 12879 11095 5074 5004 2740 2345 2254 1497 757 355 317 1142 891 171 836 6021 4501 4415 358 4057 1031 274 3026 2313
cat_boundaries=0 1
cat_threshold=402
is_linear=0
shrinkage=0.05


Tree=46
num_leaves=31
num_cat=0
split_feature=24 23 2 13 13 14 2 13 2 7 9 6 0 2 2 5 7 8 14 13 15 9 8 14 13 13 14 35 2 1
split_gain=71.2034 19.2138 15.7064 13.0906 38.3861 25.1573 35.135 23.961 35.5296 30.7575 19.1856 10.9645 15.9065 19.7014 17.6721 17.1495 21.7184 20.7248 16.4091 14.0043 16.6199 16.7356 16.8963 16.494 15.3913 14.2455 39.5061 26.1793 25.8196 20.1657
threshold=0.0083963115447521306 0.79627093372925517 93.155000000000015 0.98709033566375848 0.98669277171611658 0.97726373157522228 90.710000000000022 0.98958686557372644 90.750000000000014 46.316187014804328 12.595609180378494 39.402650234723787 0.59584616430464943 90.790000000000006 92.445000000000007 2.687264568409911 46.097319361784493 37.839135353688548 0.60191750796794097 0.98614988489428013 0.97818157177227349 12.451679650341728 43.472937724812624 0.97682450131650944 0.98640211971239711 0.98098354405143817 0.97290377209035539 0.00056203457622182318 90.710000000000022 75.707365578815526
decision_type=2 2 10 2 2 2 8 2 8 8 8 8 2 10 10 10 10 10 2 2 8 10 10 2 2 2 2 2 8 10
left_child=2 -2 3 4 11 6 -6 -5 9 -9 -10 12 13 18 -14 -15 -17 -18 -1 20 21 -13 25 24 -21 29 27 -27 -29 -23
right_child=1 -3 -4 7 5 -7 -8 8 10 -11 -12 19 14 15 -16 16 17 -19 -20 23 -22 22 -24 -25 -26 26 -28 28 -30 -31
leaf_value=0.065577473902493147 0.052676866386471732 -0.029335187694797028 0.051493611584017378 -0.036993391096768302 0.080008980551250941 0.099385751098033201 -0.049849917328199739 -0.016354375741897569 0.061241625174031117 0.093680203675044926 -0.024862108616074588 0.020679993248956724 -0.026926026112751401 -0.004172487469607856 0.064342672935576939 -0.0086935095316908444 0.12153161741396445 0.023735014493633591 -0.016954564315784716 0.12091204872629367 -0.036797385982266305 0.00055538799127271361 0.059052095452913039 -0.001707270103782018 0.0070482281802241213 0.011317084590327132 -0.024557606484540154 0.15960915815875962 0.041713711857988472 -0.027343949348518522
leaf_weight=5.390720445662736 77.823354840278625 7.2218608334660521 12.636543102562426 71.503903146833181 8.9474535249173659 14.367568325251339 9.9732171371579152 10.031061790883543 6.1976973265409461 15.167762547731398 66.829866761341691 99.628357658162713 122.56425447016954 33.559358546510339 4.6112996637821189 11.753219900652764 10.583687325939538 11.316618045791982 110.97278853692114 6.9907308705151099 27.463527308776975 172.97141986712813 9.9493815973401052 12.946908384561537 4.9290623813867569 37.751377560198307 42.957698326557875 6.1042937673628357 16.716601641848683 102.5012826602906
leaf_count=48 857 53 95 1043 65 121 151 99 47 110 994 1013 1884 431 53 144 111 131 1369 66 423 2618 71 168 62 587 585 51 195 1562
internal_value=0.00169787 0.0454526 -0.00182784 -0.00251488 -6.92397e-05 0.0518017 0.0124931 -0.015191 0.000892891 0.0509257 -0.0168261 -0.00215505 -0.00962419 -0.000185895 -0.0231405 0.0211844 0.0458611 0.07424 -0.012605 0.00214579 0.000345569 0.0025043 -0.00219241 0.0380471 0.0780171 -0.00395134 0.011786 0.0375411 0.0786257 -0.0098871
internal_weight=1152.36 85.0452 1067.32 1054.68 884.951 33.2882 18.9207 169.73 98.2264 25.1988 73.0276 851.663 310.752 183.576 127.176 67.2129 33.6535 21.9003 116.364 540.911 516.044 488.58 388.952 24.8667 11.9198 379.003 103.53 60.5723 22.8209 275.473
internal_count=15207 910 14297 14202 11909 337 216 2293 1250 209 1041 11572 4171 2234 1937 817 386 242 1417 7401 7105 6682 5669 296 128 5598 1418 833 246 4180
is_linear=0
shrinkage=0.05


Tree=47
num_leaves=31
num_cat=0
split_feature=24 2 23 9 16 14 10 13 2 1 6 21 15 7 23 17 2 13 14 14 0 13 15 18 22 22 22 23 13 13
split_gain=72.0776 16.7746 15.1563 11.659 12.7119 11.3293 13.2439 14.4004 11.3241 13.6965 12.0399 10.578 16.1626 16.0826 13.0112 12.7388 12.056 11.9257 22.9169 20.7017 11.3345 16.7959 10.8139 10.7764 10.2626 18.691 10.3764 12.5279 13.9884 18.0919
threshold=0.013434098471603409 93.155000000000015 0.79627093372925517 12.588778508771934 0.0017666895139060114 0.97670650871396336 12.113909265382921 0.97750908248756285 82.250000000000014 61.913343892890992 40.237052912359509 31.950000000000003 0.92583425009167597 50.243362332872884 0.00028109628102706386 10.438780449123131 91.845000000000013 0.97849975630708597 0.97083672735378745 0.97036433254868149 0.59862032769001228 0.97923923390971435 0.97720245374883041 44.500000000000007 98.850000000000065 94.402597593914166 93.200955743879419 0.00056441372649085829 0.97328110173149807 0.96947652679287477
decision_type=2 10 2 8 2 2 10 2 8 10 10 8 8 10 2 8 10 2 2 2 2 2 8 10 10 10 10 2 2 2
left_child=1 3 -2 4 5 6 -1 -8 9 10 -5 13 -13 -10 16 -16 17 23 19 20 21 -19 -18 -14 25 26 27 28 29 -17
right_child=2 -3 -4 8 -6 -7 7 -9 11 -11 -12 12 14 -15 15 24 22 18 -20 -21 -22 -23 -24 -25 -26 -27 -28 -29 -30 -31
leaf_value=0.029999708311995513 0.05270436265971995 0.050684503537482842 -0.02436902575743688 -0.0035229658130518922 -0.041606133984410196 0.05447707494213954 0.027243807994164888 -0.038459528989940213 -0.041778060008860494 0.069596043815009209 0.051699738882288383 0.039234672292580264 -0.036315292491638757 0.049089657223830671 0.071400343607711567 0.0015035889718562679 0.046495807371608418 0.096569157028396038 -0.021315431858032349 0.11026714988338165 -0.027341808886511183 -0.0093437649438554531 -0.011080480225645971 0.050258478932433931 0.059779951383525536 -0.042787559802583509 0.031995351982298324 -0.011149892359603061 -0.0016682897715930367 0.062247355856019863
leaf_weight=35.590062104165554 71.106498420238495 13.074184492230414 6.4248119592666617 67.747941583395004 8.8646584004163724 16.46188573539257 12.703527461737393 20.567287873476744 39.417249364778399 8.0237498767673952 10.533648062497376 18.019817113876343 96.507914921268821 4.6864835731685153 4.7148877233266822 27.716599242761731 12.595728773623703 5.5565703958272996 110.24655655585229 5.0298131480813018 11.993419844657181 8.35643447563052 19.650724858045578 2.8904611915349951 5.3035639859735957 28.92863810993731 20.375793017446995 254.45373846590519 170.73935318551958 21.050856966525316
leaf_count=247 819 100 45 788 69 119 87 175 934 48 75 121 2001 96 63 399 108 58 1823 71 227 136 285 17 54 680 234 2946 2128 247
internal_value=-0.00013574 -0.00355116 0.0460885 -0.00427494 0.0124218 0.0184521 0.00918339 -0.0133096 -0.00593374 0.0112491 0.00446623 -0.00765275 -0.00635369 -0.0312481 -0.00742012 -0.00286511 -0.0162806 -0.0201233 -0.0106617 0.0267835 0.00707915 0.0365948 0.0121314 -0.0333223 -0.00366115 -0.00441695 -0.00208965 -0.00361926 0.00512127 0.028448
internal_weight=1139.33 1061.8 77.5313 1048.73 94.1874 85.3228 68.8609 33.2708 954.54 86.3053 78.2816 868.235 824.131 44.1037 806.111 533.283 272.828 240.581 141.183 30.9362 25.9064 13.913 32.2465 99.3984 528.569 523.265 494.336 473.961 219.507 48.7675
internal_count=15200 14336 864 14236 697 628 509 262 13539 911 863 12628 11598 1030 11477 6751 4726 4333 2315 492 421 194 393 2018 6688 6634 5954 5720 2774 646
is_linear=0
shrinkage=0.05


Tree=48
num_leaves=31
num_cat=1
split_feature=24 16 4 20 22 22 15 14 13 36 1 14 6 9 5 22 9 14 14 0 12 9 9 13 13 14 35 14 1 9
split_gain=65.1981 16.8419 13.6955 11.3566 12.7236 10.4923 31.8506 14.3239 43.8327 22.4248 19.2245 17.7301 32.0355 14.7135 17.9281 26.4339 14.6039 13.7166 26.6132 13.914 13.2465 42.6648 15.1584 13.9623 40.7868 20.4806 17.5574 12.578 13.3674 12.3525
threshold=0.013434098471603409 0.00073601346966557281 0.75719288729787759 18.226976976324455 88.409706400535271 88.699198210922745 0.96192492299632149 0.95817873819485044 0.97036199813395219 0 89.386725782601303 0.96652452294966062 40.572189356789089 12.600349854726137 52.838198468886851 94.809734195402385 12.602322445576208 0.96422356974965451 0.96391174929425227 1.0000000180025095e-35 -0.0066461388775817141 12.602128318915707 12.595609180378494 0.98734337471652645 0.98669277171611658 0.97726373157522228 0.00084163278412927793 0.97670650871396336 89.33120227518944 12.600003803630495
decision_type=2 2 10 10 8 8 10 2 2 1 8 2 10 10 8 8 10 2 2 2 2 8 8 2 2 2 2 2 10 10
left_child=2 -2 3 4 -1 6 -6 9 10 13 -9 12 17 -7 -15 -16 20 18 19 -10 21 -13 -22 24 27 -26 -25 28 29 -24
right_child=1 -3 -4 -5 5 7 -8 8 11 -11 -12 16 -14 14 15 -17 -18 -19 -20 -21 22 -23 23 26 25 -27 -28 -29 -30 -31
leaf_value=-0.046540772784036351 0.050747831405947623 -0.044645272479619559 0.05444550935455144 0.056825875188960429 0.11115419592710488 -0.0071643987278869267 -0.044456000444460013 0.025645395252985311 0.050494261019596122 -0.025559913433377116 0.09851354280358969 0.0036851457905287283 0.066070349145948462 -0.029134339503487788 -0.0031660143216708219 0.12558526355287086 -0.032848798595972527 -0.050366983449474462 0.078747664346222435 -0.030518584376753199 0.021368383794953413 0.078590555032769738 -0.018421758284958043 -0.040157634463902761 0.017885423356863286 0.1246625083455421 0.018000125512139378 -0.040666418563368695 0.051771186802769723 0.010489707852412829
leaf_weight=16.45888932980597 70.481721989810467 4.1976087614893904 9.2079393863677961 6.681210257112979 6.2332084979861957 35.808756267651916 5.2610623426735401 37.979252494871616 4.8825699128210536 141.83789487928152 11.405593834817408 239.4688327703625 8.812151122838257 5.45494294911623 6.8135743793100128 8.4476091340184212 32.275435511022806 43.057868827134371 5.9570220112800589 62.926466951146722 44.742978639900684 19.661373134702444 101.28838773816824 59.874711181968451 10.303676728159191 7.5487961918115607 15.862119942903517 27.189081661403179 8.9413261972367746 57.020288936793804
leaf_count=356 827 35 80 40 67 539 116 331 54 2358 76 2814 72 94 132 99 577 760 61 1107 349 116 1407 967 125 66 179 449 74 728
internal_value=5.64169e-05 0.0448669 -0.00319691 -0.00376332 -0.00421304 -0.00347723 0.0420721 -0.00404367 -0.00105136 -0.0160339 0.0440957 -0.00407965 -0.021138 0.0105142 0.0448368 0.0714427 -0.000617781 -0.0282211 -0.0147936 -0.0240362 0.00119216 0.00964883 -0.00540225 -0.0096204 -0.00299827 0.067253 -0.0279014 -0.00975952 -0.00452328 -0.00800783
internal_weight=1116.08 74.6793 1041.4 1032.2 1025.51 1009.05 11.4943 997.561 799.198 198.363 49.3848 749.813 125.636 56.5249 20.7161 15.2612 624.177 116.824 73.7661 67.809 591.902 259.13 332.771 288.028 212.292 17.8525 75.7368 194.439 167.25 158.309
internal_count=15055 862 14193 14113 14073 13717 183 13534 10312 3222 407 9905 2054 864 325 231 7851 1982 1222 1161 7274 2930 4344 3995 2849 191 1146 2658 2209 2135
cat_boundaries=0 1
cat_threshold=88
is_linear=0
shrinkage=0.05


Tree=49
num_leaves=31
num_cat=1
split_feature=24 23 4 11 10 22 22 22 22 20 22 22 8 36 6 9 6 23 6 22 7 14 7 21 14 7 6 1 22 15
split_gain=61.0554 16.2729 15.1203 13.3883 14.0665 13.8132 33.9672 14.5423 18.6002 11.3072 12.7286 12.1741 21.2159 18.6343 24.9521 19.2908 17.9895 15.1309 18.7463 14.397 17.8486 14.2019 20.4559 13.501 20.074 17.128 13.4453 14.5851 12.6377 10.6522
threshold=0.013434098471603409 0.83826208512007816 0.75719288729787759 12.365 12.59770683888666 96.392906820248058 96.283947780700075 98.850000000000065 99.049999999999912 18.226976976324455 94.402597593914166 90.21792749529186 44.236348203007154 0 38.709538664636383 12.601719905692814 39.018286404060682 0.00083974809202651843 39.453031008138865 93.899990934981929 46.157793667094872 0.95913702230920561 47.227765432638726 34.260000000000005 0.96205555676197052 49.371144038987197 38.306513797380539 65.856975056661142 91.050000000000026 0.95125650662112593
decision_type=2 2 10 2 10 10 10 10 8 10 10 8 8 1 8 8 8 2 8 8 8 2 10 10 2 8 10 10 8 10
left_child=2 -2 3 4 29 6 9 -7 -9 10 11 16 -13 14 -14 -16 -5 23 -19 -20 -21 -22 -23 25 -25 26 -15 -28 -17 -1
right_child=1 -3 -4 5 -6 7 -8 8 -10 -11 -12 12 13 17 15 28 -18 18 19 20 21 22 -24 24 -26 -27 27 -29 -30 -31
leaf_value=-0.031652917282061675 0.051959692238637202 -0.034856888195688322 0.055748411363688626 0.057893788842691432 -0.051176411959791161 -0.045553330093741851 0.11414872899681675 0.072894114859431564 -0.044870663376420455 0.05640891200820445 -0.036876015743363952 -0.008712748760861715 0.087073869610971286 -0.04116936615794007 0.0043392613724766238 0.099468232918161079 -0.035511287131737838 -0.023006693458132513 -0.03735978965888001 -0.026864196467447077 -0.0045034034659170606 0.11174807062842816 0.025648578237027431 0.11274182524844761 -0.032136894468081316 -0.037242930737594437 0.069958463223263601 0.00054186057547944157 0.020803185264410912 0.026893538954416232
leaf_weight=7.8234121799468985 65.238795228302479 5.1941087171435347 9.9774732738733274 4.8335823640227309 6.4025995433330527 37.229935789480805 5.0874983370304099 5.9884080439805958 5.5199220404028901 6.5923005044460288 29.059048511087894 483.9651550706476 13.308511065319179 14.491363771259783 77.510511927306652 8.955775089561941 49.839792404323816 19.657988714054227 5.4768649619072667 6.8854198679327956 7.2124712951481333 14.964888703078033 13.494868796318768 4.1751072704792014 3.7957037687301636 52.241526084020734 7.9510372020304194 49.041071351617575 11.89510691910982 74.145994190126657
leaf_count=55 816 37 91 74 72 1015 70 45 112 40 649 6461 132 178 991 57 1055 211 106 67 90 109 101 53 67 922 53 645 170 507
internal_value=0.000445941 0.045159 -0.00262999 -0.0032505 0.0152488 -0.00500557 -0.00356892 -0.0306533 0.0173373 -0.00437339 -0.00489297 -0.00375711 -0.00217142 0.00800132 0.0231933 0.016095 -0.0263619 -0.00165522 0.01732 0.0339562 0.043781 0.0577776 0.0731784 -0.0115904 0.0478588 -0.0157733 0.000214483 0.0112656 0.0575969 0.0209915
internal_weight=1107.96 70.4329 1037.52 1027.55 88.372 939.174 890.436 48.7383 11.5083 885.348 878.756 849.697 795.023 311.058 111.67 98.3614 54.6734 199.388 67.6925 48.0345 42.5576 35.6722 28.4598 131.696 7.97081 123.725 71.4835 56.9921 20.8509 81.9694
internal_count=15051 853 14198 14107 634 13473 12301 1172 157 12231 12191 11542 10413 3952 1350 1218 1129 2602 684 473 367 300 210 1918 120 1798 876 698 227 562
cat_boundaries=0 1
cat_threshold=432
is_linear=0
shrinkage=0.05


Tree=50
num_leaves=31
num_cat=1
split_feature=24 5 2 11 21 16 16 18 14 7 17 13 13 9 14 13 9 6 23 36 2 35 2 2 7 6 13 13 14 2
split_gain=52.2473 19.7389 12.7781 11.8049 11.7359 11.0863 11.0986 10.4749 23.6741 17.0441 15.6293 15.3638 25.319 14.4665 13.4762 22.7467 22.1688 18.164 17.0229 12.4391 29.9461 15.343 13.9915 16.4258 19.991 13.8759 13.6846 23.3936 16.5871 12.8974
threshold=0.0083963115447521306 307.65620492953553 93.155000000000015 12.365 34.655000000000008 0.0017666895139060114 1.9484984867420116e-05 22.500000000000004 0.94424926375121088 49.240001810003285 10.455719795806123 0.98676619293158552 0.98640211971239711 12.602075370011091 0.95817873819485044 0.96833924250656045 12.599962675017574 38.672191638503797 0.00055951882476784566 0 92.050000000000011 0.00056077387895932078 91.605000000000004 91.550000000000011 49.733170653512694 39.299500587410016 0.99012500603607234 0.98734337471652645 0.97726373157522228 82.250000000000014
decision_type=2 10 10 2 10 2 2 10 2 8 8 2 2 10 2 2 10 10 2 1 10 2 10 10 10 8 2 2 2 10
left_child=2 -2 3 5 7 6 -1 8 10 -9 -5 12 -11 14 16 -16 -10 18 -18 21 22 -17 23 25 -25 29 27 28 -27 -21
right_child=1 -3 -4 4 -6 -7 -8 9 13 11 -12 -13 -14 -15 15 19 17 -19 -20 20 -22 -23 -24 24 -26 26 -28 -29 -30 -31
leaf_value=0.00063224077558266488 0.050790449109652962 -0.033285043623577676 0.045799125957458275 0.10253526022417531 0.03494331310821832 -0.035812224924153417 0.038311822954975316 -0.050295657195346503 -0.049407118856800276 -0.0092038227488488427 0.019776405809910424 -0.049632664276759622 0.069395449580915189 -0.032129408088774285 0.070660877635937397 -0.031443750650567648 -0.018739704967408347 -0.027129259734169627 0.097422193186742972 0.028715216812072078 0.081702182933170608 0.0025114907629849507 -0.03264496063557585 0.0048243645455161889 0.12128373881949424 0.0075166542711760072 0.05117566217958517 -0.051357122274538959 0.095840429884764114 -0.015391417978793013
leaf_weight=36.206846259534359 63.927113607525826 7.132599063217639 12.791476942598818 5.9572379607707253 17.709554605185986 8.7248178794980031 41.550836013630033 28.721439782530069 36.180608866736293 133.56325093097985 36.370540481060743 19.406900493428111 10.092302519828079 43.586930757388473 10.07784555852413 70.001649575307965 4.6738194413483161 14.122570998966692 7.1959224976599216 17.792686745524406 10.622518356889485 62.342603301629424 28.882255878299475 8.9426099099218828 5.3732343837618819 190.74474762380123 16.554739851504564 15.86576898768544 4.4807408079504958 143.45027928426862
leaf_count=271 837 44 105 46 121 71 288 758 645 2663 447 525 85 762 54 1147 80 260 72 149 66 695 386 102 32 2262 136 218 38 1921
internal_value=0.000830812 0.0420066 -0.00201481 -0.00265295 -0.00427939 0.0149225 0.0209976 -0.00506725 -0.00233696 -0.0154393 0.0335216 -0.00903065 -0.00324039 -0.00457912 -0.0026773 -0.000308108 -0.0246167 0.0104428 0.0537803 -0.00167235 0.00244674 -0.014465 0.000370656 0.00281053 0.0536005 0.000808166 0.0087417 0.00518823 0.0100219 -0.0103774
internal_weight=1113.05 71.0597 1041.99 1029.2 942.713 86.4825 77.7577 925.003 733.219 191.784 42.3278 163.062 143.656 690.892 647.305 585.132 62.1729 25.9923 11.8697 575.054 442.71 132.344 432.087 403.205 14.3158 388.889 227.646 211.091 195.225 161.243
internal_count=15286 881 14405 14300 13670 630 559 13549 9518 4031 493 3273 2748 9025 8263 7206 1057 412 152 7152 5310 1842 5244 4858 134 4724 2654 2518 2300 2070
cat_boundaries=0 1
cat_threshold=456
is_linear=0
shrinkage=0.05


Tree=51
num_leaves=31
num_cat=2
split_feature=23 5 16 2 26 37 8 36 13 14 13 13 13 14 7 18 23 14 14 13 22 0 14 2 2 23 13 12 9 4
split_gain=31.3288 20.8535 17.8572 14.2387 13.6445 16.871 12.6757 11.9971 11.0851 11.815 32.1049 11.4838 16.2584 21.0529 36.6056 20.6592 18.6167 17.6086 17.8868 20.6817 13.7394 13.0474 16.5756 16.4734 15.8611 15.7655 15.5907 15.3238 21.2749 14.947
threshold=0.001403902877592914 140.51286625002169 -0.0041249744733001777 93.155000000000015 1.0000000180025095e-35 0 41.698550894781789 1 0.93939637464898895 0.94085544281205624 0.95549726448997307 0.96220802316222176 0.97053412842885989 0.95862254746452957 46.233804101475918 24.500000000000004 0.00028109628102706386 0.96652452294966062 0.96422356974965451 0.97526886445104688 89.255140301318335 0.57529823344942266 0.96711360829562942 91.290000000000006 37.750000000000007 0.00056361844151281329 0.99296607222989886 -0.04465892293955976 12.488542901673357 0.20405004310841898
decision_type=2 10 2 10 2 1 8 1 2 2 2 2 2 2 10 8 2 2 2 2 8 2 2 8 10 2 2 2 10 10
left_child=2 7 -1 4 5 -4 -3 -2 -7 -10 -11 -12 13 14 16 -14 -13 18 19 -17 -18 22 24 25 -19 -23 -24 28 -25 -29
right_child=1 6 3 -5 -6 8 -8 -9 9 10 11 12 15 -15 -16 17 20 21 -20 -21 -22 23 26 27 -26 -27 -28 29 -30 -31
leaf_value=0.062918866000327797 0.032836738405305835 -0.053467107885650539 -0.033497973860446055 0.054989124568435278 0.0602286014450088 0.05748143799065384 0.01473986345266011 -0.0051754023415968523 -0.043566355551743347 0.13423224278505583 -0.040240300754870853 -0.011936023388710035 -0.032790141726846175 0.041018029159241132 -0.043932711023210731 -0.016224007197369689 0.12202037313194294 0.11709803344114511 -0.049550709958678676 0.074673374071342571 0.032456282778486251 -0.037624974869444681 0.0036630820417788788 0.077790493646687386 0.00096482030496004639 0.0046815129126261297 0.075714991682506255 -0.014505529155719593 0.0070705192238536335 0.06238125231587837
leaf_weight=9.203591473400591 119.7972140237689 13.094827007502319 47.601619854569435 9.2574015855789167 7.1322452574968329 6.464327920228242 12.523046489804981 28.478203557431698 17.215800546109676 3.2500922791659823 19.793187012895942 18.317396657541394 62.321715623140335 44.824910158291459 29.983958020806313 46.416098743677139 4.80408647656441 5.7252951785922033 36.593040280044079 6.21218342706561 21.536085477098823 63.975787617266178 237.67170573957264 12.12281898409128 5.2534944489598274 33.003105778247118 6.7589334174990645 99.379390027374029 57.430454837158322 5.7639748491346827
leaf_count=71 1302 101 1147 86 35 29 119 351 331 26 414 350 1438 397 527 741 30 39 677 71 275 943 2786 60 63 363 40 1496 786 41
internal_value=0.00082414 0.0202201 -0.00286791 -0.00360257 -0.00426593 -0.00484821 -0.0208237 0.0274033 -0.00319623 -0.00373203 -0.00284489 -0.00355286 -0.00259377 0.0143403 -0.00201117 -0.00559157 0.0264815 -0.00279256 -0.0232039 -0.00430223 0.0526571 0.000699927 0.00879567 -0.00691545 0.0662465 -0.0233267 0.00595582 0.00227582 0.0203246 -0.00974259
internal_weight=1091.91 173.893 918.013 908.809 899.552 892.419 25.6179 148.275 844.818 838.354 821.138 817.888 798.094 119.466 74.6415 678.628 44.6576 616.306 89.2213 52.6283 26.3402 527.085 255.409 271.676 10.9788 96.9789 244.431 174.697 69.5533 105.143
internal_count=15135 1873 13262 13191 13105 13070 220 1653 11923 11894 11563 11537 11123 1579 1182 9544 655 8106 1489 812 305 6617 2928 3689 102 1306 2826 2383 846 1537
cat_boundaries=0 1 2
cat_threshold=2 115
is_linear=0
shrinkage=0.05


Tree=52
num_leaves=31
num_cat=0
split_feature=24 23 4 20 22 22 22 9 22 13 6 9 7 13 2 13 22 13 13 35 22 22 22 15 35 3 22 19 14 5
split_gain=47.516 22.8726 9.69689 9.32268 10.9689 7.87402 23.0105 10.4801 10.8532 16.036 8.15038 12.0972 20.3938 21.4053 26.3639 25.1501 18.2216 15.8132 19.8335 14.3726 12.0035 11.5241 15.6452 18.4583 11.5953 18.5151 11.4924 10.4312 10.3764 13.9718
threshold=0.013434098471603409 0.83826208512007816 0.75719288729787759 18.226976976324455 88.409706400535271 96.392906820248058 96.283947780700075 12.59961330261474 98.250000000000028 0.98344171591688878 39.938588968301211 12.599409830776574 49.876985444475537 0.97053412842885989 92.155000000000015 0.96927771522727235 93.915930790960459 0.98551431584825766 0.98676619293158552 0.00028030834467924088 91.714642241379266 90.21792749529186 91.050000000000026 0.96678501006366335 0.00083927823715176833 -23.626270052023244 92.998082836462387 10.767846909817493 0.97163219772699894 -21.909383831460691
decision_type=2 2 10 10 8 10 10 10 10 2 8 10 10 2 8 2 10 2 2 2 8 8 8 10 2 8 10 10 2 10
left_child=2 -2 3 4 -1 6 10 8 -7 -10 -6 12 13 14 -12 20 21 -15 19 -19 -16 27 23 -23 25 -24 -22 -13 29 -26
right_child=1 -3 -4 -5 5 7 -8 -9 9 -11 11 16 -14 17 15 -17 -18 18 -20 -21 26 22 24 -25 28 -27 -28 -29 -30 -31
leaf_value=-0.046695092862217152 0.051059740493693932 -0.043922371935021645 0.048652614379143394 0.054025628828131278 -0.0064570055178109348 -0.027262866617876483 0.095569583328824814 -0.047817211417316971 -0.010500993457598438 0.097561525985093656 -0.021194846507374659 -0.049105736769946083 0.049386579063829747 -0.021410588083912236 -0.039135553954215738 0.1323572334124766 -0.051588374504242154 0.11248418807069037 -0.026318278726087409 0.021244921694586485 0.07611224461276124 -0.019461338924997414 0.046043067456182259 0.10580913438616329 0.032626476130310493 -0.017725333794857023 -0.003957812402577662 0.04240710589659373 0.047788107348835117 -0.042346024951084915
leaf_weight=13.663687186315654 57.802834540605545 6.3369967713952056 8.0437947139143926 6.0320556536316863 562.44137515313923 18.441104849800471 4.9991135261952868 21.436579080298543 8.7871302850544435 4.4630651324987403 14.506919128820298 17.63627249002457 29.929854610934854 69.385739276185632 4.2697705477476182 7.6298494003713122 18.378623818978667 5.4916395097970989 13.34058255702257 14.826732210814951 11.349703703075649 4.3230401277542096 12.094061471521853 6.6935571655631065 12.728313509374859 87.437279764562845 6.8847918510437003 2.9381868727505198 18.984988180920482 10.354555413126944
leaf_count=344 800 44 80 40 7494 464 72 592 154 26 179 403 256 1000 74 50 421 48 216 148 86 81 80 37 128 1339 113 35 154 124
internal_value=-0.000255319 0.0411453 -0.00290293 -0.0033615 -0.00375993 -0.00312067 -0.00204681 -0.0216647 -0.0030531 0.0301898 -0.00267254 0.00309485 0.0124604 0.00469516 0.0332174 0.0592516 -0.00560815 -0.00786177 0.0198801 0.0500247 0.0298891 -0.00046067 0.00434784 0.0591228 -0.000298449 -0.00959591 0.0472462 -0.0346772 0.0214111 -0.00136669
internal_weight=1081.63 64.1398 1017.49 1009.45 1003.42 989.753 936.625 53.1279 31.6913 13.2502 931.626 369.184 177.616 147.686 44.641 30.1341 191.569 103.045 33.659 20.3184 22.5043 173.19 152.616 11.0166 141.599 99.5313 18.2345 20.5745 42.0679 23.0829
internal_count=15082 844 14238 14158 14118 13774 12538 1236 644 180 12466 4972 2170 1914 502 323 2802 1412 412 196 273 2381 1943 118 1825 1419 199 438 406 252
is_linear=0
shrinkage=0.05


Tree=53
num_leaves=31
num_cat=1
split_feature=24 23 4 11 9 12 9 13 22 22 22 22 36 11 2 13 13 14 14 3 2 0 11 7 22 23 7 8 14 14
split_gain=46.0092 17.7348 10.0316 9.19193 9.26562 16.9829 45.0037 12.7063 10.0219 22.1035 18.2913 15.0347 10.8956 17.5205 21.1915 45.4659 29.3865 43.5961 22.7653 22.0957 16.7125 15.0568 14.5993 29.5386 14.4086 14.1839 14.1232 14.1093 12.4218 20.2673
threshold=0.013434098471603409 0.79627093372925517 0.75719288729787759 13.935 12.595609180378494 -0.055069617757231591 12.044284834888371 0.98592062083869625 96.309249293785413 96.283947780700075 98.850000000000065 99.049999999999912 0 12.415000000000001 90.710000000000022 0.98669277171611658 0.97036199813395219 0.95557382685642278 0.60191750796794097 -8.8764538597208649 91.210000000000022 0.59862032769001228 12.435 53.033041424830067 89.112971613416462 0.00083927823715176833 50.370938712117287 41.764648468603859 0.95838171467000888 0.9727752253675831
decision_type=2 2 10 2 10 2 10 2 10 10 10 8 1 2 8 2 2 2 2 10 10 2 2 10 8 2 10 10 2 2
left_child=2 -2 3 4 5 6 -1 -8 9 12 -10 -12 21 20 15 18 17 -16 -15 -17 -14 22 26 -24 -23 -22 -6 -26 -20 -30
right_child=1 -3 -4 -5 8 -7 7 -9 10 -11 11 -13 13 14 16 19 -18 -19 28 -21 25 24 23 -25 27 -27 -28 -29 29 -31
leaf_value=0.099274473506975644 0.049977835151521585 -0.032082193256478854 0.048461098905341671 -0.041692804620935497 0.021780091298843139 -0.0017284380431348498 -0.010814400702806481 0.059658878910558405 -0.050544274816591885 0.088404396049231254 0.069445620481934631 -0.042600748922055648 -0.045986015183427889 0.092756498398913423 -0.020666912755672506 0.034188894611493222 -0.025902740359554002 0.088949592753734458 -0.044318984201611934 0.13342417206645515 -0.03094155390416848 0.056537432226882137 -0.016900120024313642 0.10410837180371323 -0.021526881846955014 0.074636834701670096 -0.041308600123988078 0.046416224159728479 0.013630588637411732 -0.048815508856696804
leaf_weight=15.610535789281128 56.848178870975971 6.7430793568491927 8.5267619341611844 14.196622058749197 146.49276999011636 163.84913972020149 34.725539520382881 6.7918033115565768 27.705288909375668 5.4487944245338431 6.2982424721121761 4.2070125602185735 52.415052190423012 4.5442119091749182 21.742836004123092 18.442261246964339 150.7196504957974 14.216874212026594 21.048043202608824 7.7947344593703738 5.8185221552848798 6.1584275793284169 71.485061543062329 4.4259563349187365 105.41288390569389 5.0859299767762423 8.5309058874845487 7.3022120911627999 53.628869030624628 16.049069333821535
leaf_count=86 818 47 83 272 1680 2052 318 52 842 72 45 92 843 34 485 167 2565 113 402 53 107 82 955 27 1693 52 108 74 702 216
internal_value=3.35253e-06 0.0409144 -0.00261383 -0.00309724 -0.00249982 0.00649874 0.029719 0.0018463 -0.00510432 -0.00377031 -0.0297338 0.024772 -0.00458802 -0.0103839 -0.00568856 0.0105106 -0.0162322 0.0239047 -0.00571849 0.0674869 -0.0344077 0.00182346 0.00930684 -0.00858289 -0.0125187 0.0204343 0.0180658 -0.0167557 -0.0116083 -0.00123993
internal_weight=1072.27 63.5913 1008.67 1000.15 985.951 220.977 57.1279 41.5173 764.974 726.763 38.2105 10.5053 721.314 371.506 308.187 121.507 186.679 35.9597 95.2702 26.237 63.3195 349.808 230.935 75.911 118.874 10.9045 155.024 112.715 90.726 69.6779
internal_count=15137 865 14272 14189 13917 2508 456 370 11409 10430 979 137 10358 5739 4737 1574 3163 598 1354 220 1002 4619 2770 982 1849 159 1788 1767 1320 918
cat_boundaries=0 1
cat_threshold=178
is_linear=0
shrinkage=0.05


Tree=54
num_leaves=31
num_cat=1
split_feature=24 5 4 12 20 22 31 7 9 14 6 35 7 15 37 22 9 11 23 15 14 14 12 0 21 3 3 6 7 14
split_gain=47.875 11.4198 10.2309 10.3065 8.95493 8.62003 8.25811 9.77285 12.7559 16.1453 15.1396 12.4636 10.1937 12.8839 11.1289 23.0069 11.2486 13.2605 12.8771 12.1488 23.7595 10.4736 11.4466 35.9634 11.8395 10.0869 12.2743 9.77603 15.0886 9.72808
threshold=0.013434098471603409 307.65620492953553 0.37249102616780821 -0.00017551227172666765 18.226976976324455 88.409706400535271 0.0016792623089504262 50.325911600263986 12.59968033911977 0.9720824606895242 40.328379042628519 0.0002809383395790385 49.876985444475537 0.98043716585432528 0 88.600000000000065 12.588778508771934 11.155000000000003 0.00084281501873711539 0.97735925336872753 0.96817217832872515 0.9259651230140683 -0.015714944100322811 0.99831720652980194 32.550000000000004 -7.6089726127839041 -8.3709959961111711 39.928286336782669 50.243362332872884 0.96422356974965451
decision_type=2 10 10 2 10 8 2 10 10 2 8 2 10 10 1 10 8 2 2 10 2 2 2 2 8 10 10 8 10 2
left_child=2 -2 4 -4 5 -1 7 12 9 10 -9 -11 14 27 15 -7 17 -16 19 20 -19 -18 23 -23 -24 26 29 28 -14 -26
right_child=1 -3 3 -5 -6 6 -8 8 -10 11 -12 -13 13 -15 16 -17 21 18 -20 -21 -22 22 24 -25 25 -27 -28 -29 -30 -31
leaf_value=-0.041295853337902824 0.049561925179405754 -0.02323987225619829 -0.014474833584777597 0.071207768493159115 0.053655445637507709 0.07568729617108115 0.04057363018759641 -0.044618406178288869 -0.041743041546836418 -0.023509903245063926 0.046759898741379757 0.05134427880787093 -0.016184747021036415 -0.040479016738792499 -0.021798012596889974 -0.041808024699817356 0.022788069066912772 0.041271115922396705 0.057542369541448958 0.056113236397371216 -0.045098684646176654 -0.0011024373586134022 -0.049354045041694238 0.081240857894279608 0.0094351372631819412 -0.019316602456284436 0.043813556492733191 0.094521312947835501 0.092569173661856394 -0.01196205316597075
leaf_weight=13.849752904847263 55.431927662342787 5.3745793029665938 5.1960741207003602 8.2263847589492762 5.9084869250655165 3.7909788135439149 9.8079713210463506 23.363367907702926 35.76668387465179 7.6100353896617916 4.7086278758943072 15.741440225392578 9.1419207789003902 4.4198326729238024 16.890979886054993 34.707739245146513 35.434351583942771 13.582366913557054 21.468345765024424 9.5296451076865178 16.563793916255236 282.77736004814506 17.451111786067486 12.911202669143675 78.059698332101107 134.01731883361936 12.623422145843504 6.2178076896816483 3.7175092957913867 161.39688668400049
leaf_count=348 838 36 44 65 40 50 52 311 577 112 48 116 134 70 133 853 356 102 159 72 148 4092 513 94 1159 2069 161 58 42 2363
internal_value=0.000142492 0.0428552 -0.00248214 0.0393347 -0.00308732 -0.00348154 -0.00290067 -0.00338564 -0.0192506 -0.0031086 -0.02821 0.0269863 -0.00178404 0.0300199 -0.00269616 -0.0286149 -0.00143471 0.0164923 0.0272505 0.00984809 -0.00610905 -0.00335871 -0.00471436 0.00275478 -0.0101804 -0.00828692 -0.00236988 0.0475558 0.0196654 -0.00497662
internal_weight=1065.69 60.8065 1004.88 13.4225 991.459 985.55 971.7 961.892 87.1902 51.4235 28.072 23.3515 874.702 23.4971 851.205 38.4987 812.706 78.0351 61.1442 39.6758 30.1462 734.671 699.237 295.689 403.548 386.097 252.08 19.0772 12.8594 239.457
internal_count=15215 874 14341 109 14232 14192 13844 13792 1164 587 359 228 12628 304 12324 903 11421 614 481 322 250 10807 10451 4186 6265 5752 3683 234 176 3522
cat_boundaries=0 1
cat_threshold=2
is_linear=0
shrinkage=0.05


Tree=55
num_leaves=31
num_cat=1
split_feature=24 16 4 13 13 13 2 7 11 13 3 36 13 13 9 14 22 31 1 2 2 2 14 13 14 9 35 7 7 18
split_gain=47.1157 14.8876 11.8127 7.92545 33.0899 21.1941 36.3589 23.1829 16.064 17.8803 35.3556 26.1012 12.8489 21.6429 12.8754 13.4714 25.3746 12.0752 11.2453 10.5833 19.1405 11.3668 9.66052 32.4037 34.948 25.2188 11.4562 15.7841 15.2222 12.067
threshold=0.013434098471603409 0.00073601346966557281 0.75719288729787759 0.98709033566375848 0.98561231548280681 0.98958686557372644 90.750000000000014 46.316187014804328 12.405000000000003 0.98676619293158552 -6.5337466386252077 0 0.98582484416193084 0.98614988489428013 12.599028275613241 0.97647981143690987 90.946022622556953 1.0000000180025095e-35 90.240882674525736 92.155000000000015 91.450000000000017 91.655000000000015 0.9727752253675831 0.98296129027962931 0.97052186025074461 12.599202950047133 0.00084542766226921987 49.049098228296657 48.182769605577811 28.500000000000004
decision_type=2 2 10 2 2 2 8 8 2 2 8 1 2 2 8 2 10 2 10 8 10 10 2 2 2 10 2 10 10 10
left_child=2 -2 3 4 17 -5 7 -7 -6 11 -11 12 -10 -14 -15 -16 -17 18 22 20 -8 -22 23 26 -25 -26 29 28 -28 -1
right_child=1 -3 -4 5 8 6 19 -9 9 10 -12 -13 13 14 15 16 -18 -19 -20 -21 21 -23 -24 24 25 -27 27 -29 -30 -31
leaf_value=-0.012221585203282859 0.048274339332172601 -0.048042723680763032 0.054179114925606592 -0.0369266112097211 0.075932081821924138 -0.011225653855824328 -0.03127268269391701 0.083476683740022581 0.096429411955279654 0.11195031210349288 -0.014597276845311336 -0.029131243486643168 -0.037905864294186686 -0.021662259689792046 0.11111804898232465 -0.040475303792410176 0.089009047750390646 0.051211994273956674 0.043504031420747213 -0.043679800433927093 0.074607982744474638 -0.0029686917285447075 -0.021456398995597051 -0.041093587453914303 0.0037679822344828481 0.13385347630361497 0.0064888386331892261 -0.03620813388662493 0.061648492718114137 0.030341389625986533
leaf_weight=470.54057528823614 55.056814048439264 3.5364082381129256 7.6540285162627688 63.194968478754163 12.075931135565041 9.8828233294188994 24.849561408162117 16.570387743413448 5.4887068793177596 11.278360325843094 9.6525395214557665 26.592730471864343 10.841138944029806 5.4918039478361633 7.370120573788884 6.5191392656415683 6.7843899875879288 8.0392034240066987 9.8921331614255887 25.726834094151855 8.236673556268217 9.5102809518575651 107.8675766158849 6.475941568613055 5.6520336493849745 10.278385665267704 70.847865996882319 16.159746371209621 14.271322729066013 16.330168263986707
leaf_count=7493 832 33 83 1015 108 103 346 111 54 91 133 387 132 56 63 117 34 44 83 527 86 115 1573 141 64 93 822 196 136 198
internal_value=-0.00144554 0.0417525 -0.00400542 -0.00450623 -0.00256213 -0.0147437 0.000278469 0.0489761 0.0239747 0.016247 0.0555868 0.00370558 0.0253263 0.0191845 0.0433634 0.0608395 0.027164 -0.00626896 -0.00697279 -0.0190106 -0.00345113 0.0350952 -0.00772732 -0.00527067 0.0524431 0.0906484 -0.00755464 0.0076882 0.0163455 -0.0107347
internal_weight=1062.67 58.5932 1004.08 996.421 838.45 157.972 94.7766 26.4532 102.095 90.0189 20.9309 69.088 42.4953 37.0066 26.1655 20.6736 13.3035 736.355 728.316 68.3234 42.5965 17.747 718.424 610.556 22.4064 15.9304 588.15 101.279 85.1192 486.871
internal_count=15269 865 14404 14321 12018 2303 1288 214 1175 1067 224 843 456 402 270 214 151 10843 10799 1074 547 201 10716 9143 298 157 8845 1154 958 7691
cat_boundaries=0 1
cat_threshold=274
is_linear=0
shrinkage=0.05


Tree=56
num_leaves=31
num_cat=2
split_feature=24 23 11 9 11 9 14 36 13 14 36 11 22 2 13 13 14 13 13 2 23 2 18 0 15 14 9 21 14 14
split_gain=36.6279 12.3553 9.60627 9.61578 15.2019 39.9192 15.7361 13.6825 11.8791 14.9646 11.4112 23.9468 23.2999 20.6607 44.3165 37.5082 36.526 22.3459 29.9985 19.952 18.0021 16.8461 16.606 17.0745 16.3812 15.8093 15.0047 18.8926 14.5015 24.2839
threshold=0.064979661364568633 0.83826208512007816 13.935 12.595609180378494 13.845000000000001 1.0000000180025095e-35 0.9770812322572523 0 0.98011640631863328 0.95487075896103502 1 12.415000000000001 98.850000000000065 90.750000000000014 0.97036199813395219 0.98672700743486341 0.95557382685642278 0.98734337471652645 0.98996851321614276 91.210000000000022 0.00083927823715176833 92.050000000000011 22.500000000000004 0.58055004220968776 0.95125650662112593 0.60191750796794097 12.600692230451473 34.150000000000013 0.95838171467000888 0.96179887815280274
decision_type=2 2 2 10 2 10 2 1 2 2 1 2 10 8 2 2 2 2 2 10 2 10 8 2 10 2 10 8 2 2
left_child=2 -2 3 4 5 -1 8 -6 9 -7 21 19 13 15 16 25 26 -17 -19 -12 -21 22 24 -24 -5 -13 -15 -28 -27 -30
right_child=1 -3 -4 10 7 6 -8 -9 -10 -11 11 12 -14 14 -16 17 -18 18 -20 20 -22 -23 23 -25 -26 28 27 -29 29 -31
leaf_value=0.096905378566883471 0.051513456891803006 -0.022394501822245338 -0.040313968587130725 0.080334351624584188 0.023547646094227888 -0.030374757298374029 0.047506246634462561 -0.014987031227746304 -0.022075742949178589 0.029245865699654611 -0.048948141148443661 0.083987007786146345 0.077540283094406873 -0.03552735031161134 -0.027829928138612639 0.12323831224651312 0.083840943571421023 -0.048666946272265345 0.073709779114835838 -0.039948818995530488 0.072718647626338104 0.052742520453620358 0.0069866428675743652 -0.01661444820490043 -0.030821281197528451 -0.04592183330121144 -0.039903711235517433 0.074530897677114225 0.065100572792037001 -0.011924136538184972
leaf_weight=14.027951963245867 44.231841892004013 5.8909777551889411 14.169260218739508 11.067116962745784 20.865572221577168 13.027317224070428 21.319040406495333 77.474167106673121 34.480644879862666 42.149485373869538 54.022345442324877 3.7835770845413199 7.6848954595625392 17.515237580984834 157.36627916432917 8.637718118727209 16.790385020896792 7.2192700989544418 12.146920004859565 5.8670251835137588 6.457466833293438 15.625235214829443 222.21314847841859 115.70549589954317 3.9546635951846829 19.769729824736714 5.0012484695762369 8.5255077164620161 11.444283466786144 56.600665923207998
leaf_count=80 719 43 287 126 187 148 185 1338 311 337 978 25 87 418 2921 49 125 89 89 110 58 116 2762 1926 92 409 142 136 128 776
internal_value=0.0012736 0.0425589 -0.00082588 -0.000221054 0.00888627 0.0203897 0.00993869 -0.00579432 0.000580273 0.0148792 -0.00287977 -0.00860565 -0.0033033 -0.00544821 -0.015049 0.0110118 0.0267085 0.0605707 0.0279409 -0.0360117 0.0201109 0.00346202 0.00123526 -0.0011197 0.050974 -0.00463004 -0.00584623 0.0323866 -0.00935084 0.00178567
internal_weight=1055.03 50.1228 1004.91 990.742 223.344 125.004 110.976 98.3397 89.6574 55.1768 767.398 398.833 332.486 324.801 205.199 119.602 47.8324 28.0039 19.3662 66.3468 12.3245 368.566 352.94 337.919 15.0218 91.5983 31.042 13.5268 87.8147 68.0449
internal_count=15197 762 14435 14148 2586 1061 981 1525 796 485 11562 6540 5394 5307 3742 1565 821 227 178 1146 168 5022 4906 4688 218 1338 696 278 1313 904
cat_boundaries=0 1 2
cat_threshold=1 178
is_linear=0
shrinkage=0.05


Tree=57
num_leaves=31
num_cat=3
split_feature=24 23 2 1 6 9 2 35 9 36 1 14 14 6 13 20 0 23 7 0 12 13 13 36 5 14 23 36 14 35
split_gain=40.4016 17.5939 8.82968 7.88577 16.7526 13.861 11.9981 11.8431 14.3806 14.2241 20.5423 21.1566 22.958 35.0883 22.2525 14.45 12.5809 13.0912 18.4802 11.9719 16.3396 12.2439 24.6448 11.2368 16.2118 10.2179 9.91461 11.6104 11.6648 10.8687
threshold=0.0083963115447521306 0.79627093372925517 93.155000000000015 75.707365578815526 39.389249377727531 12.59834253397303 90.950000000000017 0.00056203457622182318 12.602847200858154 0 89.041587892412863 0.96664016958134613 0.97118288508988704 38.9397727375055 0.98098354405143817 7.5907926227922156 0.93973875578690558 0.00056235063672986911 46.066617748277899 0.99943938331064164 -0.055069617757231591 0.98011640631863328 0.98058174413478938 1 219.54916261270316 0.96831591780518433 0.00056314234538678372 2 0.95817873819485044 0.00083951309884758719
decision_type=2 2 10 8 8 10 10 2 10 1 10 2 2 10 2 10 2 2 8 2 2 2 2 1 10 2 2 1 2 2
left_child=2 -2 3 4 6 -6 -1 9 26 10 11 -5 13 -13 -15 19 17 18 -14 -11 -21 -22 -23 24 -7 -25 -9 29 -29 -28
right_child=1 -3 -4 7 5 23 -8 8 -10 15 -12 12 16 14 -16 -17 -18 -19 -20 20 21 22 -24 25 -26 -27 27 28 -30 -31
leaf_value=-0.010247814652237121 0.050714301120080622 -0.031839179572141559 0.039474119283394393 -0.022790090656188065 0.079426581768223967 0.065944496723402787 0.061188156867308913 0.03187454793780297 -0.046894326629786501 -0.016907097823690553 -0.033092718451687889 0.18329316717402264 0.075881035974260685 -0.026893466960012755 0.11146698046641908 0.050598877867400784 0.087412669028434045 0.077167695742647591 -0.037275626699183023 0.11113949378114024 -0.040468320039233049 0.11360019142110123 -0.019559543927442427 -0.035529464302128382 -0.0035770018959404627 0.025453602135731432 -0.034455344548826074 -0.051216145095498669 -0.0040074836456974652 0.015637190530040541
leaf_weight=96.167795311659575 50.698668461292982 6.6885281279683104 11.609471555799244 16.393222112208605 9.3051593005657178 20.47250010073185 5.2641721982508889 30.64167026989162 12.742832679301499 381.34902562759817 19.513363733887672 5.2573409490287295 3.5078326389193633 6.5282236710190755 3.8463382050395012 7.6990394704043856 3.9559390731155863 3.565067119896411 17.559957083314657 2.9987583681941059 9.2062908932566661 4.5692750103771678 8.6143223475664836 16.963626474142078 13.597122278064488 10.228164270520208 10.823852419853209 14.201125979423521 95.598980195820332 135.77646289207041
leaf_count=1169 852 48 104 247 74 186 56 361 273 6753 279 44 43 103 39 66 40 23 272 17 179 25 178 255 116 102 172 286 1148 1624
internal_value=0.000307759 0.0407121 -0.00210236 -0.00264214 0.00703692 0.0255684 -0.00597923 -0.00474414 0.0030914 -0.00949038 0.0092744 0.0247346 0.042467 0.0892667 0.0296932 -0.0130413 0.0147256 9.7558e-05 -0.01585 -0.0146869 0.0180383 0.00135048 0.0313474 0.0162434 0.0302594 -0.00922818 0.00546554 0.00219791 -0.00964951 0.010986
internal_weight=1035.34 57.3872 977.957 966.347 171.999 70.5666 101.432 794.349 299.785 494.564 80.1273 60.6139 44.2207 15.6319 10.3746 414.437 28.5888 24.6329 21.0678 406.738 25.3886 22.3899 13.1836 61.2614 34.0696 27.1918 287.042 256.4 109.8 146.6
internal_count=15134 900 14234 14130 1958 733 1225 12172 3864 8308 1090 811 564 186 142 7218 378 338 315 7152 399 382 203 659 302 357 3591 3230 1434 1796
cat_boundaries=0 1 2 3
cat_threshold=2 26 248
is_linear=0
shrinkage=0.05


Tree=58
num_leaves=31
num_cat=1
split_feature=24 16 4 5 9 14 13 13 14 13 2 1 2 13 35 13 14 13 14 36 7 13 15 1 13 2 8 1 18 15
split_gain=34.0322 19.8553 10.0771 8.21565 7.52102 19.9002 11.181 27.5389 20.7282 17.1385 23.6799 16.2002 13.6554 13.8289 13.5392 12.2162 24.281 24.2513 22.8773 22.5836 17.5971 16.3457 14.0899 13.2824 17.1785 12.885 12.4266 11.6892 11.5969 21.1973
threshold=0.013434098471603409 0.00090217513984232713 0.75719288729787759 335.40977164589435 12.595609180378494 0.97732800967614086 0.98709033566375848 0.98669277171611658 0.97715423266838386 0.99296607222989886 92.155000000000015 83.652376042718117 92.050000000000011 0.98188167149641148 0.00056093115673270784 0.98288335031014462 0.9727752253675831 0.98188167149641148 0.97052186025074461 0 46.662657771325406 0.98503153871488747 0.9776513892850528 89.326310326727864 0.98312172919995788 34.210000000000008 43.050980306471367 69.532978383363044 22.500000000000004 0.95125650662112593
decision_type=2 2 10 10 8 2 2 2 2 2 8 10 10 2 2 2 2 2 2 1 8 2 10 8 2 8 10 8 8 10
left_child=2 3 4 -2 5 -1 7 8 12 14 -11 -9 15 -14 -8 17 18 25 -17 20 21 -18 -23 24 -20 -6 28 -16 29 -27
right_child=1 -3 -4 -5 6 -7 9 11 -10 10 -12 -13 13 -15 27 16 19 -19 23 -21 -22 22 -24 -25 -26 26 -28 -29 -30 -31
leaf_value=-0.00092039912260237749 0.0522755254104793 -0.064248123610028601 0.052845553742849709 -0.019486165268417004 0.045789649757327383 0.054387631851382803 -0.041163108219266942 0.062774653670572472 -0.042459072552195699 0.055427324374126875 -0.0489089387555635 -0.022750028051721029 0.0013888946146281896 0.067414505803874092 0.054463345287668552 -0.025712391231809476 -0.017610811166162709 -0.045042316916722322 0.09474884365491841 -0.03059466425999581 -0.0081721261418546409 0.092482774048113808 0.0017669143755301604 0.14397432868711699 -0.016982179451502277 0.062933614906883331 0.051800231902915952 -0.015290099458906723 -0.0085342770002903561 -0.021893236030290003
leaf_weight=87.412295218557119 45.846475049853325 3.5410179421305648 7.1108233854174605 3.8548712357878676 11.650733087211846 18.972612373530865 61.879416611045599 23.467750055715445 32.736382558941841 15.417761228978636 7.2228682395070782 6.5887674987316123 18.836733043193821 12.751793775707482 5.8482839167118064 6.1209773048758533 6.9424380511045483 37.988715682178736 7.0129600316286105 29.60692261531949 28.358956009149551 15.077552583068611 5.8872673735022536 5.2321688421070567 5.5691921263933182 14.965735549107196 8.3326231986284238 48.488341186195612 432.67431361973286 12.944139419123529
leaf_count=783 811 27 81 26 137 163 1209 207 633 110 133 88 175 95 47 149 89 606 67 508 334 123 64 37 69 195 72 679 7085 320
internal_value=-0.000523525 0.0380251 -0.00266516 0.0464351 -0.00312705 0.00935782 -0.00467766 -0.00217034 -0.00422968 -0.0176194 0.0214809 0.0438977 -0.00227197 0.0292932 -0.025355 -0.00390281 0.0111792 -0.00711191 0.0546147 -0.00141686 0.0166394 0.0470191 0.0682485 0.0821147 0.0476846 -0.00402621 -0.00535875 -0.00693395 -0.00650282 0.0241959
internal_weight=1028.34 53.2424 975.099 49.7013 967.988 106.385 861.603 722.746 692.69 138.857 22.6406 30.0565 659.953 31.5885 116.216 628.365 109.808 518.556 23.9353 85.8731 56.2662 27.9073 20.9648 17.8143 12.5822 480.568 468.917 54.3366 460.584 27.9099
internal_count=15122 864 14258 837 14177 946 13231 11053 10758 2178 243 295 10125 270 1935 9855 1440 8415 322 1118 610 276 187 173 136 7809 7672 726 7600 515
cat_boundaries=0 1
cat_threshold=18
is_linear=0
shrinkage=0.05


Tree=59
num_leaves=31
num_cat=1
split_feature=24 23 4 26 26 7 7 7 7 2 13 11 9 14 1 13 6 9 37 35 7 13 7 13 9 13 13 14 13 35
split_gain=29.7569 14.3366 8.69463 7.44595 10.1865 11.3029 14.0014 18.2557 17.2425 18.8044 31.7326 16.3834 13.4913 13.6593 17.6655 12.7992 14.3259 12.4692 11.9026 11.2136 11.1927 22.4368 20.84 17.5339 11.3002 10.795 19.9282 24.3007 12.0849 29.1831
threshold=0.064979661364568633 0.83826208512007816 0.75719288729787759 0.037156477846326426 0.00028030834467924088 50.325911600263986 49.70766889956554 49.529134089882341 48.879481802265822 90.710000000000022 0.98296129027962931 12.395000000000001 12.599028275613241 0.97489284977279889 76.343007653758505 0.98640211971239711 39.304688991467494 12.598904561040563 0 0.0014035087995766585 47.176765420631391 0.99296607222989886 47.136297626987698 0.99040083656784506 12.574831259649676 0.98958686557372644 0.98701645386102477 0.98058559641403897 0.98503153871488747 0.00056266705291159837
decision_type=2 2 10 2 2 10 10 10 10 10 2 2 10 2 10 2 10 10 1 2 10 2 10 2 10 2 2 2 2 2
left_child=2 -2 3 4 5 6 7 8 18 10 -10 -11 13 14 -7 16 -8 -18 19 -1 22 24 23 25 -22 26 27 28 -20 -30
right_child=1 -3 -4 -5 -6 12 15 -9 9 11 -12 -13 -14 -15 -16 -17 17 -19 20 -21 21 -23 -24 -25 -26 -27 -28 -29 29 -31
leaf_value=-0.04122861803945882 0.050779044924750577 -0.033862091414193843 0.050977162468162696 -0.052508245549036693 0.037556249043428136 0.071891290906719987 -0.017812326851259663 -0.053741798778785779 -0.031140381900445258 0.082899344865010063 0.10167543749327013 -0.0097139005195776354 -0.037223272706051365 0.041075080374018857 -0.040407155647456908 -0.043298570548484829 0.026247358353670969 0.10370942097967149 -0.00078212119466333904 0.04021206514022662 0.0039102615311744438 0.057345449064666043 0.078865047851378683 -0.037776104097282603 -0.026363481569808018 0.042073935862526952 -0.035712235324370227 0.087205333748110667 0.038474883240093655 -0.030874135831397576
leaf_weight=30.452138967812061 38.610314380377531 5.0213807895779601 6.9046923741698256 6.1518992669880381 15.581212989985941 3.3224368244409588 6.8481239080429104 15.435296094045041 5.8255542796105173 4.5974174290895453 14.252673238515852 31.594231709837914 46.023035643622279 13.669893139973281 18.403481168672442 4.1630889512598506 12.402807781472804 9.2840309683233482 398.86607946828008 4.0690993666648856 42.888519296422601 9.698497995734213 7.7218857109546652 26.752027232199907 106.48817560635507 16.101047048345208 32.329933507367969 7.6729881875216952 57.673609750345349 19.620566669851542
leaf_count=862 710 36 84 66 153 30 96 216 110 31 95 463 736 133 253 80 156 115 6015 38 503 75 69 532 1671 176 625 53 680 240
internal_value=0.00057439 0.0404976 -0.00125224 -0.00167706 -0.00129771 -0.00197653 -0.000289931 -0.00156775 -0.000517039 0.0259417 0.0634907 0.00396339 -0.0196688 0.00355187 -0.0208262 0.0313072 0.0432892 0.0625182 -0.00250666 -0.0307672 -0.00112205 -0.012798 0.00217198 0.000973657 -0.0177032 0.00298844 0.00169022 0.00425797 0.00274137 0.0207016
internal_weight=1018.43 43.6317 974.794 967.89 961.738 946.157 864.738 832.04 816.604 56.2699 20.0782 36.1916 81.4188 35.3958 21.7259 32.6981 28.535 21.6868 760.335 34.5212 725.813 159.075 566.738 559.016 149.377 532.264 516.163 483.833 476.16 77.2942
internal_count=15102 746 14356 14272 14206 14053 12901 12454 12238 699 205 494 1152 416 283 447 367 271 11539 900 10639 2249 8390 8321 2174 7789 7613 6988 6935 920
cat_boundaries=0 1
cat_threshold=2
is_linear=0
shrinkage=0.05


Tree=60
num_leaves=31
num_cat=2
split_feature=24 23 11 9 11 9 13 36 13 13 2 23 11 36 22 22 11 2 13 22 14 14 13 14 0 13 2 6 13 13
split_gain=27.8819 12.9383 8.48972 9.78426 11.8052 37.6476 13.6272 9.75265 18.0326 19.0785 13.0246 12.2298 9.4336 9.05131 18.6369 15.9021 16.3838 16.4883 30.8035 26.2067 20.0736 18.2015 28.789 20.7987 18.3938 27.5068 15.7612 15.5051 15.3483 30.5466
threshold=0.064979661364568633 0.83826208512007816 13.935 12.595609180378494 13.845000000000001 1.0000000180025095e-35 0.9903158454674631 0 0.9817169286488151 0.98011640631863328 91.450000000000017 0.000561876679158077 12.375000000000002 1 98.850000000000065 90.899999999999991 12.415000000000001 90.750000000000014 0.98661692455753014 91.197457627118624 0.97951475982573066 0.97297960155634466 0.98296129027962931 0.9626037769324296 0.55974138187226108 0.97252146170806253 91.210000000000022 39.107064805867417 0.98683020286433087 0.98457203693718576
decision_type=2 2 2 10 2 10 2 1 2 2 10 2 2 1 10 8 2 10 2 10 2 2 2 2 2 2 10 10 2 2
left_child=2 -2 3 4 5 -1 12 8 9 10 11 -6 -7 28 15 -15 26 18 21 20 -20 22 23 24 25 -18 -17 -26 29 -5
right_child=1 -3 -4 13 7 6 -8 -9 -10 -11 -12 -13 -14 14 -16 16 17 -19 19 -21 -22 -23 -24 -25 27 -27 -28 -29 -30 -31
leaf_value=0.096054511751611227 0.050421069830706412 -0.026226029058177787 -0.041475857775140831 -0.0019351538052326249 -0.015380055917322586 0.010160068316773374 0.064841265241604135 -0.024897132381954651 -0.017394919271424707 0.10070062448319224 -0.025736846058367485 0.078168113365144232 -0.028712079192648888 -0.051500447569411113 0.062295340364729057 -0.045062337798687166 -0.032280799352017914 -0.018012850701116585 0.099403707170216918 -0.036087222152155228 0.019057170353595339 -0.048632681154456375 0.081649701126661395 -0.031064740642113942 0.057988242714777774 0.075271140226863015 0.019814281866633324 -0.03534013237808039 -0.028505773877818663 0.038330418653195267
leaf_weight=12.831800475716589 35.742870070040226 5.8347338587045661 12.456898918375371 268.16574958898127 5.1445796340703991 77.44611756876111 8.6406283937394601 27.740725729614496 35.668596351519227 7.0298875719308844 11.744400227442382 8.2898266036063415 18.490520000457764 22.086977439001203 7.8320745378732672 47.142836522310972 28.909726971760392 120.55354894697666 17.033033981919292 7.4921563863754264 14.682894330471752 19.646295294165611 9.4182462058961374 44.859528100118041 23.962315659970049 6.4359483104199162 11.007898934185503 4.7085628006607285 36.868450915440917 56.115847248584032
leaf_count=75 686 39 267 3954 82 585 69 562 588 56 181 74 290 690 90 866 546 1902 108 226 131 394 89 827 369 90 153 102 532 527
internal_value=-0.000303205 0.0393016 -0.00203524 -0.00148081 0.00794769 0.0185047 0.00816952 -0.00507257 0.0060148 0.0334936 0.0115996 0.043761 0.00244907 -0.0041769 -0.00935783 -0.0112501 -0.00861457 -0.00382532 0.00587651 0.0443932 0.0639267 -0.00531213 0.0022299 -0.00532083 0.0129195 -0.0111649 -0.0326539 0.0419866 0.0015825 0.00512909
internal_weight=1013.98 41.5776 972.406 959.949 213.027 117.409 104.577 95.618 67.8773 32.2087 25.1788 13.4344 95.9366 746.922 385.772 377.94 355.853 297.702 177.149 39.2081 31.7159 137.941 118.294 108.876 64.0166 35.3457 58.1507 28.6709 361.15 324.282
internal_count=15150 725 14425 14158 2562 1019 944 1543 981 393 337 156 875 11596 6583 6493 5803 4784 2882 465 239 2417 2023 1934 1107 636 1019 471 5013 4481
cat_boundaries=0 1 2
cat_threshold=285 178
is_linear=0
shrinkage=0.05


Tree=61
num_leaves=31
num_cat=1
split_feature=24 23 8 4 13 13 9 35 2 14 3 21 14 14 7 14 14 18 23 35 14 18 13 14 9 9 36 9 2 7
split_gain=26.6101 12.1233 10.4289 8.77707 7.22791 19.4584 14.9446 13.5426 14.9463 11.8696 21.3866 11.6085 11.5668 25.1354 17.4922 14.3684 36.0592 19.1492 19.2885 32.5337 17.4477 16.9132 13.6826 21.8526 16.4113 14.8091 13.5911 12.938 20.3921 14.025
threshold=0.064979661364568633 0.83826208512007816 45.402249188896718 0.37249102616780821 0.98709033566375848 0.98561231548280681 12.595609180378494 0.00084092503403772258 91.750000000000014 0.98141230956929271 -4.7053261985890327 34.350000000000001 0.97107488109568363 0.97083672735378745 50.767821490311654 0.96652452294966062 0.96422356974965451 24.500000000000004 0.00028172982669190692 0.0011193507984634497 0.96391174929425227 22.500000000000004 0.97731523842680501 0.96877584893990709 12.599420719942865 12.601308312812987 0 12.603734789461031 91.450000000000017 49.70766889956554
decision_type=2 2 10 10 2 2 8 2 8 2 8 10 2 2 10 2 2 8 2 2 2 8 2 2 10 10 1 8 10 10
left_child=2 -2 3 4 5 12 -6 -8 9 -9 -11 -7 13 14 15 16 20 -17 22 -20 21 -1 -19 25 -25 -24 -23 29 -29 -28
right_child=1 -3 -4 -5 6 11 7 8 -10 10 -12 -13 -14 -15 -16 17 -18 18 19 -21 -22 26 23 24 -26 -27 27 28 -30 -31
leaf_value=0.037922775310014742 0.051530109804923341 -0.020653401601155221 0.042759276808914143 0.039275383722173235 0.035449320886211541 0.016343173172120973 -0.027470533577619007 -0.014310651047236334 -0.040280390183963288 0.09139011756265486 -0.018377330348725039 0.089683595470022179 -0.013999795651387254 0.10431041347395431 -0.038547327484328736 -0.037542381639892965 -0.050093693821251818 0.10323136191311032 -0.010118497981540813 0.061086167063811675 0.078573632562250348 0.012320772606740039 -0.039311436815018391 0.095595338044814848 0.013997379357859989 0.065826773092518789 -0.020603031387344151 0.049747566297700607 -0.042978408025422556 0.030739189435265463
leaf_weight=25.848393389955163 34.613403517752886 6.3865610510110846 12.682379417121409 12.209629639983175 14.04945609346032 93.843068325892091 93.246035527437925 10.66680550761521 10.790809752419589 10.806134060025213 6.6472427733242538 4.8103694766759864 173.19965813867748 4.8064720258116713 27.277451811358333 14.870344407856463 36.439624600112438 7.7420858256518832 68.157734464854002 19.900732982903719 6.2378939576447001 83.919940978288651 12.224611615762113 13.67694407515228 11.305951619520782 3.5123435147106639 154.27999638393521 17.956358918920163 7.7356567028909913 13.666883192956446
leaf_count=411 699 44 130 118 102 1095 1739 113 199 70 76 43 2481 50 461 333 749 88 899 181 61 1242 217 137 182 34 2655 260 153 192
internal_value=0.00109577 0.0400621 -0.00058647 -0.00120311 -0.00176551 0.000104895 -0.011949 -0.0172162 0.00742978 0.0264926 0.050854 0.0207833 -0.00282336 0.000851549 -0.000292682 0.00187801 -0.00374529 0.0146733 0.0205925 0.00647859 0.00185278 2.25033e-05 0.0455888 0.0324175 0.0606283 -0.0133146 -0.00363053 -0.0106568 0.0212643 -0.0162678
internal_weight=1013.51 41 972.511 959.829 947.619 801.413 146.206 132.157 38.911 28.1202 17.4534 98.6534 702.759 529.559 524.753 497.475 346.085 151.391 136.52 88.0585 309.645 303.407 48.4619 40.7199 24.9829 15.737 277.559 193.639 25.692 167.947
internal_count=15214 743 14471 14341 14223 11924 2299 2197 458 259 146 1138 10786 8305 8255 7794 5723 2071 1738 1080 4974 4913 658 570 319 251 4502 3260 413 2847
cat_boundaries=0 1
cat_threshold=74
is_linear=0
shrinkage=0.05


Tree=62
num_leaves=31
num_cat=0
split_feature=24 21 26 2 12 21 5 17 13 19 13 15 14 13 9 14 14 6 14 9 6 14 14 14 5 2 14 11 2 14
split_gain=29.8889 9.34938 9.27658 12.1526 15.5534 16.3953 13.9786 11.9244 9.24158 9.05357 22.6349 9.29088 8.21573 25.9409 15.5353 15.0037 21.2522 18.8021 13.2363 10.0118 9.40776 9.37805 18.9009 15.7607 14.7397 11.121 21.4767 22.3334 21.0107 15.0994
threshold=0.049027930214478439 34.050000000000004 0.00028030834467924088 91.345000000000013 -0.055069617757231591 33.105000000000011 0.99704051432731255 10.442702489403304 0.98368654820517165 10.767846909817493 0.9673209029202966 0.92204335126727888 0.95817873819485044 0.97036199813395219 12.602757693781436 0.96652452294966062 0.96422356974965451 40.38750689521828 0.96391174929425227 12.602847200858154 38.212169840517433 0.97107488109568363 0.97163219772699894 0.97083672735378745 -46.602747678090161 91.290000000000006 0.96841679912732037 12.405000000000003 75.895000000000024 0.96877584893990709
decision_type=2 8 2 8 2 10 8 10 2 10 2 8 2 2 10 2 2 10 2 10 8 2 2 2 8 10 2 2 8 2
left_child=1 2 3 -1 5 6 -5 -6 -7 11 -11 -3 14 -14 20 16 17 18 -15 21 -13 23 -23 24 -17 26 27 -26 -29 -27
right_child=-2 9 -4 4 7 8 -8 -9 -10 10 -12 12 13 15 -16 19 -18 -19 -20 -21 -22 22 -24 -25 25 29 -28 28 -30 -31
leaf_value=-0.044046426908435611 0.041592507551701408 0.048721089615687739 0.051501452062975454 0.0025694452442016364 0.050209930302121647 -0.043990398918966354 0.10772776222986379 -0.026544148199461149 0.046641837148066405 0.084445337513872065 -0.013192811753348081 0.023988777643466613 0.035962994238632542 -0.020422826436796566 0.069248858123462265 0.094567158415971422 -0.050850188975357785 0.073455322125594288 0.052628037426571933 -0.035806180374837522 -0.022451731076544249 -0.043684975523135876 0.0013257555695560068 0.097017390810786655 0.073944671965262096 -0.011254073099615869 -0.025553777070368894 0.088013942777539614 -0.019213551394834289 0.046879268898567868
leaf_weight=30.397964252158999 40.557768184691668 8.3976646512746793 4.1523097008466712 5.4314732234925049 4.6051865499466649 8.0146379321813566 6.7272347752004862 59.429619032889605 3.1546076573431483 9.7176061049103755 12.791999453678725 11.411590762436388 47.70921066403389 51.046221299096942 4.4379434920847407 3.9770499244332314 34.396930249407887 6.2616448774933806 6.0731796137988558 16.56765373237431 99.382382789626718 23.923564372584224 362.55075853690505 4.4130368996411553 13.1663202047348 16.804421693086624 49.356997583061457 4.4656510204076794 26.839296728372574 30.477970186620951
leaf_count=846 772 69 33 119 51 177 82 1448 44 60 112 140 392 877 89 42 723 55 60 369 1752 324 4747 40 96 249 703 36 423 300
internal_value=7.20703e-05 -0.00171223 -0.0145961 -0.0173408 -0.00765518 0.0265614 0.0645172 -0.0203371 -0.0166632 0.000163492 0.0307575 -0.000711009 -0.00128065 0.000767729 -0.0135888 -0.00186554 -0.0198143 -0.00244291 -0.0118839 0.00134073 -0.0174966 0.00255353 -0.00156605 0.0131427 0.00994493 0.00691128 -0.00309112 0.021853 -0.00166656 0.0264132
internal_weight=1006.64 966.082 121.913 117.761 87.3628 23.328 12.1587 64.0348 11.1692 844.169 22.5096 821.659 813.262 698.03 115.232 650.321 97.778 63.381 57.1194 552.543 110.794 535.975 386.474 149.501 145.088 141.111 93.8283 44.4713 31.3049 47.2824
internal_count=15230 14458 2800 2767 1921 422 201 1499 221 11658 172 11486 11417 9436 1981 9044 1715 992 937 7329 1892 6960 5071 1889 1849 1807 1258 555 459 549
is_linear=0
shrinkage=0.05


Tree=63
num_leaves=31
num_cat=2
split_feature=24 20 11 11 22 22 15 22 22 21 14 14 13 13 36 9 5 21 19 36 2 14 5 14 7 13 5 15 14 14
split_gain=27.3245 8.02658 7.95188 16.592 7.27169 8.64428 22.4994 10.8939 12.9522 12.3083 9.76985 15.2446 24.7855 13.1251 13.0864 17.2814 18.6356 15.0758 13.8455 11.7945 19.8737 19.4132 32.4985 31.219 17.4979 14.8788 30.3397 25.8871 16.5958 18.7778
threshold=0.049027930214478439 18.226976976324455 12.105000000000002 11.155000000000003 88.409706400535271 88.699198210922745 0.95835735262550847 90.21792749529186 90.308222213439549 30.950000000000003 0.9259651230140683 0.95862254746452957 0.97036199813395219 0.972169313176101 0 12.600069412386999 62.652826103868563 34.150000000000013 10.636034706320084 1 92.050000000000011 0.96422356974965451 64.388027314974423 0.96658414577601304 49.876985444475537 0.97816387943121341 -18.851048569358401 0.96996816340602365 0.96824070102591553 0.96906232746243581
decision_type=2 10 2 2 8 8 8 8 8 10 2 2 2 2 1 10 8 8 10 1 10 2 8 2 8 2 10 8 2 2
left_child=1 2 3 -1 -4 6 -6 9 -9 -7 -10 14 -13 -14 15 18 -17 -18 -12 20 21 22 24 -23 -15 26 -25 -28 -27 -30
right_child=-2 -3 4 -5 5 7 -8 8 10 -11 11 12 13 19 -16 16 17 -19 -20 -21 -22 23 -24 25 -26 28 27 -29 29 -31
leaf_value=-0.016538564067275142 0.040811217266266867 0.052898713643443888 -0.0397139765086253 0.048093084873446795 0.092570361601201967 0.046080009291583346 -0.042619273143019776 0.068604755269095138 0.022386385048227434 -0.043700456117850561 -0.040290720438711181 0.036459234572595839 -0.041638741569024022 -0.013457784865890566 -0.028773260753686802 -0.026892510663258491 -0.011607893336025778 0.10689598903306663 0.06267946097687277 -0.012454564910028077 0.058190250017348732 -0.050031814475207118 0.10090188192780339 0.10863257056035205 0.087863485716621018 -0.050927541265659564 -0.027129635791976688 0.080430012316412544 0.048239746290980087 -0.0023297926696316191
leaf_weight=16.938415668904781 38.825652908533812 5.7435609325766555 12.15393755212426 21.720211554318666 6.6535424236208174 3.5961526837199953 4.3761127125471839 5.4902988262474528 37.284955229610205 26.573464095592499 17.860135791823271 41.455045588314533 20.234815837815404 24.173437822610143 83.908448224887252 6.099481638520956 3.4431860782206067 8.8170158471912146 3.0192557051777831 169.98788771033287 14.559811111539601 30.987513530999422 11.450358007103203 8.5235133953392488 4.1313774175941935 15.33751856908202 18.536891192197803 6.8407989256083956 18.538748677819967 302.61197348497808
leaf_count=129 767 42 346 190 71 38 125 35 405 592 347 342 367 400 1925 111 75 105 27 2964 104 640 90 78 50 248 272 76 191 3912
internal_value=0.000235723 -0.00146186 -0.0018477 0.0200715 -0.0028034 -0.00225809 0.0398486 -0.00282824 -0.00176554 -0.0318638 -0.00230154 -0.0034634 -0.000550174 -0.00297814 -0.0195887 0.00595029 0.0416794 0.0752495 -0.0232165 -0.00166339 0.00259639 0.000692746 0.0335748 -0.00263947 0.0038247 0.00144951 0.0325253 0.00381409 -0.00176847 0.000730066
internal_weight=989.874 951.048 945.304 38.6586 906.646 894.492 11.0297 883.462 853.292 30.1696 847.802 810.517 687.37 645.915 123.148 39.2391 18.3597 12.2602 20.8794 625.68 455.692 441.132 39.7552 401.377 28.3048 370.389 33.9012 25.3777 336.488 321.151
internal_count=15064 14297 14255 319 13936 13590 196 13394 12764 630 12729 12324 9734 9392 2590 665 291 180 374 9025 6061 5957 540 5417 450 4777 426 348 4351 4103
cat_boundaries=0 1 2
cat_threshold=80 307
is_linear=0
shrinkage=0.05


Tree=64
num_leaves=31
num_cat=0
split_feature=24 8 23 11 7 1 7 13 14 22 7 21 0 35 14 19 13 11 21 13 17 11 13 2 13 6 3 0 7 14
split_gain=25.1544 10.2753 6.92469 6.80713 6.20829 9.67254 8.63833 16.3872 10.2677 7.53949 7.09463 7.96075 11.3162 12.5966 10.0855 9.5334 19.0377 9.10365 12.8847 7.12664 6.93264 7.87798 6.83998 14.4532 11.8031 7.08858 9.7437 13.2464 17.1372 15.7024
threshold=0.064979661364568633 45.402249188896718 0.83826208512007816 13.935 50.325911600263986 89.539873861304329 53.033041424830067 0.98117403270200143 0.98133058781591365 94.884154157737527 50.243362332872884 34.050000000000004 0.99944001118880077 0.0014035087995766585 0.59704482234658074 10.632594798044158 0.96627312633664098 13.845000000000001 32.550000000000004 0.98109291953243882 10.442702489403304 12.335000000000003 0.99296607222989886 92.155000000000015 0.9916310933903677 39.467813119629859 -15.38213864418274 0.89119458159069531 49.70766889956554 0.96949569475832498
decision_type=2 10 2 2 10 8 10 2 2 10 10 8 2 2 2 10 2 2 10 2 10 2 2 8 2 10 10 2 10 2
left_child=1 3 -2 4 10 6 9 -8 -9 -6 11 12 13 20 -13 22 -17 -14 -19 -18 -1 -22 24 -24 25 -16 -27 29 -29 -28
right_child=2 -3 -4 -5 5 -7 7 8 -10 -11 -12 14 17 -15 15 16 19 18 -20 -21 21 -23 23 -25 -26 26 27 28 -30 -31
leaf_value=0.025181796080388237 0.049387938645607227 0.041556328339191394 -0.01224047397603229 -0.038297952585704509 -0.03653372496831564 0.048054074851302864 -0.047249911840086818 0.058938943418734714 -0.021401977126496927 0.032132162843732368 0.05471006509926412 0.070567425566890093 0.097978804728902566 0.05367574230790724 -0.0045255530977689881 0.07553181596589835 -0.033450041897365661 -0.044246553475389666 0.054451009908188387 0.029472549271791982 0.0061473453273771022 -0.034923464475101099 0.061685911873171684 -0.030991335682781146 -0.050979143458763504 0.027467645388423223 -0.028152108683404821 0.0081701832143531283 0.077090549367411998 0.0066617544237540134
leaf_weight=5.8239194527268401 30.279659200459719 12.4747715331614 4.9254640638828269 12.040517807006834 47.476736957207322 4.7410560846328726 8.9004779048264044 11.130095519125463 5.2842432893812648 3.5981748886406413 4.752095215022563 4.1524645611643782 2.4832423105835906 4.5628978498280039 432.2631051260978 11.335289627313616 9.3555377777665871 5.6873924266546947 5.5503970701247454 6.9888407848775378 13.694313686341046 68.800973132252693 10.954373460263016 5.7288514021784058 10.886026527732609 42.954594649374485 53.711089162155986 52.847473511472344 9.9557625763118249 78.668938048183918
leaf_count=90 689 135 37 274 766 46 150 97 60 65 68 27 17 43 6540 96 116 186 93 93 97 1975 80 95 204 399 873 653 99 958
internal_value=-0.000237207 -0.00179941 0.0406657 -0.00242208 -0.00191275 -0.0150341 -0.0195199 0.0042806 0.0333311 -0.0311721 -0.00063083 -0.00101021 -0.0137065 -0.0199924 0.000860572 0.000365117 0.0286184 0.0273123 0.00496672 -0.0063964 -0.0243567 -0.0281137 -0.000794674 0.0299086 -0.00158926 -0.000712531 0.00619877 0.00140191 0.0201327 -0.00756858
internal_weight=982.009 946.804 35.2051 934.329 922.288 81.1308 76.3897 25.3148 16.4143 51.0749 841.158 836.405 106.603 92.8821 729.802 725.65 27.6797 13.721 11.2378 16.3444 88.3192 82.4953 697.97 16.6832 681.287 670.401 238.138 195.183 62.8032 132.38
internal_count=15121 14395 726 14260 13986 1184 1138 307 157 831 12802 12734 2501 2205 10233 10206 305 296 279 209 2162 2072 9901 175 9726 9522 2982 2583 752 1831
is_linear=0
shrinkage=0.05


Tree=65
num_leaves=31
num_cat=3
split_feature=24 3 31 37 18 9 13 14 36 14 14 6 14 14 13 9 2 9 20 3 13 36 11 13 14 6 13 3 13 8
split_gain=20.6779 10.8321 7.38551 7.96827 8.06949 18.6075 7.26609 24.987 17.8012 17.2545 14.4979 16.3253 12.8937 11.0153 18.6894 10.9317 9.97635 10.6434 12.9343 9.61781 10.3593 10.2842 9.24507 10.6123 8.95583 8.90576 8.87508 23.5518 8.25366 17.6235
threshold=0.064979661364568633 -26.425000933640593 0.0016764471125200952 0 22.500000000000004 12.600515362180206 0.97036199813395219 0.95817873819485044 1 0.96652452294966062 0.96422356974965451 40.38750689521828 0.60191750796794097 0.96683734823220291 0.97793853941054387 12.602373110197984 88.395000000000024 12.598229216372156 0.2613765666341325 0.0058829028716318446 0.96875558981680743 2 13.845000000000001 0.96447173709416978 0.9259651230140683 39.605282116379023 0.97526886445104688 -16.337125659443419 0.97731523842680501 27.860702312404207
decision_type=2 8 2 1 10 10 2 2 1 2 2 10 2 2 2 10 8 10 10 8 2 1 2 2 2 10 2 10 2 10
left_child=2 -2 3 4 5 -1 7 8 12 10 11 26 -5 14 -11 25 -10 22 -19 20 -9 -22 23 24 -18 28 -8 -28 29 -15
right_child=1 -3 -4 6 -6 -7 9 19 16 13 -12 -13 -14 15 -16 -17 17 18 -20 -21 21 -23 -24 -25 -26 -27 27 -29 -30 -31
leaf_value=-0.040346427158293452 -0.034414904612428042 0.047982048623252282 0.033195324054092722 0.039451108081160799 -0.031094097827010177 0.088905543748043298 -0.02423573810364019 0.059456959466484265 0.058654419330869657 -0.011449835878776557 -0.047438588899019418 0.063853440399730121 -0.037105308210986364 0.091029099995706769 0.094907096811790756 -0.03329614813520599 0.059117984256153881 -0.014593753239273456 0.048414826821715058 0.071165206471626469 -0.021691419714153934 0.025065575076983617 -0.014961301456576901 0.084379762820199863 -0.041138448308692892 0.010103185047508501 -0.03260134813351185 0.087769224909660312 -0.0047388634675246651 -0.043336302788996667
leaf_weight=5.2848847452551109 3.8442156389355659 30.328046504408121 14.503159113228319 5.4138173982501021 38.848974507302046 4.0635447762906551 58.468269020318985 11.928088452666996 8.924190014600752 8.0269640255719406 34.117461081594229 6.1087161451578131 45.359556695446372 5.440474331378935 7.1118672490119925 23.453195510432124 3.0482016354799333 53.604976346716285 8.5822006966918689 14.317636404186485 12.01049220189452 13.47531031817198 6.5408039446920148 9.5830398667603713 3.9612489901483059 175.89243724755943 8.9106484763324243 5.9493151791393748 360.88365962170064 3.1664451099932194
leaf_count=117 28 696 148 40 1092 52 1073 76 61 118 793 47 881 52 55 535 19 997 78 93 148 103 123 90 97 1952 158 48 5371 50
internal_value=0.000345691 0.0379979 -0.00103707 -0.00159848 -0.0211894 0.0189985 -0.00052013 0.00794174 -0.00275739 -0.00291489 -0.0206577 -0.00870876 -0.0237506 0.000564625 0.0412989 -0.000590038 0.0101148 0.00558879 -0.0052696 0.0374179 0.0229871 0.00431769 0.0337872 0.0527622 0.00439773 0.000874793 -0.0155314 0.0180855 -0.00353371 0.0422313
internal_weight=991.152 34.1723 956.98 942.476 48.1974 9.34843 894.279 196.75 145.018 697.529 113.554 79.4369 50.7734 583.975 15.1388 568.836 94.2447 85.3205 62.1872 51.7315 37.4139 25.4858 23.1333 16.5925 7.00945 545.383 73.3282 14.86 369.491 8.60692
internal_count=15191 724 14467 14319 1261 169 13058 2806 2386 10252 2119 1326 921 8133 173 7960 1465 1404 1075 420 327 251 329 206 116 7425 1279 206 5473 102
cat_boundaries=0 1 2 3
cat_threshold=2 3 18
is_linear=0
shrinkage=0.05


Tree=66
num_leaves=31
num_cat=1
split_feature=31 20 4 10 11 36 11 13 13 7 2 13 13 13 13 3 2 14 7 14 35 23 0 20 2 14 7 2 13 2
split_gain=13.2179 12.0688 10.7201 13.964 8.07178 7.94788 19.2332 17.5189 16.2657 13.7542 14.6626 12.8838 26.996 16.9735 21.0129 14.4658 13.7259 12.3447 12.1625 11.8327 11.2402 19.4186 11.4888 12.9631 10.7194 12.9001 10.6547 14.3469 20.8026 16.0742
threshold=0.0016877649149993166 18.226976976324455 0.37249102616780821 12.605276995651925 13.935 0 12.425000000000002 0.96811371281429215 0.99296607222989886 53.033041424830067 91.210000000000022 0.98661692455753014 0.98751917835348912 0.9831927070929527 0.98296129027962931 -0.0079591144572286315 91.450000000000017 0.95896613821159049 48.830131502516799 0.60191750796794097 0.00055951882476784566 0.00056030257437802815 0.74130189701214311 0.034408857065838148 90.845000000000013 0.97887122901367929 46.835458669822351 91.395000000000024 0.98683020286433087 92.445000000000007
decision_type=2 10 10 8 2 1 2 2 2 10 10 2 2 2 2 10 10 2 8 2 2 2 2 10 8 2 10 10 2 10
left_child=1 2 4 -4 5 6 8 17 -1 10 -9 13 18 14 15 19 -17 20 -13 -7 22 -22 -8 -24 25 -14 27 28 -12 -29
right_child=-2 -3 3 -5 -6 11 7 9 -10 -11 26 12 24 -15 -16 16 -18 -19 -20 -21 21 -23 23 -25 -26 -27 -28 29 -30 -31
leaf_value=0.010672134321445731 0.041913222557219444 0.050922809408676488 -0.026847026225452725 0.068449209249306267 -0.042552830324377983 0.047044709764094181 -0.033913487309715364 -0.023435621197079801 0.089108776846988702 0.037350032326985541 0.075396288457426519 0.0093797630489011255 -0.046196448660994746 -0.051498010227651381 0.075006395818082008 0.074608654533159499 -0.012678722488165324 0.082618281005229707 0.083735014866942542 -0.018562893857004308 0.10708192011578668 0.011858373931213764 -0.024056205137817088 0.073311508874444917 -0.045475056840291427 0.042207600414843005 -0.010194936389414322 -0.021055507765175237 -0.04338169112687619 0.067012905330161729
leaf_weight=227.94318881165236 17.513376116752625 10.171916443854569 5.0521025732159588 10.761683970689774 11.151502294465898 6.219160594046115 19.646489350125197 148.81413237378001 5.8350785337388507 13.770162662491201 15.339847795665266 9.5629920810461062 5.4139944110065761 25.491563564166427 6.2241875417530528 8.0411554668098706 8.4815339203923923 5.5654414296150199 12.902798540890215 173.25184763967991 5.6131187602877608 29.88680687174201 6.0037387628108245 5.9407531842589378 15.221616918221114 10.698382899165152 116.16031343862414 25.75073375552893 4.0422888938337556 5.4290154166519633
leaf_count=2901 318 184 45 148 269 54 364 2690 41 116 184 94 80 517 69 79 117 24 73 3253 61 439 146 80 375 90 1725 440 78 61
internal_value=6.85897e-05 -0.000742342 -0.00135221 0.0382185 -0.00206663 -0.00152861 0.00160251 -0.00500286 0.0130011 -0.00990887 -0.0120828 -0.00834181 0.0131936 -0.01383 -0.00885158 -0.0118819 0.0316353 0.0170657 0.0538328 -0.0160413 0.0104944 0.029436 -0.0110411 0.0262933 -0.0167076 0.0115388 -0.00187002 0.0170823 0.0497112 -0.00411511
internal_weight=971.901 954.388 944.216 15.8138 928.402 917.25 635.741 401.963 233.778 329.306 315.536 281.509 53.7998 227.709 202.218 195.994 16.5227 72.6563 22.4658 179.471 67.0909 35.4999 31.591 11.9445 31.334 16.1124 166.722 50.5619 19.3821 31.1797
internal_count=15115 14797 14613 193 14420 14151 9350 6408 2942 5294 5178 4801 712 4089 3572 3503 196 1114 167 3307 1090 500 590 226 545 170 2488 763 262 501
cat_boundaries=0 1
cat_threshold=218
is_linear=0
shrinkage=0.05


Tree=67
num_leaves=31
num_cat=1
split_feature=24 5 25 2 11 36 18 18 13 13 14 14 6 35 9 13 2 13 13 13 10 14 9 13 0 35 13 1 7 10
split_gain=16.7731 11.5909 7.52328 11.8184 6.52885 5.46131 9.20408 5.88442 23.898 10.6389 15.8814 10.5927 7.91557 11.0719 7.82152 6.99293 19.9691 16.7986 12.2134 23.3332 13.6924 12.2064 13.511 11.906 12.9331 11.6047 10.6241 17.1439 8.22008 11.6924
threshold=0.049027930214478439 335.40977164589435 0.023772627387239422 93.155000000000015 13.935 0 42.500000000000007 22.500000000000004 0.97267332561658504 0.9624496672506393 0.94831027899112885 0.87080774246073345 39.897269300905215 0.00028078057551858283 12.602847200858154 0.99296607222989886 92.155000000000015 0.99076032007309112 0.98958686557372644 0.98820790978251993 12.596034440122258 0.98141230956929271 12.600321549560741 0.98709033566375848 0.93973875578690558 0.00056030257437802815 0.98676619293158552 81.774799257243018 47.176765420631391 12.485005537731475
decision_type=2 10 2 10 2 1 10 8 2 2 2 2 10 2 10 2 8 2 2 2 8 2 8 2 2 2 2 8 10 10
left_child=2 -2 3 4 5 6 -1 8 -7 11 -11 -9 -13 -14 15 17 -17 18 19 21 -20 23 -23 26 -25 -22 28 -28 -12 -30
right_child=1 -3 -4 -5 -6 7 -8 9 -10 10 14 12 13 -15 -16 16 -18 -19 20 -21 25 22 -24 24 -26 -27 27 -29 29 -31
leaf_value=-0.049650928837612185 0.046358324958871197 -0.031446132224379877 -0.043368005981961825 0.05546650924983404 -0.036263504115825129 0.05337377606888262 0.050512864294234162 0.012342502591219565 -0.027126506804312573 0.060687870857190185 0.007230370321681394 -0.03689819893760652 0.069006185202209594 -0.035076163928526881 -0.026848279862602509 0.059000965862572231 -0.039103707935238735 -0.036533796956638519 0.096792959530170128 -0.050300929818229402 -0.02101157817836884 0.12009193578372711 -0.00032439964921622994 -0.046157997569446912 0.048889744973266709 0.041939277458771178 0.077117682205101082 -0.011386219792750746 0.0048498144938593319 -0.018190208627379054
leaf_weight=13.300629956647752 30.843761879950762 4.9102913141250601 8.5981353316456062 8.8998540677130205 10.894244691357015 21.75698878057301 1.8945327177643783 21.325314201414585 14.687804343178867 10.575680710375307 367.80058447271585 45.238463943824172 3.7957795299589616 4.550573667511344 22.307988228276372 15.804892286658289 6.6847022250294676 26.651277536526322 5.6533404737710944 19.912392335012555 11.671791899949314 3.6819917298853371 4.6254146322608003 20.689456975087527 3.4358738269656888 16.701778648421168 11.324824865907432 9.4327825065702182 129.5244174618274 94.383258139714599
leaf_count=534 755 33 72 101 269 300 11 248 401 126 5292 967 39 91 534 101 125 500 43 425 221 33 76 339 32 156 78 128 1713 1365
internal_value=0.00197516 0.0351082 0.00067313 0.00112781 0.000541422 0.00102273 -0.0215241 0.00165286 0.0210729 0.000821475 0.00255561 -0.0170507 -0.0287602 0.0145774 0.00167983 0.00256538 0.0294175 0.00169364 0.00320162 0.00168287 0.0319795 0.00336335 0.0602149 0.00252817 -0.0312144 0.01621 0.00390603 0.0382244 0.00263965 -0.00489989
internal_weight=971.559 35.7541 935.805 927.207 918.307 907.413 15.1952 892.217 36.4448 855.773 780.862 74.9101 53.5848 8.34635 770.287 747.979 22.4896 725.489 698.838 664.811 34.0269 644.899 8.30741 636.591 24.1253 28.3736 612.466 20.7576 591.708 223.908
internal_count=15108 788 14320 14248 14147 13878 545 13333 701 12632 11287 1345 1097 130 11161 10627 226 10401 9901 9481 420 9056 109 8947 371 377 8576 206 8370 3078
cat_boundaries=0 1
cat_threshold=4
is_linear=0
shrinkage=0.05


Tree=68
num_leaves=31
num_cat=1
split_feature=24 16 20 36 0 21 21 0 2 23 15 18 11 17 7 7 14 15 15 14 11 7 7 7 7 35 9 35 1 14
split_gain=20.4683 13.4899 6.66159 8.37706 9.64156 8.8556 7.43624 7.39105 13.5738 11.6266 9.97866 12.9859 9.92705 13.6296 8.42662 26.1803 8.41574 9.91667 8.57298 13.0095 7.28303 6.96269 26.8912 8.78158 11.6574 7.47966 15.8363 6.77474 10.1744 7.5124
threshold=0.011794515103338635 0.00090217513984232713 12.755856979820175 0 0.84247438619423431 34.45000000000001 34.45000000000001 0.57529823344942266 91.250000000000014 0.00056140351983066346 0.94358811075426174 23.500000000000004 12.345000000000001 10.517377824991829 50.325911600263986 48.926529432275778 0.97136073271255918 0.97005033911332217 0.96192492299632149 0.95862254746452957 12.455000000000002 46.066617748277899 46.291028727951321 45.716860544585877 45.66201487558758 0.00084163278412927793 12.59975712840369 0.0011180992531472035 74.793325515858243 0.95817873819485044
decision_type=2 2 10 1 2 10 8 2 8 2 8 8 2 8 10 10 2 8 10 2 2 8 8 10 8 2 10 2 10 2
left_child=2 -2 3 4 -1 7 -6 20 9 -9 11 -10 -12 -14 15 16 17 18 19 -11 21 23 25 24 -5 26 -23 29 -29 -24
right_child=1 -3 -4 5 6 -7 -8 8 10 14 12 -13 13 -15 -16 -17 -18 -19 -20 -21 -22 22 27 -25 -26 -27 -28 28 -30 -31
leaf_value=-0.047290164459070111 0.044152237614315894 -0.060342435764188795 0.036138504262438247 -0.0028738142670074306 -0.012481042798076528 -0.03927165870959063 0.0680312740236685 -0.035932219555956567 0.086711556702708678 -0.030124250832836957 0.031867298864925661 -0.00046048755194378076 -0.031594455751909493 0.0012388412980704627 -0.048315996391063362 0.06733990688648897 -0.038310613729850007 0.059976648545224366 -0.039879268529942183 0.081367598440798813 0.052765991936505718 -0.010532244595830654 -0.014766806947078385 -0.035184229345111492 0.06753503709572567 0.1072574411169322 0.095072767280608567 0.044697994437944054 -0.0092248487565028299 0.0064306826538224372
leaf_weight=21.940157209523022 36.312554098665714 2.5058885663747779 11.21203989908099 127.85761088877916 15.798778608441355 13.037091646343468 2.4587297830730668 51.604745801538229 6.7201264128088978 4.7517802845686727 20.682297341525555 9.5424698386341316 35.711162300780416 226.90368001721799 8.2606211267411691 11.442394107580183 19.460926786065102 5.2246983088552943 10.972374264150856 3.9382632523775101 6.9163142554461947 7.4185841232538241 53.224511917680502 19.009669495746493 5.159836057573556 6.1822973936796179 5.5102698635309935 22.319830849766731 13.528023740276693 181.48544505797327
leaf_count=799 860 22 79 1509 439 226 14 1045 77 100 148 174 981 3400 123 109 268 57 208 26 71 93 999 281 40 48 58 209 134 2606
internal_value=0.000957192 0.0360606 -0.000547985 -0.00103539 -0.0206886 0.000122378 0.0013312 0.000763059 -0.00403929 -0.0185092 0.00159034 0.0384977 -0.000656273 -0.00332884 -0.00413527 0.00314195 -0.0145417 0.00480678 -0.0120462 0.0235857 0.005207 0.00434478 0.0088821 -0.00430207 0.00034094 0.0646725 0.0380708 0.00471765 0.0246508 0.00158153
internal_weight=967.093 38.8184 928.275 917.063 40.1977 876.865 18.2575 863.828 415.216 115.656 299.56 16.2626 283.297 262.615 64.0511 55.7904 44.348 24.8871 19.6624 8.69004 448.612 441.696 289.669 152.027 133.017 19.1112 12.9289 270.558 35.8479 234.71
internal_count=15203 882 14321 14242 1252 12990 453 12764 6716 1936 4780 251 4529 4381 891 768 659 391 334 126 6048 5977 4147 1830 1549 199 151 3948 343 3605
cat_boundaries=0 1
cat_threshold=260
is_linear=0
shrinkage=0.05


Tree=69
num_leaves=31
num_cat=2
split_feature=24 23 11 13 2 13 9 12 9 13 13 15 36 13 5 3 16 11 13 35 13 14 3 36 13 13 9 14 5 21
split_gain=18.5928 13.1507 6.78264 6.77472 17.669 13.1215 6.8135 16.0735 34.0867 10.8452 7.79172 9.41848 7.56695 8.16299 7.86404 9.48294 8.85017 7.73361 6.66947 20.8762 18.1495 17.3568 13.9352 13.6991 19.6751 37.122 21.2776 30.0313 19.257 14.6117
threshold=0.013434098471603409 0.79627093372925517 13.935 0.99296607222989886 92.155000000000015 0.9916310933903677 12.595609180378494 -0.055069617757231591 12.044284834888371 0.98592062083869625 0.97750908248756285 0.96052275877945659 0 0.98676619293158552 44.488793232193494 -0.011111112582591195 -0.00016171881932068179 12.215000000000002 0.98709033566375848 0.00056030257437802815 0.98676619293158552 0.97914701287347372 -6.7774281785529817 1 0.9831927070929527 0.98296129027962931 12.598767309795985 0.96968131776382671 -0.15042346001737214 34.45000000000001
decision_type=2 2 2 2 8 2 10 2 10 2 2 10 1 2 10 8 2 2 2 2 2 2 8 1 2 2 10 2 8 10
left_child=2 -2 3 5 -5 6 7 8 -1 10 11 -10 13 14 15 -9 -17 -14 20 -20 23 -21 -22 -8 25 26 27 -25 -29 -26
right_child=1 -3 -4 4 -6 -7 18 12 9 -11 -12 -13 17 -15 -16 16 -18 -19 19 21 22 -23 -24 24 29 -27 -28 28 -30 -31
leaf_value=0.090857114806535064 0.047550243760259653 -0.027296861468641156 -0.03926672994609956 0.055953013305515845 -0.034801063648847802 -0.050675564252342702 0.0024500528855684392 -0.016327331175246911 -0.026809324335245785 0.062473210215326085 -0.030075281272154558 0.05076781343269518 0.012632356914726264 -0.024093584522753283 0.072681169959748756 -0.032095791394832554 0.034179390877569445 -0.024527577492829473 -0.044365611988379787 -0.045795440283753562 0.079877469254226008 0.025210608364280684 -0.0072076115597970352 -0.011244574461355711 -0.04936050164348843 0.096362823910009526 -0.020786411258345776 0.14284995501692482 0.011158200577040816 0.054335038064351117
leaf_weight=15.246808614581822 30.446914160624146 6.5210080966353408 10.878282088786362 14.68759858608246 7.3257959010079494 12.593484038487075 374.64798315986991 19.712235689163208 5.9586506504565504 5.5358129367232314 17.140689082443714 8.2227485440671426 18.586695563048124 13.763416543602942 4.8469406031072131 5.0467328503727904 35.096102304756641 49.975613912567496 36.435390180908144 10.684015005826948 10.787592269480227 31.798955500125885 7.2750318888574865 20.328961678780619 44.106861742213368 7.4907848704606286 118.21384062804282 5.8623429499566555 4.9688209239393455 2.8629110120236865
leaf_count=88 806 52 275 107 154 294 5871 221 75 43 180 61 141 227 34 51 389 877 804 208 75 351 96 394 801 68 2162 56 81 27
internal_value=-0.000313656 0.0339763 -0.00172678 -0.00123498 0.0255513 -0.00192764 -0.00116863 0.00693739 0.0305157 0.00381397 -0.00816545 0.0185531 -0.00156816 0.00861508 0.0171449 0.0115273 0.0252697 -0.012605 -0.00356508 -0.0171304 -0.00174482 0.00671083 0.0462643 -0.00332112 -0.0133563 -0.00540197 -0.0111121 0.0250948 0.0884855 -0.0420391
internal_weight=957.049 36.9679 920.081 909.203 22.0134 887.189 874.596 199.132 52.1047 36.8579 31.3221 14.1814 147.028 78.4654 64.702 59.8551 40.1428 68.5623 675.463 78.9184 596.545 42.483 18.0626 578.483 203.835 156.865 149.374 31.1601 10.8312 46.9698
internal_count=15069 858 14211 13936 261 13675 13381 2387 447 359 316 136 1940 922 695 661 440 1018 10994 1363 9631 559 171 9460 3589 2761 2693 531 137 828
cat_boundaries=0 1 2
cat_threshold=329 242
is_linear=0
shrinkage=0.05


end of trees

feature_importances:
tyre_ratio_long=283
tyre_ratio_min_long=236
coolant_max_long=139
lv_min_long=131
lv_rest_long=117
soh_long=111
rpm_resid_sd_max_long=102
dtc_rate_long=96
tyre_ratio_min_short=93
rpm_resid_sd_long=64
dtc_rate_short=63
ignition_share_long=61
tyre_ratio_slope_h=54
coolant_mean_long=50
model_code=49
coolant_resid_slope_h=46
pack_temp_max_long=46
dtc_other_rate_long=46
coolant_resid_short=45
cell_delta_slope_h=43
lv_mean_slope_h=33
coolant_resid_long=32
rpm_resid_sd_short=28
cell_delta_max_long=28
lv_rest_short=23
dtc_ignition_misfire_rate_short=21
cell_delta_long=17
cell_delta_short=16
powertrain=15
dtc_ignition_misfire_rate_long=11
dtc_cooling_failure_rate_long=1

parameters:
[boosting: gbdt]
[objective: binary]
[metric: average_precision,binary_logloss]
[tree_learner: serial]
[device_type: cpu]
[data_sample_strategy: bagging]
[data: ]
[valid: ]
[num_iterations: 2000]
[learning_rate: 0.05]
[num_leaves: 31]
[num_threads: 2]
[seed: 7]
[deterministic: 1]
[force_col_wise: 1]
[force_row_wise: 0]
[histogram_pool_size: -1]
[max_depth: -1]
[min_data_in_leaf: 50]
[min_sum_hessian_in_leaf: 0.001]
[bagging_fraction: 0.8]
[pos_bagging_fraction: 1]
[neg_bagging_fraction: 1]
[bagging_freq: 1]
[bagging_seed: 17422]
[bagging_by_query: 0]
[feature_fraction: 0.9]
[feature_fraction_bynode: 1]
[feature_fraction_seed: 7040]
[extra_trees: 0]
[extra_seed: 6516]
[early_stopping_round: 0]
[early_stopping_min_delta: 0]
[first_metric_only: 0]
[max_delta_step: 0]
[lambda_l1: 0]
[lambda_l2: 1]
[linear_lambda: 0]
[min_gain_to_split: 0]
[drop_rate: 0.1]
[max_drop: 50]
[skip_drop: 0.5]
[xgboost_dart_mode: 0]
[uniform_drop: 0]
[drop_seed: 15215]
[top_rate: 0.2]
[other_rate: 0.1]
[min_data_per_group: 100]
[max_cat_threshold: 32]
[cat_l2: 10]
[cat_smooth: 10]
[max_cat_to_onehot: 4]
[top_k: 20]
[monotone_constraints: ]
[monotone_constraints_method: basic]
[monotone_penalty: 0]
[feature_contri: ]
[forcedsplits_filename: ]
[refit_decay_rate: 0.9]
[cegb_tradeoff: 1]
[cegb_penalty_split: 0]
[cegb_penalty_feature_lazy: ]
[cegb_penalty_feature_coupled: ]
[path_smooth: 0]
[interaction_constraints: ]
[verbosity: -1]
[saved_feature_importance_type: 0]
[use_quantized_grad: 0]
[num_grad_quant_bins: 4]
[quant_train_renew_leaf: 0]
[stochastic_rounding: 1]
[linear_tree: 0]
[max_bin: 255]
[max_bin_by_feature: ]
[min_data_in_bin: 3]
[bin_construct_sample_cnt: 200000]
[data_random_seed: 61]
[is_enable_sparse: 1]
[enable_bundle: 1]
[use_missing: 1]
[zero_as_missing: 0]
[feature_pre_filter: 1]
[pre_partition: 0]
[two_round: 0]
[header: 0]
[label_column: ]
[weight_column: ]
[group_column: ]
[ignore_column: ]
[categorical_feature: 36,37]
[forcedbins_filename: ]
[precise_float_parser: 0]
[parser_config_file: ]
[objective_seed: 15521]
[num_class: 1]
[is_unbalance: 0]
[scale_pos_weight: 1]
[sigmoid: 1]
[boost_from_average: 1]
[reg_sqrt: 0]
[alpha: 0.9]
[fair_c: 1]
[poisson_max_delta_step: 0.7]
[tweedie_variance_power: 1.5]
[lambdarank_truncation_level: 30]
[lambdarank_norm: 1]
[label_gain: ]
[lambdarank_position_bias_regularization: 0]
[eval_at: ]
[multi_error_top_k: 1]
[auc_mu_weights: ]
[num_machines: 1]
[local_listen_port: 12400]
[time_out: 120]
[machine_list_filename: ]
[machines: ]
[gpu_platform_id: -1]
[gpu_device_id: -1]
[gpu_device_id_list: ]
[gpu_use_dp: 0]
[num_gpu: 1]

end of parameters

pandas_categorical:null
